2024-12-25 07:00:20,297 - Content Certificate Generation Utility started (Logging to sb_content_cert.log)
2024-12-25 07:00:20,297 - Parsing config file: cert/cfg/ICVSBContent.cfg
2024-12-25 07:00:20,298 - Parsed config items:
cert-keypair:	cert/key/ICVSBContent.pem
cert-keypair-pwd:	cert/key/ICVSBContent.pwd
load-verify-scheme:	0
crypto-type:	0
aes-ce-id:	0
aes-enc-key:	cert/key/KCEICV.txt
images-table:	cert/Images.txt
nvcounter-val:	1
cert-pkg:	cert/ICVSBContent.crt
2024-12-25 07:00:20,298 - **** Creating Content Certificate ****
2024-12-25 07:00:20,303 - **** Certificate file (context) creation has been completed successfully ****
2024-12-25 07:00:20,586 - Content Certificate Generation Utility started (Logging to sb_content_cert.log)
2024-12-25 07:00:20,586 - Parsing config file: cert/cfg/ICVSBContent.cfg
2024-12-25 07:00:20,586 - Parsed config items:
cert-keypair:	cert/key/ICVSBContent.pem
cert-keypair-pwd:	cert/key/ICVSBContent.pwd
load-verify-scheme:	0
crypto-type:	0
aes-ce-id:	0
aes-enc-key:	cert/key/KCEICV.txt
images-table:	cert/Images.txt
nvcounter-val:	1
cert-pkg:	cert/ICVSBContent.crt
2024-12-25 07:00:20,586 - **** Creating Content Certificate ****
2024-12-25 07:00:20,592 - **** Certificate file (context) creation has been completed successfully ****
2024-12-25 07:00:21,043 - Content Certificate Generation Utility started (Logging to sb_content_cert.log)
2024-12-25 07:00:21,043 - Parsing config file: cert/cfg/ICVSBContent.cfg
2024-12-25 07:00:21,044 - Parsed config items:
cert-keypair:	cert/key/ICVSBContent.pem
cert-keypair-pwd:	cert/key/ICVSBContent.pwd
load-verify-scheme:	0
crypto-type:	0
aes-ce-id:	0
aes-enc-key:	cert/key/KCEICV.txt
images-table:	cert/Images.txt
nvcounter-val:	1
cert-pkg:	cert/ICVSBContent.crt
2024-12-25 07:00:21,044 - **** Creating Content Certificate ****
2024-12-25 07:00:21,050 - **** Certificate file (context) creation has been completed successfully ****
2024-12-25 07:00:21,337 - Content Certificate Generation Utility started (Logging to sb_content_cert.log)
2024-12-25 07:00:21,337 - Parsing config file: cert/cfg/ICVSBContent.cfg
2024-12-25 07:00:21,337 - Parsed config items:
cert-keypair:	cert/key/ICVSBContent.pem
cert-keypair-pwd:	cert/key/ICVSBContent.pwd
load-verify-scheme:	0
crypto-type:	0
aes-ce-id:	0
aes-enc-key:	cert/key/KCEICV.txt
images-table:	cert/Images.txt
nvcounter-val:	1
cert-pkg:	cert/ICVSBContent.crt
2024-12-25 07:00:21,338 - **** Creating Content Certificate ****
2024-12-25 07:00:21,343 - **** Certificate file (context) creation has been completed successfully ****
2024-12-25 07:00:23,618 - Content Certificate Generation Utility started (Logging to sb_content_cert.log)
2024-12-25 07:00:23,618 - Parsing config file: cert/cfg/ICVSBContent.cfg
2024-12-25 07:00:23,618 - Parsed config items:
cert-keypair:	cert/key/ICVSBContent.pem
cert-keypair-pwd:	cert/key/ICVSBContent.pwd
load-verify-scheme:	0
crypto-type:	0
aes-ce-id:	0
aes-enc-key:	cert/key/KCEICV.txt
images-table:	cert/Images.txt
nvcounter-val:	1
cert-pkg:	cert/ICVSBContent.crt
2024-12-25 07:00:23,618 - **** Creating Content Certificate ****
2024-12-25 07:00:23,624 - **** Certificate file (context) creation has been completed successfully ****
2024-12-25 07:00:23,907 - Content Certificate Generation Utility started (Logging to sb_content_cert.log)
2024-12-25 07:00:23,908 - Parsing config file: cert/cfg/ICVSBContent.cfg
2024-12-25 07:00:23,908 - Parsed config items:
cert-keypair:	cert/key/ICVSBContent.pem
cert-keypair-pwd:	cert/key/ICVSBContent.pwd
load-verify-scheme:	0
crypto-type:	0
aes-ce-id:	0
aes-enc-key:	cert/key/KCEICV.txt
images-table:	cert/Images.txt
nvcounter-val:	1
cert-pkg:	cert/ICVSBContent.crt
2024-12-25 07:00:23,908 - **** Creating Content Certificate ****
2024-12-25 07:00:23,913 - **** Certificate file (context) creation has been completed successfully ****
2024-12-25 07:00:24,371 - Content Certificate Generation Utility started (Logging to sb_content_cert.log)
2024-12-25 07:00:24,371 - Parsing config file: cert/cfg/ICVSBContent.cfg
2024-12-25 07:00:24,371 - Parsed config items:
cert-keypair:	cert/key/ICVSBContent.pem
cert-keypair-pwd:	cert/key/ICVSBContent.pwd
load-verify-scheme:	0
crypto-type:	0
aes-ce-id:	0
aes-enc-key:	cert/key/KCEICV.txt
images-table:	cert/Images.txt
nvcounter-val:	1
cert-pkg:	cert/ICVSBContent.crt
2024-12-25 07:00:24,372 - **** Creating Content Certificate ****
2024-12-25 07:00:24,378 - **** Certificate file (context) creation has been completed successfully ****
2024-12-25 07:00:24,661 - Content Certificate Generation Utility started (Logging to sb_content_cert.log)
2024-12-25 07:00:24,661 - Parsing config file: cert/cfg/ICVSBContent.cfg
2024-12-25 07:00:24,661 - Parsed config items:
cert-keypair:	cert/key/ICVSBContent.pem
cert-keypair-pwd:	cert/key/ICVSBContent.pwd
load-verify-scheme:	0
crypto-type:	0
aes-ce-id:	0
aes-enc-key:	cert/key/KCEICV.txt
images-table:	cert/Images.txt
nvcounter-val:	1
cert-pkg:	cert/ICVSBContent.crt
2024-12-25 07:00:24,662 - **** Creating Content Certificate ****
2024-12-25 07:00:24,667 - **** Certificate file (context) creation has been completed successfully ****
2024-12-25 07:02:09,663 - Content Certificate Generation Utility started (Logging to sb_content_cert.log)
2024-12-25 07:02:09,663 - Parsing config file: cert/cfg/ICVSBContent.cfg
2024-12-25 07:02:09,663 - Parsed config items:
cert-keypair:	cert/key/ICVSBContent.pem
cert-keypair-pwd:	cert/key/ICVSBContent.pwd
load-verify-scheme:	0
crypto-type:	0
aes-ce-id:	0
aes-enc-key:	cert/key/KCEICV.txt
images-table:	cert/Images.txt
nvcounter-val:	1
cert-pkg:	cert/ICVSBContent.crt
2024-12-25 07:02:09,664 - **** Creating Content Certificate ****
2024-12-25 07:02:09,669 - **** Certificate file (context) creation has been completed successfully ****
2024-12-25 07:02:09,947 - Content Certificate Generation Utility started (Logging to sb_content_cert.log)
2024-12-25 07:02:09,947 - Parsing config file: cert/cfg/ICVSBContent.cfg
2024-12-25 07:02:09,947 - Parsed config items:
cert-keypair:	cert/key/ICVSBContent.pem
cert-keypair-pwd:	cert/key/ICVSBContent.pwd
load-verify-scheme:	0
crypto-type:	0
aes-ce-id:	0
aes-enc-key:	cert/key/KCEICV.txt
images-table:	cert/Images.txt
nvcounter-val:	1
cert-pkg:	cert/ICVSBContent.crt
2024-12-25 07:02:09,947 - **** Creating Content Certificate ****
2024-12-25 07:02:09,953 - **** Certificate file (context) creation has been completed successfully ****
2024-12-25 07:02:10,405 - Content Certificate Generation Utility started (Logging to sb_content_cert.log)
2024-12-25 07:02:10,405 - Parsing config file: cert/cfg/ICVSBContent.cfg
2024-12-25 07:02:10,405 - Parsed config items:
cert-keypair:	cert/key/ICVSBContent.pem
cert-keypair-pwd:	cert/key/ICVSBContent.pwd
load-verify-scheme:	0
crypto-type:	0
aes-ce-id:	0
aes-enc-key:	cert/key/KCEICV.txt
images-table:	cert/Images.txt
nvcounter-val:	1
cert-pkg:	cert/ICVSBContent.crt
2024-12-25 07:02:10,406 - **** Creating Content Certificate ****
2024-12-25 07:02:10,412 - **** Certificate file (context) creation has been completed successfully ****
2024-12-25 07:02:10,694 - Content Certificate Generation Utility started (Logging to sb_content_cert.log)
2024-12-25 07:02:10,694 - Parsing config file: cert/cfg/ICVSBContent.cfg
2024-12-25 07:02:10,694 - Parsed config items:
cert-keypair:	cert/key/ICVSBContent.pem
cert-keypair-pwd:	cert/key/ICVSBContent.pwd
load-verify-scheme:	0
crypto-type:	0
aes-ce-id:	0
aes-enc-key:	cert/key/KCEICV.txt
images-table:	cert/Images.txt
nvcounter-val:	1
cert-pkg:	cert/ICVSBContent.crt
2024-12-25 07:02:10,695 - **** Creating Content Certificate ****
2024-12-25 07:02:10,700 - **** Certificate file (context) creation has been completed successfully ****
2024-12-25 07:05:54,227 - Content Certificate Generation Utility started (Logging to sb_content_cert.log)
2024-12-25 07:05:54,227 - Parsing config file: cert/cfg/ICVSBContent.cfg
2024-12-25 07:05:54,228 - Parsed config items:
cert-keypair:	cert/key/ICVSBContent.pem
cert-keypair-pwd:	cert/key/ICVSBContent.pwd
load-verify-scheme:	0
crypto-type:	0
aes-ce-id:	0
aes-enc-key:	cert/key/KCEICV.txt
images-table:	cert/Images.txt
nvcounter-val:	1
cert-pkg:	cert/ICVSBContent.crt
2024-12-25 07:05:54,228 - **** Creating Content Certificate ****
2024-12-25 07:05:54,233 - **** Certificate file (context) creation has been completed successfully ****
2024-12-25 07:05:54,513 - Content Certificate Generation Utility started (Logging to sb_content_cert.log)
2024-12-25 07:05:54,513 - Parsing config file: cert/cfg/ICVSBContent.cfg
2024-12-25 07:05:54,513 - Parsed config items:
cert-keypair:	cert/key/ICVSBContent.pem
cert-keypair-pwd:	cert/key/ICVSBContent.pwd
load-verify-scheme:	0
crypto-type:	0
aes-ce-id:	0
aes-enc-key:	cert/key/KCEICV.txt
images-table:	cert/Images.txt
nvcounter-val:	1
cert-pkg:	cert/ICVSBContent.crt
2024-12-25 07:05:54,513 - **** Creating Content Certificate ****
2024-12-25 07:05:54,519 - **** Certificate file (context) creation has been completed successfully ****
2024-12-25 07:05:54,975 - Content Certificate Generation Utility started (Logging to sb_content_cert.log)
2024-12-25 07:05:54,975 - Parsing config file: cert/cfg/ICVSBContent.cfg
2024-12-25 07:05:54,976 - Parsed config items:
cert-keypair:	cert/key/ICVSBContent.pem
cert-keypair-pwd:	cert/key/ICVSBContent.pwd
load-verify-scheme:	0
crypto-type:	0
aes-ce-id:	0
aes-enc-key:	cert/key/KCEICV.txt
images-table:	cert/Images.txt
nvcounter-val:	1
cert-pkg:	cert/ICVSBContent.crt
2024-12-25 07:05:54,976 - **** Creating Content Certificate ****
2024-12-25 07:05:54,982 - **** Certificate file (context) creation has been completed successfully ****
2024-12-25 07:05:55,261 - Content Certificate Generation Utility started (Logging to sb_content_cert.log)
2024-12-25 07:05:55,261 - Parsing config file: cert/cfg/ICVSBContent.cfg
2024-12-25 07:05:55,261 - Parsed config items:
cert-keypair:	cert/key/ICVSBContent.pem
cert-keypair-pwd:	cert/key/ICVSBContent.pwd
load-verify-scheme:	0
crypto-type:	0
aes-ce-id:	0
aes-enc-key:	cert/key/KCEICV.txt
images-table:	cert/Images.txt
nvcounter-val:	1
cert-pkg:	cert/ICVSBContent.crt
2024-12-25 07:05:55,261 - **** Creating Content Certificate ****
2024-12-25 07:05:55,267 - **** Certificate file (context) creation has been completed successfully ****
2024-12-25 07:06:32,496 - Content Certificate Generation Utility started (Logging to sb_content_cert.log)
2024-12-25 07:06:32,496 - Parsing config file: cert/cfg/ICVSBContent.cfg
2024-12-25 07:06:32,496 - Parsed config items:
cert-keypair:	cert/key/ICVSBContent.pem
cert-keypair-pwd:	cert/key/ICVSBContent.pwd
load-verify-scheme:	0
crypto-type:	0
aes-ce-id:	0
aes-enc-key:	cert/key/KCEICV.txt
images-table:	cert/Images.txt
nvcounter-val:	1
cert-pkg:	cert/ICVSBContent.crt
2024-12-25 07:06:32,496 - **** Creating Content Certificate ****
2024-12-25 07:06:32,502 - **** Certificate file (context) creation has been completed successfully ****
2024-12-25 07:06:32,783 - Content Certificate Generation Utility started (Logging to sb_content_cert.log)
2024-12-25 07:06:32,783 - Parsing config file: cert/cfg/ICVSBContent.cfg
2024-12-25 07:06:32,784 - Parsed config items:
cert-keypair:	cert/key/ICVSBContent.pem
cert-keypair-pwd:	cert/key/ICVSBContent.pwd
load-verify-scheme:	0
crypto-type:	0
aes-ce-id:	0
aes-enc-key:	cert/key/KCEICV.txt
images-table:	cert/Images.txt
nvcounter-val:	1
cert-pkg:	cert/ICVSBContent.crt
2024-12-25 07:06:32,784 - **** Creating Content Certificate ****
2024-12-25 07:06:32,789 - **** Certificate file (context) creation has been completed successfully ****
2024-12-25 07:06:33,252 - Content Certificate Generation Utility started (Logging to sb_content_cert.log)
2024-12-25 07:06:33,252 - Parsing config file: cert/cfg/ICVSBContent.cfg
2024-12-25 07:06:33,253 - Parsed config items:
cert-keypair:	cert/key/ICVSBContent.pem
cert-keypair-pwd:	cert/key/ICVSBContent.pwd
load-verify-scheme:	0
crypto-type:	0
aes-ce-id:	0
aes-enc-key:	cert/key/KCEICV.txt
images-table:	cert/Images.txt
nvcounter-val:	1
cert-pkg:	cert/ICVSBContent.crt
2024-12-25 07:06:33,253 - **** Creating Content Certificate ****
2024-12-25 07:06:33,259 - **** Certificate file (context) creation has been completed successfully ****
2024-12-25 07:06:33,536 - Content Certificate Generation Utility started (Logging to sb_content_cert.log)
2024-12-25 07:06:33,536 - Parsing config file: cert/cfg/ICVSBContent.cfg
2024-12-25 07:06:33,537 - Parsed config items:
cert-keypair:	cert/key/ICVSBContent.pem
cert-keypair-pwd:	cert/key/ICVSBContent.pwd
load-verify-scheme:	0
crypto-type:	0
aes-ce-id:	0
aes-enc-key:	cert/key/KCEICV.txt
images-table:	cert/Images.txt
nvcounter-val:	1
cert-pkg:	cert/ICVSBContent.crt
2024-12-25 07:06:33,537 - **** Creating Content Certificate ****
2024-12-25 07:06:33,542 - **** Certificate file (context) creation has been completed successfully ****
2024-12-25 07:07:01,173 - Content Certificate Generation Utility started (Logging to sb_content_cert.log)
2024-12-25 07:07:01,174 - Parsing config file: cert/cfg/ICVSBContent.cfg
2024-12-25 07:07:01,174 - Parsed config items:
cert-keypair:	cert/key/ICVSBContent.pem
cert-keypair-pwd:	cert/key/ICVSBContent.pwd
load-verify-scheme:	0
crypto-type:	0
aes-ce-id:	0
aes-enc-key:	cert/key/KCEICV.txt
images-table:	cert/Images.txt
nvcounter-val:	1
cert-pkg:	cert/ICVSBContent.crt
2024-12-25 07:07:01,174 - **** Creating Content Certificate ****
2024-12-25 07:07:01,179 - **** Certificate file (context) creation has been completed successfully ****
2024-12-25 07:07:01,466 - Content Certificate Generation Utility started (Logging to sb_content_cert.log)
2024-12-25 07:07:01,466 - Parsing config file: cert/cfg/ICVSBContent.cfg
2024-12-25 07:07:01,466 - Parsed config items:
cert-keypair:	cert/key/ICVSBContent.pem
cert-keypair-pwd:	cert/key/ICVSBContent.pwd
load-verify-scheme:	0
crypto-type:	0
aes-ce-id:	0
aes-enc-key:	cert/key/KCEICV.txt
images-table:	cert/Images.txt
nvcounter-val:	1
cert-pkg:	cert/ICVSBContent.crt
2024-12-25 07:07:01,467 - **** Creating Content Certificate ****
2024-12-25 07:07:01,472 - **** Certificate file (context) creation has been completed successfully ****
2024-12-25 07:07:01,931 - Content Certificate Generation Utility started (Logging to sb_content_cert.log)
2024-12-25 07:07:01,931 - Parsing config file: cert/cfg/ICVSBContent.cfg
2024-12-25 07:07:01,931 - Parsed config items:
cert-keypair:	cert/key/ICVSBContent.pem
cert-keypair-pwd:	cert/key/ICVSBContent.pwd
load-verify-scheme:	0
crypto-type:	0
aes-ce-id:	0
aes-enc-key:	cert/key/KCEICV.txt
images-table:	cert/Images.txt
nvcounter-val:	1
cert-pkg:	cert/ICVSBContent.crt
2024-12-25 07:07:01,932 - **** Creating Content Certificate ****
2024-12-25 07:07:01,938 - **** Certificate file (context) creation has been completed successfully ****
2024-12-25 07:07:02,224 - Content Certificate Generation Utility started (Logging to sb_content_cert.log)
2024-12-25 07:07:02,224 - Parsing config file: cert/cfg/ICVSBContent.cfg
2024-12-25 07:07:02,225 - Parsed config items:
cert-keypair:	cert/key/ICVSBContent.pem
cert-keypair-pwd:	cert/key/ICVSBContent.pwd
load-verify-scheme:	0
crypto-type:	0
aes-ce-id:	0
aes-enc-key:	cert/key/KCEICV.txt
images-table:	cert/Images.txt
nvcounter-val:	1
cert-pkg:	cert/ICVSBContent.crt
2024-12-25 07:07:02,225 - **** Creating Content Certificate ****
2024-12-25 07:07:02,230 - **** Certificate file (context) creation has been completed successfully ****
2024-12-25 07:07:32,936 - Content Certificate Generation Utility started (Logging to sb_content_cert.log)
2024-12-25 07:07:32,936 - Parsing config file: cert/cfg/ICVSBContent.cfg
2024-12-25 07:07:32,937 - Parsed config items:
cert-keypair:	cert/key/ICVSBContent.pem
cert-keypair-pwd:	cert/key/ICVSBContent.pwd
load-verify-scheme:	0
crypto-type:	0
aes-ce-id:	0
aes-enc-key:	cert/key/KCEICV.txt
images-table:	cert/Images.txt
nvcounter-val:	1
cert-pkg:	cert/ICVSBContent.crt
2024-12-25 07:07:32,937 - **** Creating Content Certificate ****
2024-12-25 07:07:32,942 - **** Certificate file (context) creation has been completed successfully ****
2024-12-25 07:07:33,221 - Content Certificate Generation Utility started (Logging to sb_content_cert.log)
2024-12-25 07:07:33,221 - Parsing config file: cert/cfg/ICVSBContent.cfg
2024-12-25 07:07:33,221 - Parsed config items:
cert-keypair:	cert/key/ICVSBContent.pem
cert-keypair-pwd:	cert/key/ICVSBContent.pwd
load-verify-scheme:	0
crypto-type:	0
aes-ce-id:	0
aes-enc-key:	cert/key/KCEICV.txt
images-table:	cert/Images.txt
nvcounter-val:	1
cert-pkg:	cert/ICVSBContent.crt
2024-12-25 07:07:33,222 - **** Creating Content Certificate ****
2024-12-25 07:07:33,227 - **** Certificate file (context) creation has been completed successfully ****
2024-12-25 07:07:33,685 - Content Certificate Generation Utility started (Logging to sb_content_cert.log)
2024-12-25 07:07:33,685 - Parsing config file: cert/cfg/ICVSBContent.cfg
2024-12-25 07:07:33,685 - Parsed config items:
cert-keypair:	cert/key/ICVSBContent.pem
cert-keypair-pwd:	cert/key/ICVSBContent.pwd
load-verify-scheme:	0
crypto-type:	0
aes-ce-id:	0
aes-enc-key:	cert/key/KCEICV.txt
images-table:	cert/Images.txt
nvcounter-val:	1
cert-pkg:	cert/ICVSBContent.crt
2024-12-25 07:07:33,686 - **** Creating Content Certificate ****
2024-12-25 07:07:33,692 - **** Certificate file (context) creation has been completed successfully ****
2024-12-25 07:07:33,974 - Content Certificate Generation Utility started (Logging to sb_content_cert.log)
2024-12-25 07:07:33,974 - Parsing config file: cert/cfg/ICVSBContent.cfg
2024-12-25 07:07:33,975 - Parsed config items:
cert-keypair:	cert/key/ICVSBContent.pem
cert-keypair-pwd:	cert/key/ICVSBContent.pwd
load-verify-scheme:	0
crypto-type:	0
aes-ce-id:	0
aes-enc-key:	cert/key/KCEICV.txt
images-table:	cert/Images.txt
nvcounter-val:	1
cert-pkg:	cert/ICVSBContent.crt
2024-12-25 07:07:33,975 - **** Creating Content Certificate ****
2024-12-25 07:07:33,980 - **** Certificate file (context) creation has been completed successfully ****
2024-12-25 07:08:41,691 - Content Certificate Generation Utility started (Logging to sb_content_cert.log)
2024-12-25 07:08:41,692 - Parsing config file: cert/cfg/ICVSBContent.cfg
2024-12-25 07:08:41,692 - Parsed config items:
cert-keypair:	cert/key/ICVSBContent.pem
cert-keypair-pwd:	cert/key/ICVSBContent.pwd
load-verify-scheme:	0
crypto-type:	0
aes-ce-id:	0
aes-enc-key:	cert/key/KCEICV.txt
images-table:	cert/Images.txt
nvcounter-val:	1
cert-pkg:	cert/ICVSBContent.crt
2024-12-25 07:08:41,692 - **** Creating Content Certificate ****
2024-12-25 07:08:41,697 - **** Certificate file (context) creation has been completed successfully ****
2024-12-25 07:08:41,980 - Content Certificate Generation Utility started (Logging to sb_content_cert.log)
2024-12-25 07:08:41,980 - Parsing config file: cert/cfg/ICVSBContent.cfg
2024-12-25 07:08:41,981 - Parsed config items:
cert-keypair:	cert/key/ICVSBContent.pem
cert-keypair-pwd:	cert/key/ICVSBContent.pwd
load-verify-scheme:	0
crypto-type:	0
aes-ce-id:	0
aes-enc-key:	cert/key/KCEICV.txt
images-table:	cert/Images.txt
nvcounter-val:	1
cert-pkg:	cert/ICVSBContent.crt
2024-12-25 07:08:41,981 - **** Creating Content Certificate ****
2024-12-25 07:08:41,986 - **** Certificate file (context) creation has been completed successfully ****
2024-12-25 07:08:42,462 - Content Certificate Generation Utility started (Logging to sb_content_cert.log)
2024-12-25 07:08:42,462 - Parsing config file: cert/cfg/ICVSBContent.cfg
2024-12-25 07:08:42,462 - Parsed config items:
cert-keypair:	cert/key/ICVSBContent.pem
cert-keypair-pwd:	cert/key/ICVSBContent.pwd
load-verify-scheme:	0
crypto-type:	0
aes-ce-id:	0
aes-enc-key:	cert/key/KCEICV.txt
images-table:	cert/Images.txt
nvcounter-val:	1
cert-pkg:	cert/ICVSBContent.crt
2024-12-25 07:08:42,463 - **** Creating Content Certificate ****
2024-12-25 07:08:42,469 - **** Certificate file (context) creation has been completed successfully ****
2024-12-25 07:08:42,751 - Content Certificate Generation Utility started (Logging to sb_content_cert.log)
2024-12-25 07:08:42,752 - Parsing config file: cert/cfg/ICVSBContent.cfg
2024-12-25 07:08:42,752 - Parsed config items:
cert-keypair:	cert/key/ICVSBContent.pem
cert-keypair-pwd:	cert/key/ICVSBContent.pwd
load-verify-scheme:	0
crypto-type:	0
aes-ce-id:	0
aes-enc-key:	cert/key/KCEICV.txt
images-table:	cert/Images.txt
nvcounter-val:	1
cert-pkg:	cert/ICVSBContent.crt
2024-12-25 07:08:42,752 - **** Creating Content Certificate ****
2024-12-25 07:08:42,757 - **** Certificate file (context) creation has been completed successfully ****
2024-12-25 07:09:47,641 - Content Certificate Generation Utility started (Logging to sb_content_cert.log)
2024-12-25 07:09:47,642 - Parsing config file: cert/cfg/ICVSBContent.cfg
2024-12-25 07:09:47,642 - Parsed config items:
cert-keypair:	cert/key/ICVSBContent.pem
cert-keypair-pwd:	cert/key/ICVSBContent.pwd
load-verify-scheme:	0
crypto-type:	0
aes-ce-id:	0
aes-enc-key:	cert/key/KCEICV.txt
images-table:	cert/Images.txt
nvcounter-val:	1
cert-pkg:	cert/ICVSBContent.crt
2024-12-25 07:09:47,642 - **** Creating Content Certificate ****
2024-12-25 07:09:47,647 - **** Certificate file (context) creation has been completed successfully ****
2024-12-25 07:09:47,930 - Content Certificate Generation Utility started (Logging to sb_content_cert.log)
2024-12-25 07:09:47,930 - Parsing config file: cert/cfg/ICVSBContent.cfg
2024-12-25 07:09:47,930 - Parsed config items:
cert-keypair:	cert/key/ICVSBContent.pem
cert-keypair-pwd:	cert/key/ICVSBContent.pwd
load-verify-scheme:	0
crypto-type:	0
aes-ce-id:	0
aes-enc-key:	cert/key/KCEICV.txt
images-table:	cert/Images.txt
nvcounter-val:	1
cert-pkg:	cert/ICVSBContent.crt
2024-12-25 07:09:47,931 - **** Creating Content Certificate ****
2024-12-25 07:09:47,936 - **** Certificate file (context) creation has been completed successfully ****
2024-12-25 07:09:48,403 - Content Certificate Generation Utility started (Logging to sb_content_cert.log)
2024-12-25 07:09:48,403 - Parsing config file: cert/cfg/ICVSBContent.cfg
2024-12-25 07:09:48,403 - Parsed config items:
cert-keypair:	cert/key/ICVSBContent.pem
cert-keypair-pwd:	cert/key/ICVSBContent.pwd
load-verify-scheme:	0
crypto-type:	0
aes-ce-id:	0
aes-enc-key:	cert/key/KCEICV.txt
images-table:	cert/Images.txt
nvcounter-val:	1
cert-pkg:	cert/ICVSBContent.crt
2024-12-25 07:09:48,404 - **** Creating Content Certificate ****
2024-12-25 07:09:48,410 - **** Certificate file (context) creation has been completed successfully ****
2024-12-25 07:09:48,693 - Content Certificate Generation Utility started (Logging to sb_content_cert.log)
2024-12-25 07:09:48,694 - Parsing config file: cert/cfg/ICVSBContent.cfg
2024-12-25 07:09:48,694 - Parsed config items:
cert-keypair:	cert/key/ICVSBContent.pem
cert-keypair-pwd:	cert/key/ICVSBContent.pwd
load-verify-scheme:	0
crypto-type:	0
aes-ce-id:	0
aes-enc-key:	cert/key/KCEICV.txt
images-table:	cert/Images.txt
nvcounter-val:	1
cert-pkg:	cert/ICVSBContent.crt
2024-12-25 07:09:48,694 - **** Creating Content Certificate ****
2024-12-25 07:09:48,699 - **** Certificate file (context) creation has been completed successfully ****
2024-12-25 07:10:03,164 - Content Certificate Generation Utility started (Logging to sb_content_cert.log)
2024-12-25 07:10:03,164 - Parsing config file: cert/cfg/ICVSBContent.cfg
2024-12-25 07:10:03,165 - Parsed config items:
cert-keypair:	cert/key/ICVSBContent.pem
cert-keypair-pwd:	cert/key/ICVSBContent.pwd
load-verify-scheme:	0
crypto-type:	0
aes-ce-id:	0
aes-enc-key:	cert/key/KCEICV.txt
images-table:	cert/Images.txt
nvcounter-val:	1
cert-pkg:	cert/ICVSBContent.crt
2024-12-25 07:10:03,165 - **** Creating Content Certificate ****
2024-12-25 07:10:03,170 - **** Certificate file (context) creation has been completed successfully ****
2024-12-25 07:10:03,454 - Content Certificate Generation Utility started (Logging to sb_content_cert.log)
2024-12-25 07:10:03,454 - Parsing config file: cert/cfg/ICVSBContent.cfg
2024-12-25 07:10:03,454 - Parsed config items:
cert-keypair:	cert/key/ICVSBContent.pem
cert-keypair-pwd:	cert/key/ICVSBContent.pwd
load-verify-scheme:	0
crypto-type:	0
aes-ce-id:	0
aes-enc-key:	cert/key/KCEICV.txt
images-table:	cert/Images.txt
nvcounter-val:	1
cert-pkg:	cert/ICVSBContent.crt
2024-12-25 07:10:03,454 - **** Creating Content Certificate ****
2024-12-25 07:10:03,459 - **** Certificate file (context) creation has been completed successfully ****
2024-12-25 07:10:03,902 - Content Certificate Generation Utility started (Logging to sb_content_cert.log)
2024-12-25 07:10:03,902 - Parsing config file: cert/cfg/ICVSBContent.cfg
2024-12-25 07:10:03,902 - Parsed config items:
cert-keypair:	cert/key/ICVSBContent.pem
cert-keypair-pwd:	cert/key/ICVSBContent.pwd
load-verify-scheme:	0
crypto-type:	0
aes-ce-id:	0
aes-enc-key:	cert/key/KCEICV.txt
images-table:	cert/Images.txt
nvcounter-val:	1
cert-pkg:	cert/ICVSBContent.crt
2024-12-25 07:10:03,903 - **** Creating Content Certificate ****
2024-12-25 07:10:03,909 - **** Certificate file (context) creation has been completed successfully ****
2024-12-25 07:10:04,194 - Content Certificate Generation Utility started (Logging to sb_content_cert.log)
2024-12-25 07:10:04,194 - Parsing config file: cert/cfg/ICVSBContent.cfg
2024-12-25 07:10:04,194 - Parsed config items:
cert-keypair:	cert/key/ICVSBContent.pem
cert-keypair-pwd:	cert/key/ICVSBContent.pwd
load-verify-scheme:	0
crypto-type:	0
aes-ce-id:	0
aes-enc-key:	cert/key/KCEICV.txt
images-table:	cert/Images.txt
nvcounter-val:	1
cert-pkg:	cert/ICVSBContent.crt
2024-12-25 07:10:04,194 - **** Creating Content Certificate ****
2024-12-25 07:10:04,200 - **** Certificate file (context) creation has been completed successfully ****
2024-12-25 07:11:39,405 - Content Certificate Generation Utility started (Logging to sb_content_cert.log)
2024-12-25 07:11:39,405 - Parsing config file: cert/cfg/ICVSBContent.cfg
2024-12-25 07:11:39,405 - Parsed config items:
cert-keypair:	cert/key/ICVSBContent.pem
cert-keypair-pwd:	cert/key/ICVSBContent.pwd
load-verify-scheme:	0
crypto-type:	0
aes-ce-id:	0
aes-enc-key:	cert/key/KCEICV.txt
images-table:	cert/Images.txt
nvcounter-val:	1
cert-pkg:	cert/ICVSBContent.crt
2024-12-25 07:11:39,405 - **** Creating Content Certificate ****
2024-12-25 07:11:39,411 - **** Certificate file (context) creation has been completed successfully ****
2024-12-25 07:11:39,688 - Content Certificate Generation Utility started (Logging to sb_content_cert.log)
2024-12-25 07:11:39,688 - Parsing config file: cert/cfg/ICVSBContent.cfg
2024-12-25 07:11:39,688 - Parsed config items:
cert-keypair:	cert/key/ICVSBContent.pem
cert-keypair-pwd:	cert/key/ICVSBContent.pwd
load-verify-scheme:	0
crypto-type:	0
aes-ce-id:	0
aes-enc-key:	cert/key/KCEICV.txt
images-table:	cert/Images.txt
nvcounter-val:	1
cert-pkg:	cert/ICVSBContent.crt
2024-12-25 07:11:39,689 - **** Creating Content Certificate ****
2024-12-25 07:11:39,694 - **** Certificate file (context) creation has been completed successfully ****
2024-12-25 07:11:40,161 - Content Certificate Generation Utility started (Logging to sb_content_cert.log)
2024-12-25 07:11:40,161 - Parsing config file: cert/cfg/ICVSBContent.cfg
2024-12-25 07:11:40,162 - Parsed config items:
cert-keypair:	cert/key/ICVSBContent.pem
cert-keypair-pwd:	cert/key/ICVSBContent.pwd
load-verify-scheme:	0
crypto-type:	0
aes-ce-id:	0
aes-enc-key:	cert/key/KCEICV.txt
images-table:	cert/Images.txt
nvcounter-val:	1
cert-pkg:	cert/ICVSBContent.crt
2024-12-25 07:11:40,162 - **** Creating Content Certificate ****
2024-12-25 07:11:40,168 - **** Certificate file (context) creation has been completed successfully ****
2024-12-25 07:11:40,447 - Content Certificate Generation Utility started (Logging to sb_content_cert.log)
2024-12-25 07:11:40,447 - Parsing config file: cert/cfg/ICVSBContent.cfg
2024-12-25 07:11:40,447 - Parsed config items:
cert-keypair:	cert/key/ICVSBContent.pem
cert-keypair-pwd:	cert/key/ICVSBContent.pwd
load-verify-scheme:	0
crypto-type:	0
aes-ce-id:	0
aes-enc-key:	cert/key/KCEICV.txt
images-table:	cert/Images.txt
nvcounter-val:	1
cert-pkg:	cert/ICVSBContent.crt
2024-12-25 07:11:40,448 - **** Creating Content Certificate ****
2024-12-25 07:11:40,453 - **** Certificate file (context) creation has been completed successfully ****
2024-12-25 07:12:49,555 - Content Certificate Generation Utility started (Logging to sb_content_cert.log)
2024-12-25 07:12:49,556 - Parsing config file: cert/cfg/ICVSBContent.cfg
2024-12-25 07:12:49,556 - Parsed config items:
cert-keypair:	cert/key/ICVSBContent.pem
cert-keypair-pwd:	cert/key/ICVSBContent.pwd
load-verify-scheme:	0
crypto-type:	0
aes-ce-id:	0
aes-enc-key:	cert/key/KCEICV.txt
images-table:	cert/Images.txt
nvcounter-val:	1
cert-pkg:	cert/ICVSBContent.crt
2024-12-25 07:12:49,556 - **** Creating Content Certificate ****
2024-12-25 07:12:49,561 - **** Certificate file (context) creation has been completed successfully ****
2024-12-25 07:12:49,843 - Content Certificate Generation Utility started (Logging to sb_content_cert.log)
2024-12-25 07:12:49,843 - Parsing config file: cert/cfg/ICVSBContent.cfg
2024-12-25 07:12:49,843 - Parsed config items:
cert-keypair:	cert/key/ICVSBContent.pem
cert-keypair-pwd:	cert/key/ICVSBContent.pwd
load-verify-scheme:	0
crypto-type:	0
aes-ce-id:	0
aes-enc-key:	cert/key/KCEICV.txt
images-table:	cert/Images.txt
nvcounter-val:	1
cert-pkg:	cert/ICVSBContent.crt
2024-12-25 07:12:49,843 - **** Creating Content Certificate ****
2024-12-25 07:12:49,848 - **** Certificate file (context) creation has been completed successfully ****
2024-12-25 07:12:50,302 - Content Certificate Generation Utility started (Logging to sb_content_cert.log)
2024-12-25 07:12:50,302 - Parsing config file: cert/cfg/ICVSBContent.cfg
2024-12-25 07:12:50,302 - Parsed config items:
cert-keypair:	cert/key/ICVSBContent.pem
cert-keypair-pwd:	cert/key/ICVSBContent.pwd
load-verify-scheme:	0
crypto-type:	0
aes-ce-id:	0
aes-enc-key:	cert/key/KCEICV.txt
images-table:	cert/Images.txt
nvcounter-val:	1
cert-pkg:	cert/ICVSBContent.crt
2024-12-25 07:12:50,303 - **** Creating Content Certificate ****
2024-12-25 07:12:50,309 - **** Certificate file (context) creation has been completed successfully ****
2024-12-25 07:12:50,590 - Content Certificate Generation Utility started (Logging to sb_content_cert.log)
2024-12-25 07:12:50,590 - Parsing config file: cert/cfg/ICVSBContent.cfg
2024-12-25 07:12:50,591 - Parsed config items:
cert-keypair:	cert/key/ICVSBContent.pem
cert-keypair-pwd:	cert/key/ICVSBContent.pwd
load-verify-scheme:	0
crypto-type:	0
aes-ce-id:	0
aes-enc-key:	cert/key/KCEICV.txt
images-table:	cert/Images.txt
nvcounter-val:	1
cert-pkg:	cert/ICVSBContent.crt
2024-12-25 07:12:50,591 - **** Creating Content Certificate ****
2024-12-25 07:12:50,596 - **** Certificate file (context) creation has been completed successfully ****
2024-12-25 07:13:09,316 - Content Certificate Generation Utility started (Logging to sb_content_cert.log)
2024-12-25 07:13:09,316 - Parsing config file: cert/cfg/ICVSBContent.cfg
2024-12-25 07:13:09,316 - Parsed config items:
cert-keypair:	cert/key/ICVSBContent.pem
cert-keypair-pwd:	cert/key/ICVSBContent.pwd
load-verify-scheme:	0
crypto-type:	0
aes-ce-id:	0
aes-enc-key:	cert/key/KCEICV.txt
images-table:	cert/Images.txt
nvcounter-val:	1
cert-pkg:	cert/ICVSBContent.crt
2024-12-25 07:13:09,317 - **** Creating Content Certificate ****
2024-12-25 07:13:09,322 - **** Certificate file (context) creation has been completed successfully ****
2024-12-25 07:13:09,606 - Content Certificate Generation Utility started (Logging to sb_content_cert.log)
2024-12-25 07:13:09,606 - Parsing config file: cert/cfg/ICVSBContent.cfg
2024-12-25 07:13:09,606 - Parsed config items:
cert-keypair:	cert/key/ICVSBContent.pem
cert-keypair-pwd:	cert/key/ICVSBContent.pwd
load-verify-scheme:	0
crypto-type:	0
aes-ce-id:	0
aes-enc-key:	cert/key/KCEICV.txt
images-table:	cert/Images.txt
nvcounter-val:	1
cert-pkg:	cert/ICVSBContent.crt
2024-12-25 07:13:09,606 - **** Creating Content Certificate ****
2024-12-25 07:13:09,612 - **** Certificate file (context) creation has been completed successfully ****
2024-12-25 07:13:10,044 - Content Certificate Generation Utility started (Logging to sb_content_cert.log)
2024-12-25 07:13:10,045 - Parsing config file: cert/cfg/ICVSBContent.cfg
2024-12-25 07:13:10,045 - Parsed config items:
cert-keypair:	cert/key/ICVSBContent.pem
cert-keypair-pwd:	cert/key/ICVSBContent.pwd
load-verify-scheme:	0
crypto-type:	0
aes-ce-id:	0
aes-enc-key:	cert/key/KCEICV.txt
images-table:	cert/Images.txt
nvcounter-val:	1
cert-pkg:	cert/ICVSBContent.crt
2024-12-25 07:13:10,045 - **** Creating Content Certificate ****
2024-12-25 07:13:10,051 - **** Certificate file (context) creation has been completed successfully ****
2024-12-25 07:13:10,334 - Content Certificate Generation Utility started (Logging to sb_content_cert.log)
2024-12-25 07:13:10,334 - Parsing config file: cert/cfg/ICVSBContent.cfg
2024-12-25 07:13:10,334 - Parsed config items:
cert-keypair:	cert/key/ICVSBContent.pem
cert-keypair-pwd:	cert/key/ICVSBContent.pwd
load-verify-scheme:	0
crypto-type:	0
aes-ce-id:	0
aes-enc-key:	cert/key/KCEICV.txt
images-table:	cert/Images.txt
nvcounter-val:	1
cert-pkg:	cert/ICVSBContent.crt
2024-12-25 07:13:10,335 - **** Creating Content Certificate ****
2024-12-25 07:13:10,340 - **** Certificate file (context) creation has been completed successfully ****
2024-12-25 07:13:47,725 - Content Certificate Generation Utility started (Logging to sb_content_cert.log)
2024-12-25 07:13:47,726 - Parsing config file: cert/cfg/ICVSBContent.cfg
2024-12-25 07:13:47,726 - Parsed config items:
cert-keypair:	cert/key/ICVSBContent.pem
cert-keypair-pwd:	cert/key/ICVSBContent.pwd
load-verify-scheme:	0
crypto-type:	0
aes-ce-id:	0
aes-enc-key:	cert/key/KCEICV.txt
images-table:	cert/Images.txt
nvcounter-val:	1
cert-pkg:	cert/ICVSBContent.crt
2024-12-25 07:13:47,726 - **** Creating Content Certificate ****
2024-12-25 07:13:47,731 - **** Certificate file (context) creation has been completed successfully ****
2024-12-25 07:13:48,006 - Content Certificate Generation Utility started (Logging to sb_content_cert.log)
2024-12-25 07:13:48,006 - Parsing config file: cert/cfg/ICVSBContent.cfg
2024-12-25 07:13:48,007 - Parsed config items:
cert-keypair:	cert/key/ICVSBContent.pem
cert-keypair-pwd:	cert/key/ICVSBContent.pwd
load-verify-scheme:	0
crypto-type:	0
aes-ce-id:	0
aes-enc-key:	cert/key/KCEICV.txt
images-table:	cert/Images.txt
nvcounter-val:	1
cert-pkg:	cert/ICVSBContent.crt
2024-12-25 07:13:48,007 - **** Creating Content Certificate ****
2024-12-25 07:13:48,012 - **** Certificate file (context) creation has been completed successfully ****
2024-12-25 07:13:48,450 - Content Certificate Generation Utility started (Logging to sb_content_cert.log)
2024-12-25 07:13:48,451 - Parsing config file: cert/cfg/ICVSBContent.cfg
2024-12-25 07:13:48,451 - Parsed config items:
cert-keypair:	cert/key/ICVSBContent.pem
cert-keypair-pwd:	cert/key/ICVSBContent.pwd
load-verify-scheme:	0
crypto-type:	0
aes-ce-id:	0
aes-enc-key:	cert/key/KCEICV.txt
images-table:	cert/Images.txt
nvcounter-val:	1
cert-pkg:	cert/ICVSBContent.crt
2024-12-25 07:13:48,451 - **** Creating Content Certificate ****
2024-12-25 07:13:48,457 - **** Certificate file (context) creation has been completed successfully ****
2024-12-25 07:13:48,738 - Content Certificate Generation Utility started (Logging to sb_content_cert.log)
2024-12-25 07:13:48,738 - Parsing config file: cert/cfg/ICVSBContent.cfg
2024-12-25 07:13:48,738 - Parsed config items:
cert-keypair:	cert/key/ICVSBContent.pem
cert-keypair-pwd:	cert/key/ICVSBContent.pwd
load-verify-scheme:	0
crypto-type:	0
aes-ce-id:	0
aes-enc-key:	cert/key/KCEICV.txt
images-table:	cert/Images.txt
nvcounter-val:	1
cert-pkg:	cert/ICVSBContent.crt
2024-12-25 07:13:48,739 - **** Creating Content Certificate ****
2024-12-25 07:13:48,744 - **** Certificate file (context) creation has been completed successfully ****
2024-12-25 07:14:09,272 - Content Certificate Generation Utility started (Logging to sb_content_cert.log)
2024-12-25 07:14:09,273 - Parsing config file: cert/cfg/ICVSBContent.cfg
2024-12-25 07:14:09,273 - Parsed config items:
cert-keypair:	cert/key/ICVSBContent.pem
cert-keypair-pwd:	cert/key/ICVSBContent.pwd
load-verify-scheme:	0
crypto-type:	0
aes-ce-id:	0
aes-enc-key:	cert/key/KCEICV.txt
images-table:	cert/Images.txt
nvcounter-val:	1
cert-pkg:	cert/ICVSBContent.crt
2024-12-25 07:14:09,273 - **** Creating Content Certificate ****
2024-12-25 07:14:09,278 - **** Certificate file (context) creation has been completed successfully ****
2024-12-25 07:14:09,557 - Content Certificate Generation Utility started (Logging to sb_content_cert.log)
2024-12-25 07:14:09,557 - Parsing config file: cert/cfg/ICVSBContent.cfg
2024-12-25 07:14:09,558 - Parsed config items:
cert-keypair:	cert/key/ICVSBContent.pem
cert-keypair-pwd:	cert/key/ICVSBContent.pwd
load-verify-scheme:	0
crypto-type:	0
aes-ce-id:	0
aes-enc-key:	cert/key/KCEICV.txt
images-table:	cert/Images.txt
nvcounter-val:	1
cert-pkg:	cert/ICVSBContent.crt
2024-12-25 07:14:09,558 - **** Creating Content Certificate ****
2024-12-25 07:14:09,563 - **** Certificate file (context) creation has been completed successfully ****
2024-12-25 07:14:10,018 - Content Certificate Generation Utility started (Logging to sb_content_cert.log)
2024-12-25 07:14:10,018 - Parsing config file: cert/cfg/ICVSBContent.cfg
2024-12-25 07:14:10,019 - Parsed config items:
cert-keypair:	cert/key/ICVSBContent.pem
cert-keypair-pwd:	cert/key/ICVSBContent.pwd
load-verify-scheme:	0
crypto-type:	0
aes-ce-id:	0
aes-enc-key:	cert/key/KCEICV.txt
images-table:	cert/Images.txt
nvcounter-val:	1
cert-pkg:	cert/ICVSBContent.crt
2024-12-25 07:14:10,019 - **** Creating Content Certificate ****
2024-12-25 07:14:10,025 - **** Certificate file (context) creation has been completed successfully ****
2024-12-25 07:14:10,307 - Content Certificate Generation Utility started (Logging to sb_content_cert.log)
2024-12-25 07:14:10,308 - Parsing config file: cert/cfg/ICVSBContent.cfg
2024-12-25 07:14:10,308 - Parsed config items:
cert-keypair:	cert/key/ICVSBContent.pem
cert-keypair-pwd:	cert/key/ICVSBContent.pwd
load-verify-scheme:	0
crypto-type:	0
aes-ce-id:	0
aes-enc-key:	cert/key/KCEICV.txt
images-table:	cert/Images.txt
nvcounter-val:	1
cert-pkg:	cert/ICVSBContent.crt
2024-12-25 07:14:10,308 - **** Creating Content Certificate ****
2024-12-25 07:14:10,313 - **** Certificate file (context) creation has been completed successfully ****
2024-12-25 07:14:54,440 - Content Certificate Generation Utility started (Logging to sb_content_cert.log)
2024-12-25 07:14:54,441 - Parsing config file: cert/cfg/ICVSBContent.cfg
2024-12-25 07:14:54,441 - Parsed config items:
cert-keypair:	cert/key/ICVSBContent.pem
cert-keypair-pwd:	cert/key/ICVSBContent.pwd
load-verify-scheme:	0
crypto-type:	0
aes-ce-id:	0
aes-enc-key:	cert/key/KCEICV.txt
images-table:	cert/Images.txt
nvcounter-val:	1
cert-pkg:	cert/ICVSBContent.crt
2024-12-25 07:14:54,441 - **** Creating Content Certificate ****
2024-12-25 07:14:54,446 - **** Certificate file (context) creation has been completed successfully ****
2024-12-25 07:14:54,722 - Content Certificate Generation Utility started (Logging to sb_content_cert.log)
2024-12-25 07:14:54,722 - Parsing config file: cert/cfg/ICVSBContent.cfg
2024-12-25 07:14:54,722 - Parsed config items:
cert-keypair:	cert/key/ICVSBContent.pem
cert-keypair-pwd:	cert/key/ICVSBContent.pwd
load-verify-scheme:	0
crypto-type:	0
aes-ce-id:	0
aes-enc-key:	cert/key/KCEICV.txt
images-table:	cert/Images.txt
nvcounter-val:	1
cert-pkg:	cert/ICVSBContent.crt
2024-12-25 07:14:54,723 - **** Creating Content Certificate ****
2024-12-25 07:14:54,728 - **** Certificate file (context) creation has been completed successfully ****
2024-12-25 07:14:55,173 - Content Certificate Generation Utility started (Logging to sb_content_cert.log)
2024-12-25 07:14:55,173 - Parsing config file: cert/cfg/ICVSBContent.cfg
2024-12-25 07:14:55,174 - Parsed config items:
cert-keypair:	cert/key/ICVSBContent.pem
cert-keypair-pwd:	cert/key/ICVSBContent.pwd
load-verify-scheme:	0
crypto-type:	0
aes-ce-id:	0
aes-enc-key:	cert/key/KCEICV.txt
images-table:	cert/Images.txt
nvcounter-val:	1
cert-pkg:	cert/ICVSBContent.crt
2024-12-25 07:14:55,174 - **** Creating Content Certificate ****
2024-12-25 07:14:55,180 - **** Certificate file (context) creation has been completed successfully ****
2024-12-25 07:14:55,462 - Content Certificate Generation Utility started (Logging to sb_content_cert.log)
2024-12-25 07:14:55,462 - Parsing config file: cert/cfg/ICVSBContent.cfg
2024-12-25 07:14:55,462 - Parsed config items:
cert-keypair:	cert/key/ICVSBContent.pem
cert-keypair-pwd:	cert/key/ICVSBContent.pwd
load-verify-scheme:	0
crypto-type:	0
aes-ce-id:	0
aes-enc-key:	cert/key/KCEICV.txt
images-table:	cert/Images.txt
nvcounter-val:	1
cert-pkg:	cert/ICVSBContent.crt
2024-12-25 07:14:55,462 - **** Creating Content Certificate ****
2024-12-25 07:14:55,468 - **** Certificate file (context) creation has been completed successfully ****
2024-12-25 07:14:57,055 - Content Certificate Generation Utility started (Logging to sb_content_cert.log)
2024-12-25 07:14:57,055 - Parsing config file: cert/cfg/ICVSBContent.cfg
2024-12-25 07:14:57,056 - Parsed config items:
cert-keypair:	cert/key/ICVSBContent.pem
cert-keypair-pwd:	cert/key/ICVSBContent.pwd
load-verify-scheme:	0
crypto-type:	0
aes-ce-id:	0
aes-enc-key:	cert/key/KCEICV.txt
images-table:	cert/Images.txt
nvcounter-val:	1
cert-pkg:	cert/ICVSBContent.crt
2024-12-25 07:14:57,056 - **** Creating Content Certificate ****
2024-12-25 07:14:57,061 - **** Certificate file (context) creation has been completed successfully ****
2024-12-25 07:14:57,358 - Content Certificate Generation Utility started (Logging to sb_content_cert.log)
2024-12-25 07:14:57,359 - Parsing config file: cert/cfg/ICVSBContent.cfg
2024-12-25 07:14:57,359 - Parsed config items:
cert-keypair:	cert/key/ICVSBContent.pem
cert-keypair-pwd:	cert/key/ICVSBContent.pwd
load-verify-scheme:	0
crypto-type:	0
aes-ce-id:	0
aes-enc-key:	cert/key/KCEICV.txt
images-table:	cert/Images.txt
nvcounter-val:	1
cert-pkg:	cert/ICVSBContent.crt
2024-12-25 07:14:57,359 - **** Creating Content Certificate ****
2024-12-25 07:14:57,364 - **** Certificate file (context) creation has been completed successfully ****
2024-12-25 07:15:42,319 - Content Certificate Generation Utility started (Logging to sb_content_cert.log)
2024-12-25 07:15:42,319 - Parsing config file: cert/cfg/ICVSBContent.cfg
2024-12-25 07:15:42,319 - Parsed config items:
cert-keypair:	cert/key/ICVSBContent.pem
cert-keypair-pwd:	cert/key/ICVSBContent.pwd
load-verify-scheme:	0
crypto-type:	0
aes-ce-id:	0
aes-enc-key:	cert/key/KCEICV.txt
images-table:	cert/Images.txt
nvcounter-val:	1
cert-pkg:	cert/ICVSBContent.crt
2024-12-25 07:15:42,320 - **** Creating Content Certificate ****
2024-12-25 07:15:42,325 - **** Certificate file (context) creation has been completed successfully ****
2024-12-25 07:15:42,608 - Content Certificate Generation Utility started (Logging to sb_content_cert.log)
2024-12-25 07:15:42,608 - Parsing config file: cert/cfg/ICVSBContent.cfg
2024-12-25 07:15:42,608 - Parsed config items:
cert-keypair:	cert/key/ICVSBContent.pem
cert-keypair-pwd:	cert/key/ICVSBContent.pwd
load-verify-scheme:	0
crypto-type:	0
aes-ce-id:	0
aes-enc-key:	cert/key/KCEICV.txt
images-table:	cert/Images.txt
nvcounter-val:	1
cert-pkg:	cert/ICVSBContent.crt
2024-12-25 07:15:42,608 - **** Creating Content Certificate ****
2024-12-25 07:15:42,614 - **** Certificate file (context) creation has been completed successfully ****
2024-12-25 07:15:43,066 - Content Certificate Generation Utility started (Logging to sb_content_cert.log)
2024-12-25 07:15:43,066 - Parsing config file: cert/cfg/ICVSBContent.cfg
2024-12-25 07:15:43,066 - Parsed config items:
cert-keypair:	cert/key/ICVSBContent.pem
cert-keypair-pwd:	cert/key/ICVSBContent.pwd
load-verify-scheme:	0
crypto-type:	0
aes-ce-id:	0
aes-enc-key:	cert/key/KCEICV.txt
images-table:	cert/Images.txt
nvcounter-val:	1
cert-pkg:	cert/ICVSBContent.crt
2024-12-25 07:15:43,067 - **** Creating Content Certificate ****
2024-12-25 07:15:43,073 - **** Certificate file (context) creation has been completed successfully ****
2024-12-25 07:15:43,357 - Content Certificate Generation Utility started (Logging to sb_content_cert.log)
2024-12-25 07:15:43,357 - Parsing config file: cert/cfg/ICVSBContent.cfg
2024-12-25 07:15:43,357 - Parsed config items:
cert-keypair:	cert/key/ICVSBContent.pem
cert-keypair-pwd:	cert/key/ICVSBContent.pwd
load-verify-scheme:	0
crypto-type:	0
aes-ce-id:	0
aes-enc-key:	cert/key/KCEICV.txt
images-table:	cert/Images.txt
nvcounter-val:	1
cert-pkg:	cert/ICVSBContent.crt
2024-12-25 07:15:43,358 - **** Creating Content Certificate ****
2024-12-25 07:15:43,363 - **** Certificate file (context) creation has been completed successfully ****
2024-12-25 07:16:02,327 - Content Certificate Generation Utility started (Logging to sb_content_cert.log)
2024-12-25 07:16:02,327 - Parsing config file: cert/cfg/ICVSBContent.cfg
2024-12-25 07:16:02,328 - Parsed config items:
cert-keypair:	cert/key/ICVSBContent.pem
cert-keypair-pwd:	cert/key/ICVSBContent.pwd
load-verify-scheme:	0
crypto-type:	0
aes-ce-id:	0
aes-enc-key:	cert/key/KCEICV.txt
images-table:	cert/Images.txt
nvcounter-val:	1
cert-pkg:	cert/ICVSBContent.crt
2024-12-25 07:16:02,328 - **** Creating Content Certificate ****
2024-12-25 07:16:02,333 - **** Certificate file (context) creation has been completed successfully ****
2024-12-25 07:16:02,615 - Content Certificate Generation Utility started (Logging to sb_content_cert.log)
2024-12-25 07:16:02,615 - Parsing config file: cert/cfg/ICVSBContent.cfg
2024-12-25 07:16:02,615 - Parsed config items:
cert-keypair:	cert/key/ICVSBContent.pem
cert-keypair-pwd:	cert/key/ICVSBContent.pwd
load-verify-scheme:	0
crypto-type:	0
aes-ce-id:	0
aes-enc-key:	cert/key/KCEICV.txt
images-table:	cert/Images.txt
nvcounter-val:	1
cert-pkg:	cert/ICVSBContent.crt
2024-12-25 07:16:02,615 - **** Creating Content Certificate ****
2024-12-25 07:16:02,621 - **** Certificate file (context) creation has been completed successfully ****
2024-12-25 07:16:03,064 - Content Certificate Generation Utility started (Logging to sb_content_cert.log)
2024-12-25 07:16:03,064 - Parsing config file: cert/cfg/ICVSBContent.cfg
2024-12-25 07:16:03,065 - Parsed config items:
cert-keypair:	cert/key/ICVSBContent.pem
cert-keypair-pwd:	cert/key/ICVSBContent.pwd
load-verify-scheme:	0
crypto-type:	0
aes-ce-id:	0
aes-enc-key:	cert/key/KCEICV.txt
images-table:	cert/Images.txt
nvcounter-val:	1
cert-pkg:	cert/ICVSBContent.crt
2024-12-25 07:16:03,065 - **** Creating Content Certificate ****
2024-12-25 07:16:03,071 - **** Certificate file (context) creation has been completed successfully ****
2024-12-25 07:16:03,330 - Content Certificate Generation Utility started (Logging to sb_content_cert.log)
2024-12-25 07:16:03,330 - Parsing config file: cert/cfg/ICVSBContent.cfg
2024-12-25 07:16:03,330 - Parsed config items:
cert-keypair:	cert/key/ICVSBContent.pem
cert-keypair-pwd:	cert/key/ICVSBContent.pwd
load-verify-scheme:	0
crypto-type:	0
aes-ce-id:	0
aes-enc-key:	cert/key/KCEICV.txt
images-table:	cert/Images.txt
nvcounter-val:	1
cert-pkg:	cert/ICVSBContent.crt
2024-12-25 07:16:03,330 - **** Creating Content Certificate ****
2024-12-25 07:16:03,334 - **** Certificate file (context) creation has been completed successfully ****
2024-12-25 07:17:44,241 - Content Certificate Generation Utility started (Logging to sb_content_cert.log)
2024-12-25 07:17:44,241 - Parsing config file: cert/cfg/ICVSBContent.cfg
2024-12-25 07:17:44,241 - Parsed config items:
cert-keypair:	cert/key/ICVSBContent.pem
cert-keypair-pwd:	cert/key/ICVSBContent.pwd
load-verify-scheme:	0
crypto-type:	0
aes-ce-id:	0
aes-enc-key:	cert/key/KCEICV.txt
images-table:	cert/Images.txt
nvcounter-val:	1
cert-pkg:	cert/ICVSBContent.crt
2024-12-25 07:17:44,242 - **** Creating Content Certificate ****
2024-12-25 07:17:44,247 - **** Certificate file (context) creation has been completed successfully ****
2024-12-25 07:17:44,532 - Content Certificate Generation Utility started (Logging to sb_content_cert.log)
2024-12-25 07:17:44,532 - Parsing config file: cert/cfg/ICVSBContent.cfg
2024-12-25 07:17:44,533 - Parsed config items:
cert-keypair:	cert/key/ICVSBContent.pem
cert-keypair-pwd:	cert/key/ICVSBContent.pwd
load-verify-scheme:	0
crypto-type:	0
aes-ce-id:	0
aes-enc-key:	cert/key/KCEICV.txt
images-table:	cert/Images.txt
nvcounter-val:	1
cert-pkg:	cert/ICVSBContent.crt
2024-12-25 07:17:44,533 - **** Creating Content Certificate ****
2024-12-25 07:17:44,538 - **** Certificate file (context) creation has been completed successfully ****
2024-12-25 07:17:44,999 - Content Certificate Generation Utility started (Logging to sb_content_cert.log)
2024-12-25 07:17:45,000 - Parsing config file: cert/cfg/ICVSBContent.cfg
2024-12-25 07:17:45,000 - Parsed config items:
cert-keypair:	cert/key/ICVSBContent.pem
cert-keypair-pwd:	cert/key/ICVSBContent.pwd
load-verify-scheme:	0
crypto-type:	0
aes-ce-id:	0
aes-enc-key:	cert/key/KCEICV.txt
images-table:	cert/Images.txt
nvcounter-val:	1
cert-pkg:	cert/ICVSBContent.crt
2024-12-25 07:17:45,000 - **** Creating Content Certificate ****
2024-12-25 07:17:45,006 - **** Certificate file (context) creation has been completed successfully ****
2024-12-25 07:17:45,291 - Content Certificate Generation Utility started (Logging to sb_content_cert.log)
2024-12-25 07:17:45,291 - Parsing config file: cert/cfg/ICVSBContent.cfg
2024-12-25 07:17:45,292 - Parsed config items:
cert-keypair:	cert/key/ICVSBContent.pem
cert-keypair-pwd:	cert/key/ICVSBContent.pwd
load-verify-scheme:	0
crypto-type:	0
aes-ce-id:	0
aes-enc-key:	cert/key/KCEICV.txt
images-table:	cert/Images.txt
nvcounter-val:	1
cert-pkg:	cert/ICVSBContent.crt
2024-12-25 07:17:45,292 - **** Creating Content Certificate ****
2024-12-25 07:17:45,297 - **** Certificate file (context) creation has been completed successfully ****
2024-12-25 07:18:48,638 - Content Certificate Generation Utility started (Logging to sb_content_cert.log)
2024-12-25 07:18:48,639 - Parsing config file: cert/cfg/ICVSBContent.cfg
2024-12-25 07:18:48,639 - Parsed config items:
cert-keypair:	cert/key/ICVSBContent.pem
cert-keypair-pwd:	cert/key/ICVSBContent.pwd
load-verify-scheme:	0
crypto-type:	0
aes-ce-id:	0
aes-enc-key:	cert/key/KCEICV.txt
images-table:	cert/Images.txt
nvcounter-val:	1
cert-pkg:	cert/ICVSBContent.crt
2024-12-25 07:18:48,639 - **** Creating Content Certificate ****
2024-12-25 07:18:48,644 - **** Certificate file (context) creation has been completed successfully ****
2024-12-25 07:18:48,927 - Content Certificate Generation Utility started (Logging to sb_content_cert.log)
2024-12-25 07:18:48,928 - Parsing config file: cert/cfg/ICVSBContent.cfg
2024-12-25 07:18:48,928 - Parsed config items:
cert-keypair:	cert/key/ICVSBContent.pem
cert-keypair-pwd:	cert/key/ICVSBContent.pwd
load-verify-scheme:	0
crypto-type:	0
aes-ce-id:	0
aes-enc-key:	cert/key/KCEICV.txt
images-table:	cert/Images.txt
nvcounter-val:	1
cert-pkg:	cert/ICVSBContent.crt
2024-12-25 07:18:48,928 - **** Creating Content Certificate ****
2024-12-25 07:18:48,933 - **** Certificate file (context) creation has been completed successfully ****
2024-12-25 07:18:49,390 - Content Certificate Generation Utility started (Logging to sb_content_cert.log)
2024-12-25 07:18:49,390 - Parsing config file: cert/cfg/ICVSBContent.cfg
2024-12-25 07:18:49,390 - Parsed config items:
cert-keypair:	cert/key/ICVSBContent.pem
cert-keypair-pwd:	cert/key/ICVSBContent.pwd
load-verify-scheme:	0
crypto-type:	0
aes-ce-id:	0
aes-enc-key:	cert/key/KCEICV.txt
images-table:	cert/Images.txt
nvcounter-val:	1
cert-pkg:	cert/ICVSBContent.crt
2024-12-25 07:18:49,391 - **** Creating Content Certificate ****
2024-12-25 07:18:49,397 - **** Certificate file (context) creation has been completed successfully ****
2024-12-25 07:18:49,679 - Content Certificate Generation Utility started (Logging to sb_content_cert.log)
2024-12-25 07:18:49,679 - Parsing config file: cert/cfg/ICVSBContent.cfg
2024-12-25 07:18:49,679 - Parsed config items:
cert-keypair:	cert/key/ICVSBContent.pem
cert-keypair-pwd:	cert/key/ICVSBContent.pwd
load-verify-scheme:	0
crypto-type:	0
aes-ce-id:	0
aes-enc-key:	cert/key/KCEICV.txt
images-table:	cert/Images.txt
nvcounter-val:	1
cert-pkg:	cert/ICVSBContent.crt
2024-12-25 07:18:49,680 - **** Creating Content Certificate ****
2024-12-25 07:18:49,685 - **** Certificate file (context) creation has been completed successfully ****
2024-12-25 07:18:51,287 - Content Certificate Generation Utility started (Logging to sb_content_cert.log)
2024-12-25 07:18:51,288 - Parsing config file: cert/cfg/ICVSBContent.cfg
2024-12-25 07:18:51,288 - Parsed config items:
cert-keypair:	cert/key/ICVSBContent.pem
cert-keypair-pwd:	cert/key/ICVSBContent.pwd
load-verify-scheme:	0
crypto-type:	0
aes-ce-id:	0
aes-enc-key:	cert/key/KCEICV.txt
images-table:	cert/Images.txt
nvcounter-val:	1
cert-pkg:	cert/ICVSBContent.crt
2024-12-25 07:18:51,288 - **** Creating Content Certificate ****
2024-12-25 07:18:51,293 - **** Certificate file (context) creation has been completed successfully ****
2024-12-25 07:18:51,594 - Content Certificate Generation Utility started (Logging to sb_content_cert.log)
2024-12-25 07:18:51,594 - Parsing config file: cert/cfg/ICVSBContent.cfg
2024-12-25 07:18:51,595 - Parsed config items:
cert-keypair:	cert/key/ICVSBContent.pem
cert-keypair-pwd:	cert/key/ICVSBContent.pwd
load-verify-scheme:	0
crypto-type:	0
aes-ce-id:	0
aes-enc-key:	cert/key/KCEICV.txt
images-table:	cert/Images.txt
nvcounter-val:	1
cert-pkg:	cert/ICVSBContent.crt
2024-12-25 07:18:51,595 - **** Creating Content Certificate ****
2024-12-25 07:18:51,600 - **** Certificate file (context) creation has been completed successfully ****
2024-12-25 07:19:04,668 - Content Certificate Generation Utility started (Logging to sb_content_cert.log)
2024-12-25 07:19:04,668 - Parsing config file: cert/cfg/ICVSBContent.cfg
2024-12-25 07:19:04,669 - Parsed config items:
cert-keypair:	cert/key/ICVSBContent.pem
cert-keypair-pwd:	cert/key/ICVSBContent.pwd
load-verify-scheme:	0
crypto-type:	0
aes-ce-id:	0
aes-enc-key:	cert/key/KCEICV.txt
images-table:	cert/Images.txt
nvcounter-val:	1
cert-pkg:	cert/ICVSBContent.crt
2024-12-25 07:19:04,669 - **** Creating Content Certificate ****
2024-12-25 07:19:04,674 - **** Certificate file (context) creation has been completed successfully ****
2024-12-25 07:19:04,954 - Content Certificate Generation Utility started (Logging to sb_content_cert.log)
2024-12-25 07:19:04,954 - Parsing config file: cert/cfg/ICVSBContent.cfg
2024-12-25 07:19:04,955 - Parsed config items:
cert-keypair:	cert/key/ICVSBContent.pem
cert-keypair-pwd:	cert/key/ICVSBContent.pwd
load-verify-scheme:	0
crypto-type:	0
aes-ce-id:	0
aes-enc-key:	cert/key/KCEICV.txt
images-table:	cert/Images.txt
nvcounter-val:	1
cert-pkg:	cert/ICVSBContent.crt
2024-12-25 07:19:04,955 - **** Creating Content Certificate ****
2024-12-25 07:19:04,960 - **** Certificate file (context) creation has been completed successfully ****
2024-12-25 07:19:05,437 - Content Certificate Generation Utility started (Logging to sb_content_cert.log)
2024-12-25 07:19:05,438 - Parsing config file: cert/cfg/ICVSBContent.cfg
2024-12-25 07:19:05,438 - Parsed config items:
cert-keypair:	cert/key/ICVSBContent.pem
cert-keypair-pwd:	cert/key/ICVSBContent.pwd
load-verify-scheme:	0
crypto-type:	0
aes-ce-id:	0
aes-enc-key:	cert/key/KCEICV.txt
images-table:	cert/Images.txt
nvcounter-val:	1
cert-pkg:	cert/ICVSBContent.crt
2024-12-25 07:19:05,439 - **** Creating Content Certificate ****
2024-12-25 07:19:05,449 - **** Certificate file (context) creation has been completed successfully ****
2024-12-25 07:19:05,738 - Content Certificate Generation Utility started (Logging to sb_content_cert.log)
2024-12-25 07:19:05,738 - Parsing config file: cert/cfg/ICVSBContent.cfg
2024-12-25 07:19:05,739 - Parsed config items:
cert-keypair:	cert/key/ICVSBContent.pem
cert-keypair-pwd:	cert/key/ICVSBContent.pwd
load-verify-scheme:	0
crypto-type:	0
aes-ce-id:	0
aes-enc-key:	cert/key/KCEICV.txt
images-table:	cert/Images.txt
nvcounter-val:	1
cert-pkg:	cert/ICVSBContent.crt
2024-12-25 07:19:05,739 - **** Creating Content Certificate ****
2024-12-25 07:19:05,744 - **** Certificate file (context) creation has been completed successfully ****
2024-12-25 07:19:07,337 - Content Certificate Generation Utility started (Logging to sb_content_cert.log)
2024-12-25 07:19:07,338 - Parsing config file: cert/cfg/ICVSBContent.cfg
2024-12-25 07:19:07,338 - Parsed config items:
cert-keypair:	cert/key/ICVSBContent.pem
cert-keypair-pwd:	cert/key/ICVSBContent.pwd
load-verify-scheme:	0
crypto-type:	0
aes-ce-id:	0
aes-enc-key:	cert/key/KCEICV.txt
images-table:	cert/Images.txt
nvcounter-val:	1
cert-pkg:	cert/ICVSBContent.crt
2024-12-25 07:19:07,338 - **** Creating Content Certificate ****
2024-12-25 07:19:07,343 - **** Certificate file (context) creation has been completed successfully ****
2024-12-25 07:19:07,644 - Content Certificate Generation Utility started (Logging to sb_content_cert.log)
2024-12-25 07:19:07,645 - Parsing config file: cert/cfg/ICVSBContent.cfg
2024-12-25 07:19:07,645 - Parsed config items:
cert-keypair:	cert/key/ICVSBContent.pem
cert-keypair-pwd:	cert/key/ICVSBContent.pwd
load-verify-scheme:	0
crypto-type:	0
aes-ce-id:	0
aes-enc-key:	cert/key/KCEICV.txt
images-table:	cert/Images.txt
nvcounter-val:	1
cert-pkg:	cert/ICVSBContent.crt
2024-12-25 07:19:07,645 - **** Creating Content Certificate ****
2024-12-25 07:19:07,650 - **** Certificate file (context) creation has been completed successfully ****
2024-12-25 07:19:10,943 - Content Certificate Generation Utility started (Logging to sb_content_cert.log)
2024-12-25 07:19:10,944 - Parsing config file: cert/cfg/ICVSBContent.cfg
2024-12-25 07:19:10,944 - Parsed config items:
cert-keypair:	cert/key/ICVSBContent.pem
cert-keypair-pwd:	cert/key/ICVSBContent.pwd
load-verify-scheme:	0
crypto-type:	0
aes-ce-id:	0
aes-enc-key:	cert/key/KCEICV.txt
images-table:	cert/Images.txt
nvcounter-val:	1
cert-pkg:	cert/ICVSBContent.crt
2024-12-25 07:19:10,944 - **** Creating Content Certificate ****
2024-12-25 07:19:10,949 - **** Certificate file (context) creation has been completed successfully ****
2024-12-25 07:19:11,232 - Content Certificate Generation Utility started (Logging to sb_content_cert.log)
2024-12-25 07:19:11,232 - Parsing config file: cert/cfg/ICVSBContent.cfg
2024-12-25 07:19:11,232 - Parsed config items:
cert-keypair:	cert/key/ICVSBContent.pem
cert-keypair-pwd:	cert/key/ICVSBContent.pwd
load-verify-scheme:	0
crypto-type:	0
aes-ce-id:	0
aes-enc-key:	cert/key/KCEICV.txt
images-table:	cert/Images.txt
nvcounter-val:	1
cert-pkg:	cert/ICVSBContent.crt
2024-12-25 07:19:11,233 - **** Creating Content Certificate ****
2024-12-25 07:19:11,238 - **** Certificate file (context) creation has been completed successfully ****
2024-12-25 07:19:11,694 - Content Certificate Generation Utility started (Logging to sb_content_cert.log)
2024-12-25 07:19:11,694 - Parsing config file: cert/cfg/ICVSBContent.cfg
2024-12-25 07:19:11,694 - Parsed config items:
cert-keypair:	cert/key/ICVSBContent.pem
cert-keypair-pwd:	cert/key/ICVSBContent.pwd
load-verify-scheme:	0
crypto-type:	0
aes-ce-id:	0
aes-enc-key:	cert/key/KCEICV.txt
images-table:	cert/Images.txt
nvcounter-val:	1
cert-pkg:	cert/ICVSBContent.crt
2024-12-25 07:19:11,695 - **** Creating Content Certificate ****
2024-12-25 07:19:11,701 - **** Certificate file (context) creation has been completed successfully ****
2024-12-25 07:19:11,978 - Content Certificate Generation Utility started (Logging to sb_content_cert.log)
2024-12-25 07:19:11,978 - Parsing config file: cert/cfg/ICVSBContent.cfg
2024-12-25 07:19:11,978 - Parsed config items:
cert-keypair:	cert/key/ICVSBContent.pem
cert-keypair-pwd:	cert/key/ICVSBContent.pwd
load-verify-scheme:	0
crypto-type:	0
aes-ce-id:	0
aes-enc-key:	cert/key/KCEICV.txt
images-table:	cert/Images.txt
nvcounter-val:	1
cert-pkg:	cert/ICVSBContent.crt
2024-12-25 07:19:11,978 - **** Creating Content Certificate ****
2024-12-25 07:19:11,984 - **** Certificate file (context) creation has been completed successfully ****
2024-12-25 07:19:13,578 - Content Certificate Generation Utility started (Logging to sb_content_cert.log)
2024-12-25 07:19:13,578 - Parsing config file: cert/cfg/ICVSBContent.cfg
2024-12-25 07:19:13,578 - Parsed config items:
cert-keypair:	cert/key/ICVSBContent.pem
cert-keypair-pwd:	cert/key/ICVSBContent.pwd
load-verify-scheme:	0
crypto-type:	0
aes-ce-id:	0
aes-enc-key:	cert/key/KCEICV.txt
images-table:	cert/Images.txt
nvcounter-val:	1
cert-pkg:	cert/ICVSBContent.crt
2024-12-25 07:19:13,578 - **** Creating Content Certificate ****
2024-12-25 07:19:13,583 - **** Certificate file (context) creation has been completed successfully ****
2024-12-25 07:19:13,886 - Content Certificate Generation Utility started (Logging to sb_content_cert.log)
2024-12-25 07:19:13,886 - Parsing config file: cert/cfg/ICVSBContent.cfg
2024-12-25 07:19:13,886 - Parsed config items:
cert-keypair:	cert/key/ICVSBContent.pem
cert-keypair-pwd:	cert/key/ICVSBContent.pwd
load-verify-scheme:	0
crypto-type:	0
aes-ce-id:	0
aes-enc-key:	cert/key/KCEICV.txt
images-table:	cert/Images.txt
nvcounter-val:	1
cert-pkg:	cert/ICVSBContent.crt
2024-12-25 07:19:13,887 - **** Creating Content Certificate ****
2024-12-25 07:19:13,892 - **** Certificate file (context) creation has been completed successfully ****
2024-12-25 07:19:47,395 - Content Certificate Generation Utility started (Logging to sb_content_cert.log)
2024-12-25 07:19:47,395 - Parsing config file: cert/cfg/ICVSBContent.cfg
2024-12-25 07:19:47,395 - Parsed config items:
cert-keypair:	cert/key/ICVSBContent.pem
cert-keypair-pwd:	cert/key/ICVSBContent.pwd
load-verify-scheme:	0
crypto-type:	0
aes-ce-id:	0
aes-enc-key:	cert/key/KCEICV.txt
images-table:	cert/Images.txt
nvcounter-val:	1
cert-pkg:	cert/ICVSBContent.crt
2024-12-25 07:19:47,396 - **** Creating Content Certificate ****
2024-12-25 07:19:47,401 - **** Certificate file (context) creation has been completed successfully ****
2024-12-25 07:19:47,666 - Content Certificate Generation Utility started (Logging to sb_content_cert.log)
2024-12-25 07:19:47,666 - Parsing config file: cert/cfg/ICVSBContent.cfg
2024-12-25 07:19:47,667 - Parsed config items:
cert-keypair:	cert/key/ICVSBContent.pem
cert-keypair-pwd:	cert/key/ICVSBContent.pwd
load-verify-scheme:	0
crypto-type:	0
aes-ce-id:	0
aes-enc-key:	cert/key/KCEICV.txt
images-table:	cert/Images.txt
nvcounter-val:	1
cert-pkg:	cert/ICVSBContent.crt
2024-12-25 07:19:47,667 - **** Creating Content Certificate ****
2024-12-25 07:19:47,672 - **** Certificate file (context) creation has been completed successfully ****
2024-12-25 07:19:48,110 - Content Certificate Generation Utility started (Logging to sb_content_cert.log)
2024-12-25 07:19:48,110 - Parsing config file: cert/cfg/ICVSBContent.cfg
2024-12-25 07:19:48,111 - Parsed config items:
cert-keypair:	cert/key/ICVSBContent.pem
cert-keypair-pwd:	cert/key/ICVSBContent.pwd
load-verify-scheme:	0
crypto-type:	0
aes-ce-id:	0
aes-enc-key:	cert/key/KCEICV.txt
images-table:	cert/Images.txt
nvcounter-val:	1
cert-pkg:	cert/ICVSBContent.crt
2024-12-25 07:19:48,111 - **** Creating Content Certificate ****
2024-12-25 07:19:48,117 - **** Certificate file (context) creation has been completed successfully ****
2024-12-25 07:19:48,381 - Content Certificate Generation Utility started (Logging to sb_content_cert.log)
2024-12-25 07:19:48,381 - Parsing config file: cert/cfg/ICVSBContent.cfg
2024-12-25 07:19:48,381 - Parsed config items:
cert-keypair:	cert/key/ICVSBContent.pem
cert-keypair-pwd:	cert/key/ICVSBContent.pwd
load-verify-scheme:	0
crypto-type:	0
aes-ce-id:	0
aes-enc-key:	cert/key/KCEICV.txt
images-table:	cert/Images.txt
nvcounter-val:	1
cert-pkg:	cert/ICVSBContent.crt
2024-12-25 07:19:48,381 - **** Creating Content Certificate ****
2024-12-25 07:19:48,386 - **** Certificate file (context) creation has been completed successfully ****
2024-12-25 07:19:55,784 - Content Certificate Generation Utility started (Logging to sb_content_cert.log)
2024-12-25 07:19:55,785 - Parsing config file: cert/cfg/ICVSBContent.cfg
2024-12-25 07:19:55,785 - Parsed config items:
cert-keypair:	cert/key/ICVSBContent.pem
cert-keypair-pwd:	cert/key/ICVSBContent.pwd
load-verify-scheme:	0
crypto-type:	0
aes-ce-id:	0
aes-enc-key:	cert/key/KCEICV.txt
images-table:	cert/Images.txt
nvcounter-val:	1
cert-pkg:	cert/ICVSBContent.crt
2024-12-25 07:19:55,785 - **** Creating Content Certificate ****
2024-12-25 07:19:55,790 - **** Certificate file (context) creation has been completed successfully ****
2024-12-25 07:19:56,069 - Content Certificate Generation Utility started (Logging to sb_content_cert.log)
2024-12-25 07:19:56,070 - Parsing config file: cert/cfg/ICVSBContent.cfg
2024-12-25 07:19:56,070 - Parsed config items:
cert-keypair:	cert/key/ICVSBContent.pem
cert-keypair-pwd:	cert/key/ICVSBContent.pwd
load-verify-scheme:	0
crypto-type:	0
aes-ce-id:	0
aes-enc-key:	cert/key/KCEICV.txt
images-table:	cert/Images.txt
nvcounter-val:	1
cert-pkg:	cert/ICVSBContent.crt
2024-12-25 07:19:56,070 - **** Creating Content Certificate ****
2024-12-25 07:19:56,075 - **** Certificate file (context) creation has been completed successfully ****
2024-12-25 07:19:56,509 - Content Certificate Generation Utility started (Logging to sb_content_cert.log)
2024-12-25 07:19:56,509 - Parsing config file: cert/cfg/ICVSBContent.cfg
2024-12-25 07:19:56,510 - Parsed config items:
cert-keypair:	cert/key/ICVSBContent.pem
cert-keypair-pwd:	cert/key/ICVSBContent.pwd
load-verify-scheme:	0
crypto-type:	0
aes-ce-id:	0
aes-enc-key:	cert/key/KCEICV.txt
images-table:	cert/Images.txt
nvcounter-val:	1
cert-pkg:	cert/ICVSBContent.crt
2024-12-25 07:19:56,510 - **** Creating Content Certificate ****
2024-12-25 07:19:56,516 - **** Certificate file (context) creation has been completed successfully ****
2024-12-25 07:19:56,795 - Content Certificate Generation Utility started (Logging to sb_content_cert.log)
2024-12-25 07:19:56,795 - Parsing config file: cert/cfg/ICVSBContent.cfg
2024-12-25 07:19:56,795 - Parsed config items:
cert-keypair:	cert/key/ICVSBContent.pem
cert-keypair-pwd:	cert/key/ICVSBContent.pwd
load-verify-scheme:	0
crypto-type:	0
aes-ce-id:	0
aes-enc-key:	cert/key/KCEICV.txt
images-table:	cert/Images.txt
nvcounter-val:	1
cert-pkg:	cert/ICVSBContent.crt
2024-12-25 07:19:56,795 - **** Creating Content Certificate ****
2024-12-25 07:19:56,800 - **** Certificate file (context) creation has been completed successfully ****
2024-12-25 07:20:14,721 - Content Certificate Generation Utility started (Logging to sb_content_cert.log)
2024-12-25 07:20:14,721 - Parsing config file: cert/cfg/ICVSBContent.cfg
2024-12-25 07:20:14,721 - Parsed config items:
cert-keypair:	cert/key/ICVSBContent.pem
cert-keypair-pwd:	cert/key/ICVSBContent.pwd
load-verify-scheme:	0
crypto-type:	0
aes-ce-id:	0
aes-enc-key:	cert/key/KCEICV.txt
images-table:	cert/Images.txt
nvcounter-val:	1
cert-pkg:	cert/ICVSBContent.crt
2024-12-25 07:20:14,722 - **** Creating Content Certificate ****
2024-12-25 07:20:14,727 - **** Certificate file (context) creation has been completed successfully ****
2024-12-25 07:20:15,011 - Content Certificate Generation Utility started (Logging to sb_content_cert.log)
2024-12-25 07:20:15,011 - Parsing config file: cert/cfg/ICVSBContent.cfg
2024-12-25 07:20:15,012 - Parsed config items:
cert-keypair:	cert/key/ICVSBContent.pem
cert-keypair-pwd:	cert/key/ICVSBContent.pwd
load-verify-scheme:	0
crypto-type:	0
aes-ce-id:	0
aes-enc-key:	cert/key/KCEICV.txt
images-table:	cert/Images.txt
nvcounter-val:	1
cert-pkg:	cert/ICVSBContent.crt
2024-12-25 07:20:15,012 - **** Creating Content Certificate ****
2024-12-25 07:20:15,017 - **** Certificate file (context) creation has been completed successfully ****
2024-12-25 07:20:15,473 - Content Certificate Generation Utility started (Logging to sb_content_cert.log)
2024-12-25 07:20:15,473 - Parsing config file: cert/cfg/ICVSBContent.cfg
2024-12-25 07:20:15,473 - Parsed config items:
cert-keypair:	cert/key/ICVSBContent.pem
cert-keypair-pwd:	cert/key/ICVSBContent.pwd
load-verify-scheme:	0
crypto-type:	0
aes-ce-id:	0
aes-enc-key:	cert/key/KCEICV.txt
images-table:	cert/Images.txt
nvcounter-val:	1
cert-pkg:	cert/ICVSBContent.crt
2024-12-25 07:20:15,474 - **** Creating Content Certificate ****
2024-12-25 07:20:15,480 - **** Certificate file (context) creation has been completed successfully ****
2024-12-25 07:20:15,765 - Content Certificate Generation Utility started (Logging to sb_content_cert.log)
2024-12-25 07:20:15,765 - Parsing config file: cert/cfg/ICVSBContent.cfg
2024-12-25 07:20:15,765 - Parsed config items:
cert-keypair:	cert/key/ICVSBContent.pem
cert-keypair-pwd:	cert/key/ICVSBContent.pwd
load-verify-scheme:	0
crypto-type:	0
aes-ce-id:	0
aes-enc-key:	cert/key/KCEICV.txt
images-table:	cert/Images.txt
nvcounter-val:	1
cert-pkg:	cert/ICVSBContent.crt
2024-12-25 07:20:15,765 - **** Creating Content Certificate ****
2024-12-25 07:20:15,771 - **** Certificate file (context) creation has been completed successfully ****
2024-12-25 07:20:17,356 - Content Certificate Generation Utility started (Logging to sb_content_cert.log)
2024-12-25 07:20:17,356 - Parsing config file: cert/cfg/ICVSBContent.cfg
2024-12-25 07:20:17,356 - Parsed config items:
cert-keypair:	cert/key/ICVSBContent.pem
cert-keypair-pwd:	cert/key/ICVSBContent.pwd
load-verify-scheme:	0
crypto-type:	0
aes-ce-id:	0
aes-enc-key:	cert/key/KCEICV.txt
images-table:	cert/Images.txt
nvcounter-val:	1
cert-pkg:	cert/ICVSBContent.crt
2024-12-25 07:20:17,357 - **** Creating Content Certificate ****
2024-12-25 07:20:17,362 - **** Certificate file (context) creation has been completed successfully ****
2024-12-25 07:20:17,648 - Content Certificate Generation Utility started (Logging to sb_content_cert.log)
2024-12-25 07:20:17,648 - Parsing config file: cert/cfg/ICVSBContent.cfg
2024-12-25 07:20:17,649 - Parsed config items:
cert-keypair:	cert/key/ICVSBContent.pem
cert-keypair-pwd:	cert/key/ICVSBContent.pwd
load-verify-scheme:	0
crypto-type:	0
aes-ce-id:	0
aes-enc-key:	cert/key/KCEICV.txt
images-table:	cert/Images.txt
nvcounter-val:	1
cert-pkg:	cert/ICVSBContent.crt
2024-12-25 07:20:17,649 - **** Creating Content Certificate ****
2024-12-25 07:20:17,654 - **** Certificate file (context) creation has been completed successfully ****
2024-12-25 07:20:56,785 - Content Certificate Generation Utility started (Logging to sb_content_cert.log)
2024-12-25 07:20:56,786 - Parsing config file: cert/cfg/ICVSBContent.cfg
2024-12-25 07:20:56,786 - Parsed config items:
cert-keypair:	cert/key/ICVSBContent.pem
cert-keypair-pwd:	cert/key/ICVSBContent.pwd
load-verify-scheme:	0
crypto-type:	0
aes-ce-id:	0
aes-enc-key:	cert/key/KCEICV.txt
images-table:	cert/Images.txt
nvcounter-val:	1
cert-pkg:	cert/ICVSBContent.crt
2024-12-25 07:20:56,786 - **** Creating Content Certificate ****
2024-12-25 07:20:56,791 - **** Certificate file (context) creation has been completed successfully ****
2024-12-25 07:20:57,073 - Content Certificate Generation Utility started (Logging to sb_content_cert.log)
2024-12-25 07:20:57,073 - Parsing config file: cert/cfg/ICVSBContent.cfg
2024-12-25 07:20:57,074 - Parsed config items:
cert-keypair:	cert/key/ICVSBContent.pem
cert-keypair-pwd:	cert/key/ICVSBContent.pwd
load-verify-scheme:	0
crypto-type:	0
aes-ce-id:	0
aes-enc-key:	cert/key/KCEICV.txt
images-table:	cert/Images.txt
nvcounter-val:	1
cert-pkg:	cert/ICVSBContent.crt
2024-12-25 07:20:57,074 - **** Creating Content Certificate ****
2024-12-25 07:20:57,079 - **** Certificate file (context) creation has been completed successfully ****
2024-12-25 07:20:57,537 - Content Certificate Generation Utility started (Logging to sb_content_cert.log)
2024-12-25 07:20:57,537 - Parsing config file: cert/cfg/ICVSBContent.cfg
2024-12-25 07:20:57,537 - Parsed config items:
cert-keypair:	cert/key/ICVSBContent.pem
cert-keypair-pwd:	cert/key/ICVSBContent.pwd
load-verify-scheme:	0
crypto-type:	0
aes-ce-id:	0
aes-enc-key:	cert/key/KCEICV.txt
images-table:	cert/Images.txt
nvcounter-val:	1
cert-pkg:	cert/ICVSBContent.crt
2024-12-25 07:20:57,537 - **** Creating Content Certificate ****
2024-12-25 07:20:57,543 - **** Certificate file (context) creation has been completed successfully ****
2024-12-25 07:20:57,828 - Content Certificate Generation Utility started (Logging to sb_content_cert.log)
2024-12-25 07:20:57,828 - Parsing config file: cert/cfg/ICVSBContent.cfg
2024-12-25 07:20:57,829 - Parsed config items:
cert-keypair:	cert/key/ICVSBContent.pem
cert-keypair-pwd:	cert/key/ICVSBContent.pwd
load-verify-scheme:	0
crypto-type:	0
aes-ce-id:	0
aes-enc-key:	cert/key/KCEICV.txt
images-table:	cert/Images.txt
nvcounter-val:	1
cert-pkg:	cert/ICVSBContent.crt
2024-12-25 07:20:57,829 - **** Creating Content Certificate ****
2024-12-25 07:20:57,834 - **** Certificate file (context) creation has been completed successfully ****
2024-12-25 07:21:23,543 - Content Certificate Generation Utility started (Logging to sb_content_cert.log)
2024-12-25 07:21:23,544 - Parsing config file: cert/cfg/ICVSBContent.cfg
2024-12-25 07:21:23,544 - Parsed config items:
cert-keypair:	cert/key/ICVSBContent.pem
cert-keypair-pwd:	cert/key/ICVSBContent.pwd
load-verify-scheme:	0
crypto-type:	0
aes-ce-id:	0
aes-enc-key:	cert/key/KCEICV.txt
images-table:	cert/Images.txt
nvcounter-val:	1
cert-pkg:	cert/ICVSBContent.crt
2024-12-25 07:21:23,544 - **** Creating Content Certificate ****
2024-12-25 07:21:23,549 - **** Certificate file (context) creation has been completed successfully ****
2024-12-25 07:21:23,834 - Content Certificate Generation Utility started (Logging to sb_content_cert.log)
2024-12-25 07:21:23,834 - Parsing config file: cert/cfg/ICVSBContent.cfg
2024-12-25 07:21:23,834 - Parsed config items:
cert-keypair:	cert/key/ICVSBContent.pem
cert-keypair-pwd:	cert/key/ICVSBContent.pwd
load-verify-scheme:	0
crypto-type:	0
aes-ce-id:	0
aes-enc-key:	cert/key/KCEICV.txt
images-table:	cert/Images.txt
nvcounter-val:	1
cert-pkg:	cert/ICVSBContent.crt
2024-12-25 07:21:23,834 - **** Creating Content Certificate ****
2024-12-25 07:21:23,840 - **** Certificate file (context) creation has been completed successfully ****
2024-12-25 07:21:24,290 - Content Certificate Generation Utility started (Logging to sb_content_cert.log)
2024-12-25 07:21:24,290 - Parsing config file: cert/cfg/ICVSBContent.cfg
2024-12-25 07:21:24,291 - Parsed config items:
cert-keypair:	cert/key/ICVSBContent.pem
cert-keypair-pwd:	cert/key/ICVSBContent.pwd
load-verify-scheme:	0
crypto-type:	0
aes-ce-id:	0
aes-enc-key:	cert/key/KCEICV.txt
images-table:	cert/Images.txt
nvcounter-val:	1
cert-pkg:	cert/ICVSBContent.crt
2024-12-25 07:21:24,291 - **** Creating Content Certificate ****
2024-12-25 07:21:24,297 - **** Certificate file (context) creation has been completed successfully ****
2024-12-25 07:21:24,557 - Content Certificate Generation Utility started (Logging to sb_content_cert.log)
2024-12-25 07:21:24,557 - Parsing config file: cert/cfg/ICVSBContent.cfg
2024-12-25 07:21:24,557 - Parsed config items:
cert-keypair:	cert/key/ICVSBContent.pem
cert-keypair-pwd:	cert/key/ICVSBContent.pwd
load-verify-scheme:	0
crypto-type:	0
aes-ce-id:	0
aes-enc-key:	cert/key/KCEICV.txt
images-table:	cert/Images.txt
nvcounter-val:	1
cert-pkg:	cert/ICVSBContent.crt
2024-12-25 07:21:24,558 - **** Creating Content Certificate ****
2024-12-25 07:21:24,563 - **** Certificate file (context) creation has been completed successfully ****
2024-12-25 07:23:23,042 - Content Certificate Generation Utility started (Logging to sb_content_cert.log)
2024-12-25 07:23:23,043 - Parsing config file: cert/cfg/ICVSBContent.cfg
2024-12-25 07:23:23,043 - Parsed config items:
cert-keypair:	cert/key/ICVSBContent.pem
cert-keypair-pwd:	cert/key/ICVSBContent.pwd
load-verify-scheme:	0
crypto-type:	0
aes-ce-id:	0
aes-enc-key:	cert/key/KCEICV.txt
images-table:	cert/Images.txt
nvcounter-val:	1
cert-pkg:	cert/ICVSBContent.crt
2024-12-25 07:23:23,043 - **** Creating Content Certificate ****
2024-12-25 07:23:23,048 - **** Certificate file (context) creation has been completed successfully ****
2024-12-25 07:23:23,327 - Content Certificate Generation Utility started (Logging to sb_content_cert.log)
2024-12-25 07:23:23,327 - Parsing config file: cert/cfg/ICVSBContent.cfg
2024-12-25 07:23:23,327 - Parsed config items:
cert-keypair:	cert/key/ICVSBContent.pem
cert-keypair-pwd:	cert/key/ICVSBContent.pwd
load-verify-scheme:	0
crypto-type:	0
aes-ce-id:	0
aes-enc-key:	cert/key/KCEICV.txt
images-table:	cert/Images.txt
nvcounter-val:	1
cert-pkg:	cert/ICVSBContent.crt
2024-12-25 07:23:23,328 - **** Creating Content Certificate ****
2024-12-25 07:23:23,333 - **** Certificate file (context) creation has been completed successfully ****
2024-12-25 07:23:23,796 - Content Certificate Generation Utility started (Logging to sb_content_cert.log)
2024-12-25 07:23:23,796 - Parsing config file: cert/cfg/ICVSBContent.cfg
2024-12-25 07:23:23,796 - Parsed config items:
cert-keypair:	cert/key/ICVSBContent.pem
cert-keypair-pwd:	cert/key/ICVSBContent.pwd
load-verify-scheme:	0
crypto-type:	0
aes-ce-id:	0
aes-enc-key:	cert/key/KCEICV.txt
images-table:	cert/Images.txt
nvcounter-val:	1
cert-pkg:	cert/ICVSBContent.crt
2024-12-25 07:23:23,796 - **** Creating Content Certificate ****
2024-12-25 07:23:23,803 - **** Certificate file (context) creation has been completed successfully ****
2024-12-25 07:23:24,083 - Content Certificate Generation Utility started (Logging to sb_content_cert.log)
2024-12-25 07:23:24,083 - Parsing config file: cert/cfg/ICVSBContent.cfg
2024-12-25 07:23:24,083 - Parsed config items:
cert-keypair:	cert/key/ICVSBContent.pem
cert-keypair-pwd:	cert/key/ICVSBContent.pwd
load-verify-scheme:	0
crypto-type:	0
aes-ce-id:	0
aes-enc-key:	cert/key/KCEICV.txt
images-table:	cert/Images.txt
nvcounter-val:	1
cert-pkg:	cert/ICVSBContent.crt
2024-12-25 07:23:24,084 - **** Creating Content Certificate ****
2024-12-25 07:23:24,089 - **** Certificate file (context) creation has been completed successfully ****
2024-12-25 07:27:39,832 - Content Certificate Generation Utility started (Logging to sb_content_cert.log)
2024-12-25 07:27:39,833 - Parsing config file: cert/cfg/ICVSBContent.cfg
2024-12-25 07:27:39,833 - Parsed config items:
cert-keypair:	cert/key/ICVSBContent.pem
cert-keypair-pwd:	cert/key/ICVSBContent.pwd
load-verify-scheme:	0
crypto-type:	0
aes-ce-id:	0
aes-enc-key:	cert/key/KCEICV.txt
images-table:	cert/Images.txt
nvcounter-val:	1
cert-pkg:	cert/ICVSBContent.crt
2024-12-25 07:27:39,833 - **** Creating Content Certificate ****
2024-12-25 07:27:39,838 - **** Certificate file (context) creation has been completed successfully ****
2024-12-25 07:27:40,101 - Content Certificate Generation Utility started (Logging to sb_content_cert.log)
2024-12-25 07:27:40,101 - Parsing config file: cert/cfg/ICVSBContent.cfg
2024-12-25 07:27:40,102 - Parsed config items:
cert-keypair:	cert/key/ICVSBContent.pem
cert-keypair-pwd:	cert/key/ICVSBContent.pwd
load-verify-scheme:	0
crypto-type:	0
aes-ce-id:	0
aes-enc-key:	cert/key/KCEICV.txt
images-table:	cert/Images.txt
nvcounter-val:	1
cert-pkg:	cert/ICVSBContent.crt
2024-12-25 07:27:40,102 - **** Creating Content Certificate ****
2024-12-25 07:27:40,107 - **** Certificate file (context) creation has been completed successfully ****
2024-12-25 07:27:40,514 - Content Certificate Generation Utility started (Logging to sb_content_cert.log)
2024-12-25 07:27:40,514 - Parsing config file: cert/cfg/ICVSBContent.cfg
2024-12-25 07:27:40,514 - Parsed config items:
cert-keypair:	cert/key/ICVSBContent.pem
cert-keypair-pwd:	cert/key/ICVSBContent.pwd
load-verify-scheme:	0
crypto-type:	0
aes-ce-id:	0
aes-enc-key:	cert/key/KCEICV.txt
images-table:	cert/Images.txt
nvcounter-val:	1
cert-pkg:	cert/ICVSBContent.crt
2024-12-25 07:27:40,515 - **** Creating Content Certificate ****
2024-12-25 07:27:40,520 - **** Certificate file (context) creation has been completed successfully ****
2024-12-25 07:27:40,787 - Content Certificate Generation Utility started (Logging to sb_content_cert.log)
2024-12-25 07:27:40,787 - Parsing config file: cert/cfg/ICVSBContent.cfg
2024-12-25 07:27:40,787 - Parsed config items:
cert-keypair:	cert/key/ICVSBContent.pem
cert-keypair-pwd:	cert/key/ICVSBContent.pwd
load-verify-scheme:	0
crypto-type:	0
aes-ce-id:	0
aes-enc-key:	cert/key/KCEICV.txt
images-table:	cert/Images.txt
nvcounter-val:	1
cert-pkg:	cert/ICVSBContent.crt
2024-12-25 07:27:40,788 - **** Creating Content Certificate ****
2024-12-25 07:27:40,793 - **** Certificate file (context) creation has been completed successfully ****
2024-12-25 07:27:42,364 - Content Certificate Generation Utility started (Logging to sb_content_cert.log)
2024-12-25 07:27:42,364 - Parsing config file: cert/cfg/ICVSBContent.cfg
2024-12-25 07:27:42,365 - Parsed config items:
cert-keypair:	cert/key/ICVSBContent.pem
cert-keypair-pwd:	cert/key/ICVSBContent.pwd
load-verify-scheme:	0
crypto-type:	0
aes-ce-id:	0
aes-enc-key:	cert/key/KCEICV.txt
images-table:	cert/Images.txt
nvcounter-val:	1
cert-pkg:	cert/ICVSBContent.crt
2024-12-25 07:27:42,365 - **** Creating Content Certificate ****
2024-12-25 07:27:42,370 - **** Certificate file (context) creation has been completed successfully ****
2024-12-25 07:27:42,648 - Content Certificate Generation Utility started (Logging to sb_content_cert.log)
2024-12-25 07:27:42,648 - Parsing config file: cert/cfg/ICVSBContent.cfg
2024-12-25 07:27:42,648 - Parsed config items:
cert-keypair:	cert/key/ICVSBContent.pem
cert-keypair-pwd:	cert/key/ICVSBContent.pwd
load-verify-scheme:	0
crypto-type:	0
aes-ce-id:	0
aes-enc-key:	cert/key/KCEICV.txt
images-table:	cert/Images.txt
nvcounter-val:	1
cert-pkg:	cert/ICVSBContent.crt
2024-12-25 07:27:42,649 - **** Creating Content Certificate ****
2024-12-25 07:27:42,653 - **** Certificate file (context) creation has been completed successfully ****
2024-12-25 07:28:15,767 - Content Certificate Generation Utility started (Logging to sb_content_cert.log)
2024-12-25 07:28:15,767 - Parsing config file: cert/cfg/ICVSBContent.cfg
2024-12-25 07:28:15,767 - Parsed config items:
cert-keypair:	cert/key/ICVSBContent.pem
cert-keypair-pwd:	cert/key/ICVSBContent.pwd
load-verify-scheme:	0
crypto-type:	0
aes-ce-id:	0
aes-enc-key:	cert/key/KCEICV.txt
images-table:	cert/Images.txt
nvcounter-val:	1
cert-pkg:	cert/ICVSBContent.crt
2024-12-25 07:28:15,767 - **** Creating Content Certificate ****
2024-12-25 07:28:15,771 - **** Certificate file (context) creation has been completed successfully ****
2024-12-25 07:28:16,010 - Content Certificate Generation Utility started (Logging to sb_content_cert.log)
2024-12-25 07:28:16,010 - Parsing config file: cert/cfg/ICVSBContent.cfg
2024-12-25 07:28:16,010 - Parsed config items:
cert-keypair:	cert/key/ICVSBContent.pem
cert-keypair-pwd:	cert/key/ICVSBContent.pwd
load-verify-scheme:	0
crypto-type:	0
aes-ce-id:	0
aes-enc-key:	cert/key/KCEICV.txt
images-table:	cert/Images.txt
nvcounter-val:	1
cert-pkg:	cert/ICVSBContent.crt
2024-12-25 07:28:16,010 - **** Creating Content Certificate ****
2024-12-25 07:28:16,014 - **** Certificate file (context) creation has been completed successfully ****
2024-12-25 07:28:16,412 - Content Certificate Generation Utility started (Logging to sb_content_cert.log)
2024-12-25 07:28:16,413 - Parsing config file: cert/cfg/ICVSBContent.cfg
2024-12-25 07:28:16,413 - Parsed config items:
cert-keypair:	cert/key/ICVSBContent.pem
cert-keypair-pwd:	cert/key/ICVSBContent.pwd
load-verify-scheme:	0
crypto-type:	0
aes-ce-id:	0
aes-enc-key:	cert/key/KCEICV.txt
images-table:	cert/Images.txt
nvcounter-val:	1
cert-pkg:	cert/ICVSBContent.crt
2024-12-25 07:28:16,413 - **** Creating Content Certificate ****
2024-12-25 07:28:16,419 - **** Certificate file (context) creation has been completed successfully ****
2024-12-25 07:28:16,674 - Content Certificate Generation Utility started (Logging to sb_content_cert.log)
2024-12-25 07:28:16,674 - Parsing config file: cert/cfg/ICVSBContent.cfg
2024-12-25 07:28:16,675 - Parsed config items:
cert-keypair:	cert/key/ICVSBContent.pem
cert-keypair-pwd:	cert/key/ICVSBContent.pwd
load-verify-scheme:	0
crypto-type:	0
aes-ce-id:	0
aes-enc-key:	cert/key/KCEICV.txt
images-table:	cert/Images.txt
nvcounter-val:	1
cert-pkg:	cert/ICVSBContent.crt
2024-12-25 07:28:16,675 - **** Creating Content Certificate ****
2024-12-25 07:28:16,678 - **** Certificate file (context) creation has been completed successfully ****
2024-12-25 07:28:17,851 - Content Certificate Generation Utility started (Logging to sb_content_cert.log)
2024-12-25 07:28:17,851 - Parsing config file: cert/cfg/ICVSBContent.cfg
2024-12-25 07:28:17,851 - Parsed config items:
cert-keypair:	cert/key/ICVSBContent.pem
cert-keypair-pwd:	cert/key/ICVSBContent.pwd
load-verify-scheme:	0
crypto-type:	0
aes-ce-id:	0
aes-enc-key:	cert/key/KCEICV.txt
images-table:	cert/Images.txt
nvcounter-val:	1
cert-pkg:	cert/ICVSBContent.crt
2024-12-25 07:28:17,851 - **** Creating Content Certificate ****
2024-12-25 07:28:17,855 - **** Certificate file (context) creation has been completed successfully ****
2024-12-25 07:28:18,117 - Content Certificate Generation Utility started (Logging to sb_content_cert.log)
2024-12-25 07:28:18,117 - Parsing config file: cert/cfg/ICVSBContent.cfg
2024-12-25 07:28:18,117 - Parsed config items:
cert-keypair:	cert/key/ICVSBContent.pem
cert-keypair-pwd:	cert/key/ICVSBContent.pwd
load-verify-scheme:	0
crypto-type:	0
aes-ce-id:	0
aes-enc-key:	cert/key/KCEICV.txt
images-table:	cert/Images.txt
nvcounter-val:	1
cert-pkg:	cert/ICVSBContent.crt
2024-12-25 07:28:18,117 - **** Creating Content Certificate ****
2024-12-25 07:28:18,122 - **** Certificate file (context) creation has been completed successfully ****
2024-12-25 07:31:37,225 - Content Certificate Generation Utility started (Logging to sb_content_cert.log)
2024-12-25 07:31:37,225 - Parsing config file: cert/cfg/ICVSBContent.cfg
2024-12-25 07:31:37,225 - Parsed config items:
cert-keypair:	cert/key/ICVSBContent.pem
cert-keypair-pwd:	cert/key/ICVSBContent.pwd
load-verify-scheme:	0
crypto-type:	0
aes-ce-id:	0
aes-enc-key:	cert/key/KCEICV.txt
images-table:	cert/Images.txt
nvcounter-val:	1
cert-pkg:	cert/ICVSBContent.crt
2024-12-25 07:31:37,225 - **** Creating Content Certificate ****
2024-12-25 07:31:37,229 - **** Certificate file (context) creation has been completed successfully ****
2024-12-25 07:31:37,474 - Content Certificate Generation Utility started (Logging to sb_content_cert.log)
2024-12-25 07:31:37,474 - Parsing config file: cert/cfg/ICVSBContent.cfg
2024-12-25 07:31:37,474 - Parsed config items:
cert-keypair:	cert/key/ICVSBContent.pem
cert-keypair-pwd:	cert/key/ICVSBContent.pwd
load-verify-scheme:	0
crypto-type:	0
aes-ce-id:	0
aes-enc-key:	cert/key/KCEICV.txt
images-table:	cert/Images.txt
nvcounter-val:	1
cert-pkg:	cert/ICVSBContent.crt
2024-12-25 07:31:37,475 - **** Creating Content Certificate ****
2024-12-25 07:31:37,480 - **** Certificate file (context) creation has been completed successfully ****
2024-12-25 07:31:37,866 - Content Certificate Generation Utility started (Logging to sb_content_cert.log)
2024-12-25 07:31:37,866 - Parsing config file: cert/cfg/ICVSBContent.cfg
2024-12-25 07:31:37,866 - Parsed config items:
cert-keypair:	cert/key/ICVSBContent.pem
cert-keypair-pwd:	cert/key/ICVSBContent.pwd
load-verify-scheme:	0
crypto-type:	0
aes-ce-id:	0
aes-enc-key:	cert/key/KCEICV.txt
images-table:	cert/Images.txt
nvcounter-val:	1
cert-pkg:	cert/ICVSBContent.crt
2024-12-25 07:31:37,867 - **** Creating Content Certificate ****
2024-12-25 07:31:37,872 - **** Certificate file (context) creation has been completed successfully ****
2024-12-25 07:31:38,128 - Content Certificate Generation Utility started (Logging to sb_content_cert.log)
2024-12-25 07:31:38,128 - Parsing config file: cert/cfg/ICVSBContent.cfg
2024-12-25 07:31:38,128 - Parsed config items:
cert-keypair:	cert/key/ICVSBContent.pem
cert-keypair-pwd:	cert/key/ICVSBContent.pwd
load-verify-scheme:	0
crypto-type:	0
aes-ce-id:	0
aes-enc-key:	cert/key/KCEICV.txt
images-table:	cert/Images.txt
nvcounter-val:	1
cert-pkg:	cert/ICVSBContent.crt
2024-12-25 07:31:38,128 - **** Creating Content Certificate ****
2024-12-25 07:31:38,132 - **** Certificate file (context) creation has been completed successfully ****
2024-12-25 07:31:39,619 - Content Certificate Generation Utility started (Logging to sb_content_cert.log)
2024-12-25 07:31:39,620 - Parsing config file: cert/cfg/ICVSBContent.cfg
2024-12-25 07:31:39,620 - Parsed config items:
cert-keypair:	cert/key/ICVSBContent.pem
cert-keypair-pwd:	cert/key/ICVSBContent.pwd
load-verify-scheme:	0
crypto-type:	0
aes-ce-id:	0
aes-enc-key:	cert/key/KCEICV.txt
images-table:	cert/Images.txt
nvcounter-val:	1
cert-pkg:	cert/ICVSBContent.crt
2024-12-25 07:31:39,620 - **** Creating Content Certificate ****
2024-12-25 07:31:39,625 - **** Certificate file (context) creation has been completed successfully ****
2024-12-25 07:31:39,913 - Content Certificate Generation Utility started (Logging to sb_content_cert.log)
2024-12-25 07:31:39,913 - Parsing config file: cert/cfg/ICVSBContent.cfg
2024-12-25 07:31:39,914 - Parsed config items:
cert-keypair:	cert/key/ICVSBContent.pem
cert-keypair-pwd:	cert/key/ICVSBContent.pwd
load-verify-scheme:	0
crypto-type:	0
aes-ce-id:	0
aes-enc-key:	cert/key/KCEICV.txt
images-table:	cert/Images.txt
nvcounter-val:	1
cert-pkg:	cert/ICVSBContent.crt
2024-12-25 07:31:39,914 - **** Creating Content Certificate ****
2024-12-25 07:31:39,919 - **** Certificate file (context) creation has been completed successfully ****
2024-12-25 07:32:16,651 - Content Certificate Generation Utility started (Logging to sb_content_cert.log)
2024-12-25 07:32:16,651 - Parsing config file: cert/cfg/ICVSBContent.cfg
2024-12-25 07:32:16,651 - Parsed config items:
cert-keypair:	cert/key/ICVSBContent.pem
cert-keypair-pwd:	cert/key/ICVSBContent.pwd
load-verify-scheme:	0
crypto-type:	0
aes-ce-id:	0
aes-enc-key:	cert/key/KCEICV.txt
images-table:	cert/Images.txt
nvcounter-val:	1
cert-pkg:	cert/ICVSBContent.crt
2024-12-25 07:32:16,651 - **** Creating Content Certificate ****
2024-12-25 07:32:16,655 - **** Certificate file (context) creation has been completed successfully ****
2024-12-25 07:32:16,912 - Content Certificate Generation Utility started (Logging to sb_content_cert.log)
2024-12-25 07:32:16,912 - Parsing config file: cert/cfg/ICVSBContent.cfg
2024-12-25 07:32:16,913 - Parsed config items:
cert-keypair:	cert/key/ICVSBContent.pem
cert-keypair-pwd:	cert/key/ICVSBContent.pwd
load-verify-scheme:	0
crypto-type:	0
aes-ce-id:	0
aes-enc-key:	cert/key/KCEICV.txt
images-table:	cert/Images.txt
nvcounter-val:	1
cert-pkg:	cert/ICVSBContent.crt
2024-12-25 07:32:16,913 - **** Creating Content Certificate ****
2024-12-25 07:32:16,918 - **** Certificate file (context) creation has been completed successfully ****
2024-12-25 07:32:17,321 - Content Certificate Generation Utility started (Logging to sb_content_cert.log)
2024-12-25 07:32:17,322 - Parsing config file: cert/cfg/ICVSBContent.cfg
2024-12-25 07:32:17,322 - Parsed config items:
cert-keypair:	cert/key/ICVSBContent.pem
cert-keypair-pwd:	cert/key/ICVSBContent.pwd
load-verify-scheme:	0
crypto-type:	0
aes-ce-id:	0
aes-enc-key:	cert/key/KCEICV.txt
images-table:	cert/Images.txt
nvcounter-val:	1
cert-pkg:	cert/ICVSBContent.crt
2024-12-25 07:32:17,322 - **** Creating Content Certificate ****
2024-12-25 07:32:17,326 - **** Certificate file (context) creation has been completed successfully ****
2024-12-25 07:32:17,567 - Content Certificate Generation Utility started (Logging to sb_content_cert.log)
2024-12-25 07:32:17,567 - Parsing config file: cert/cfg/ICVSBContent.cfg
2024-12-25 07:32:17,567 - Parsed config items:
cert-keypair:	cert/key/ICVSBContent.pem
cert-keypair-pwd:	cert/key/ICVSBContent.pwd
load-verify-scheme:	0
crypto-type:	0
aes-ce-id:	0
aes-enc-key:	cert/key/KCEICV.txt
images-table:	cert/Images.txt
nvcounter-val:	1
cert-pkg:	cert/ICVSBContent.crt
2024-12-25 07:32:17,567 - **** Creating Content Certificate ****
2024-12-25 07:32:17,571 - **** Certificate file (context) creation has been completed successfully ****
2024-12-25 07:32:18,739 - Content Certificate Generation Utility started (Logging to sb_content_cert.log)
2024-12-25 07:32:18,739 - Parsing config file: cert/cfg/ICVSBContent.cfg
2024-12-25 07:32:18,739 - Parsed config items:
cert-keypair:	cert/key/ICVSBContent.pem
cert-keypair-pwd:	cert/key/ICVSBContent.pwd
load-verify-scheme:	0
crypto-type:	0
aes-ce-id:	0
aes-enc-key:	cert/key/KCEICV.txt
images-table:	cert/Images.txt
nvcounter-val:	1
cert-pkg:	cert/ICVSBContent.crt
2024-12-25 07:32:18,740 - **** Creating Content Certificate ****
2024-12-25 07:32:18,743 - **** Certificate file (context) creation has been completed successfully ****
2024-12-25 07:32:18,999 - Content Certificate Generation Utility started (Logging to sb_content_cert.log)
2024-12-25 07:32:18,999 - Parsing config file: cert/cfg/ICVSBContent.cfg
2024-12-25 07:32:19,000 - Parsed config items:
cert-keypair:	cert/key/ICVSBContent.pem
cert-keypair-pwd:	cert/key/ICVSBContent.pwd
load-verify-scheme:	0
crypto-type:	0
aes-ce-id:	0
aes-enc-key:	cert/key/KCEICV.txt
images-table:	cert/Images.txt
nvcounter-val:	1
cert-pkg:	cert/ICVSBContent.crt
2024-12-25 07:32:19,000 - **** Creating Content Certificate ****
2024-12-25 07:32:19,003 - **** Certificate file (context) creation has been completed successfully ****
2024-12-26 01:20:40,932 - Content Certificate Generation Utility started (Logging to sb_content_cert.log)
2024-12-26 01:20:40,932 - Parsing config file: cert/cfg/ICVSBContent.cfg
2024-12-26 01:20:40,933 - Parsed config items:
cert-keypair:	cert/key/ICVSBContent.pem
cert-keypair-pwd:	cert/key/ICVSBContent.pwd
load-verify-scheme:	0
crypto-type:	0
aes-ce-id:	0
aes-enc-key:	cert/key/KCEICV.txt
images-table:	cert/Images.txt
nvcounter-val:	1
cert-pkg:	cert/ICVSBContent.crt
2024-12-26 01:20:40,933 - **** Creating Content Certificate ****
2024-12-26 01:20:40,938 - **** Certificate file (context) creation has been completed successfully ****
2024-12-26 01:20:41,218 - Content Certificate Generation Utility started (Logging to sb_content_cert.log)
2024-12-26 01:20:41,218 - Parsing config file: cert/cfg/ICVSBContent.cfg
2024-12-26 01:20:41,218 - Parsed config items:
cert-keypair:	cert/key/ICVSBContent.pem
cert-keypair-pwd:	cert/key/ICVSBContent.pwd
load-verify-scheme:	0
crypto-type:	0
aes-ce-id:	0
aes-enc-key:	cert/key/KCEICV.txt
images-table:	cert/Images.txt
nvcounter-val:	1
cert-pkg:	cert/ICVSBContent.crt
2024-12-26 01:20:41,219 - **** Creating Content Certificate ****
2024-12-26 01:20:41,224 - **** Certificate file (context) creation has been completed successfully ****
2024-12-26 01:20:41,687 - Content Certificate Generation Utility started (Logging to sb_content_cert.log)
2024-12-26 01:20:41,688 - Parsing config file: cert/cfg/ICVSBContent.cfg
2024-12-26 01:20:41,688 - Parsed config items:
cert-keypair:	cert/key/ICVSBContent.pem
cert-keypair-pwd:	cert/key/ICVSBContent.pwd
load-verify-scheme:	0
crypto-type:	0
aes-ce-id:	0
aes-enc-key:	cert/key/KCEICV.txt
images-table:	cert/Images.txt
nvcounter-val:	1
cert-pkg:	cert/ICVSBContent.crt
2024-12-26 01:20:41,688 - **** Creating Content Certificate ****
2024-12-26 01:20:41,694 - **** Certificate file (context) creation has been completed successfully ****
2024-12-26 01:20:41,979 - Content Certificate Generation Utility started (Logging to sb_content_cert.log)
2024-12-26 01:20:41,979 - Parsing config file: cert/cfg/ICVSBContent.cfg
2024-12-26 01:20:41,980 - Parsed config items:
cert-keypair:	cert/key/ICVSBContent.pem
cert-keypair-pwd:	cert/key/ICVSBContent.pwd
load-verify-scheme:	0
crypto-type:	0
aes-ce-id:	0
aes-enc-key:	cert/key/KCEICV.txt
images-table:	cert/Images.txt
nvcounter-val:	1
cert-pkg:	cert/ICVSBContent.crt
2024-12-26 01:20:41,980 - **** Creating Content Certificate ****
2024-12-26 01:20:41,985 - **** Certificate file (context) creation has been completed successfully ****
2024-12-26 01:20:43,613 - Content Certificate Generation Utility started (Logging to sb_content_cert.log)
2024-12-26 01:20:43,613 - Parsing config file: cert/cfg/ICVSBContent.cfg
2024-12-26 01:20:43,613 - Parsed config items:
cert-keypair:	cert/key/ICVSBContent.pem
cert-keypair-pwd:	cert/key/ICVSBContent.pwd
load-verify-scheme:	0
crypto-type:	0
aes-ce-id:	0
aes-enc-key:	cert/key/KCEICV.txt
images-table:	cert/Images.txt
nvcounter-val:	1
cert-pkg:	cert/ICVSBContent.crt
2024-12-26 01:20:43,613 - **** Creating Content Certificate ****
2024-12-26 01:20:43,618 - **** Certificate file (context) creation has been completed successfully ****
2024-12-26 01:20:43,917 - Content Certificate Generation Utility started (Logging to sb_content_cert.log)
2024-12-26 01:20:43,917 - Parsing config file: cert/cfg/ICVSBContent.cfg
2024-12-26 01:20:43,917 - Parsed config items:
cert-keypair:	cert/key/ICVSBContent.pem
cert-keypair-pwd:	cert/key/ICVSBContent.pwd
load-verify-scheme:	0
crypto-type:	0
aes-ce-id:	0
aes-enc-key:	cert/key/KCEICV.txt
images-table:	cert/Images.txt
nvcounter-val:	1
cert-pkg:	cert/ICVSBContent.crt
2024-12-26 01:20:43,918 - **** Creating Content Certificate ****
2024-12-26 01:20:43,923 - **** Certificate file (context) creation has been completed successfully ****
2024-12-26 01:22:30,545 - Content Certificate Generation Utility started (Logging to sb_content_cert.log)
2024-12-26 01:22:30,545 - Parsing config file: cert/cfg/ICVSBContent.cfg
2024-12-26 01:22:30,545 - Parsed config items:
cert-keypair:	cert/key/ICVSBContent.pem
cert-keypair-pwd:	cert/key/ICVSBContent.pwd
load-verify-scheme:	0
crypto-type:	0
aes-ce-id:	0
aes-enc-key:	cert/key/KCEICV.txt
images-table:	cert/Images.txt
nvcounter-val:	1
cert-pkg:	cert/ICVSBContent.crt
2024-12-26 01:22:30,546 - **** Creating Content Certificate ****
2024-12-26 01:22:30,551 - **** Certificate file (context) creation has been completed successfully ****
2024-12-26 01:22:30,831 - Content Certificate Generation Utility started (Logging to sb_content_cert.log)
2024-12-26 01:22:30,832 - Parsing config file: cert/cfg/ICVSBContent.cfg
2024-12-26 01:22:30,832 - Parsed config items:
cert-keypair:	cert/key/ICVSBContent.pem
cert-keypair-pwd:	cert/key/ICVSBContent.pwd
load-verify-scheme:	0
crypto-type:	0
aes-ce-id:	0
aes-enc-key:	cert/key/KCEICV.txt
images-table:	cert/Images.txt
nvcounter-val:	1
cert-pkg:	cert/ICVSBContent.crt
2024-12-26 01:22:30,832 - **** Creating Content Certificate ****
2024-12-26 01:22:30,837 - **** Certificate file (context) creation has been completed successfully ****
2024-12-26 01:22:31,301 - Content Certificate Generation Utility started (Logging to sb_content_cert.log)
2024-12-26 01:22:31,301 - Parsing config file: cert/cfg/ICVSBContent.cfg
2024-12-26 01:22:31,301 - Parsed config items:
cert-keypair:	cert/key/ICVSBContent.pem
cert-keypair-pwd:	cert/key/ICVSBContent.pwd
load-verify-scheme:	0
crypto-type:	0
aes-ce-id:	0
aes-enc-key:	cert/key/KCEICV.txt
images-table:	cert/Images.txt
nvcounter-val:	1
cert-pkg:	cert/ICVSBContent.crt
2024-12-26 01:22:31,302 - **** Creating Content Certificate ****
2024-12-26 01:22:31,308 - **** Certificate file (context) creation has been completed successfully ****
2024-12-26 01:22:31,593 - Content Certificate Generation Utility started (Logging to sb_content_cert.log)
2024-12-26 01:22:31,593 - Parsing config file: cert/cfg/ICVSBContent.cfg
2024-12-26 01:22:31,593 - Parsed config items:
cert-keypair:	cert/key/ICVSBContent.pem
cert-keypair-pwd:	cert/key/ICVSBContent.pwd
load-verify-scheme:	0
crypto-type:	0
aes-ce-id:	0
aes-enc-key:	cert/key/KCEICV.txt
images-table:	cert/Images.txt
nvcounter-val:	1
cert-pkg:	cert/ICVSBContent.crt
2024-12-26 01:22:31,594 - **** Creating Content Certificate ****
2024-12-26 01:22:31,599 - **** Certificate file (context) creation has been completed successfully ****
2024-12-26 01:22:33,219 - Content Certificate Generation Utility started (Logging to sb_content_cert.log)
2024-12-26 01:22:33,219 - Parsing config file: cert/cfg/ICVSBContent.cfg
2024-12-26 01:22:33,219 - Parsed config items:
cert-keypair:	cert/key/ICVSBContent.pem
cert-keypair-pwd:	cert/key/ICVSBContent.pwd
load-verify-scheme:	0
crypto-type:	0
aes-ce-id:	0
aes-enc-key:	cert/key/KCEICV.txt
images-table:	cert/Images.txt
nvcounter-val:	1
cert-pkg:	cert/ICVSBContent.crt
2024-12-26 01:22:33,220 - **** Creating Content Certificate ****
2024-12-26 01:22:33,225 - **** Certificate file (context) creation has been completed successfully ****
2024-12-26 01:22:33,524 - Content Certificate Generation Utility started (Logging to sb_content_cert.log)
2024-12-26 01:22:33,524 - Parsing config file: cert/cfg/ICVSBContent.cfg
2024-12-26 01:22:33,525 - Parsed config items:
cert-keypair:	cert/key/ICVSBContent.pem
cert-keypair-pwd:	cert/key/ICVSBContent.pwd
load-verify-scheme:	0
crypto-type:	0
aes-ce-id:	0
aes-enc-key:	cert/key/KCEICV.txt
images-table:	cert/Images.txt
nvcounter-val:	1
cert-pkg:	cert/ICVSBContent.crt
2024-12-26 01:22:33,525 - **** Creating Content Certificate ****
2024-12-26 01:22:33,530 - **** Certificate file (context) creation has been completed successfully ****
2024-12-26 01:27:55,980 - Content Certificate Generation Utility started (Logging to sb_content_cert.log)
2024-12-26 01:27:55,980 - Parsing config file: cert/cfg/ICVSBContent.cfg
2024-12-26 01:27:55,980 - Parsed config items:
cert-keypair:	cert/key/ICVSBContent.pem
cert-keypair-pwd:	cert/key/ICVSBContent.pwd
load-verify-scheme:	0
crypto-type:	0
aes-ce-id:	0
aes-enc-key:	cert/key/KCEICV.txt
images-table:	cert/Images.txt
nvcounter-val:	1
cert-pkg:	cert/ICVSBContent.crt
2024-12-26 01:27:55,981 - **** Creating Content Certificate ****
2024-12-26 01:27:55,986 - **** Certificate file (context) creation has been completed successfully ****
2024-12-26 01:27:56,271 - Content Certificate Generation Utility started (Logging to sb_content_cert.log)
2024-12-26 01:27:56,272 - Parsing config file: cert/cfg/ICVSBContent.cfg
2024-12-26 01:27:56,272 - Parsed config items:
cert-keypair:	cert/key/ICVSBContent.pem
cert-keypair-pwd:	cert/key/ICVSBContent.pwd
load-verify-scheme:	0
crypto-type:	0
aes-ce-id:	0
aes-enc-key:	cert/key/KCEICV.txt
images-table:	cert/Images.txt
nvcounter-val:	1
cert-pkg:	cert/ICVSBContent.crt
2024-12-26 01:27:56,272 - **** Creating Content Certificate ****
2024-12-26 01:27:56,277 - **** Certificate file (context) creation has been completed successfully ****
2024-12-26 01:27:56,739 - Content Certificate Generation Utility started (Logging to sb_content_cert.log)
2024-12-26 01:27:56,740 - Parsing config file: cert/cfg/ICVSBContent.cfg
2024-12-26 01:27:56,740 - Parsed config items:
cert-keypair:	cert/key/ICVSBContent.pem
cert-keypair-pwd:	cert/key/ICVSBContent.pwd
load-verify-scheme:	0
crypto-type:	0
aes-ce-id:	0
aes-enc-key:	cert/key/KCEICV.txt
images-table:	cert/Images.txt
nvcounter-val:	1
cert-pkg:	cert/ICVSBContent.crt
2024-12-26 01:27:56,740 - **** Creating Content Certificate ****
2024-12-26 01:27:56,746 - **** Certificate file (context) creation has been completed successfully ****
2024-12-26 01:27:57,030 - Content Certificate Generation Utility started (Logging to sb_content_cert.log)
2024-12-26 01:27:57,030 - Parsing config file: cert/cfg/ICVSBContent.cfg
2024-12-26 01:27:57,031 - Parsed config items:
cert-keypair:	cert/key/ICVSBContent.pem
cert-keypair-pwd:	cert/key/ICVSBContent.pwd
load-verify-scheme:	0
crypto-type:	0
aes-ce-id:	0
aes-enc-key:	cert/key/KCEICV.txt
images-table:	cert/Images.txt
nvcounter-val:	1
cert-pkg:	cert/ICVSBContent.crt
2024-12-26 01:27:57,031 - **** Creating Content Certificate ****
2024-12-26 01:27:57,036 - **** Certificate file (context) creation has been completed successfully ****
2024-12-26 01:27:58,656 - Content Certificate Generation Utility started (Logging to sb_content_cert.log)
2024-12-26 01:27:58,656 - Parsing config file: cert/cfg/ICVSBContent.cfg
2024-12-26 01:27:58,656 - Parsed config items:
cert-keypair:	cert/key/ICVSBContent.pem
cert-keypair-pwd:	cert/key/ICVSBContent.pwd
load-verify-scheme:	0
crypto-type:	0
aes-ce-id:	0
aes-enc-key:	cert/key/KCEICV.txt
images-table:	cert/Images.txt
nvcounter-val:	1
cert-pkg:	cert/ICVSBContent.crt
2024-12-26 01:27:58,657 - **** Creating Content Certificate ****
2024-12-26 01:27:58,662 - **** Certificate file (context) creation has been completed successfully ****
2024-12-26 01:27:58,962 - Content Certificate Generation Utility started (Logging to sb_content_cert.log)
2024-12-26 01:27:58,962 - Parsing config file: cert/cfg/ICVSBContent.cfg
2024-12-26 01:27:58,962 - Parsed config items:
cert-keypair:	cert/key/ICVSBContent.pem
cert-keypair-pwd:	cert/key/ICVSBContent.pwd
load-verify-scheme:	0
crypto-type:	0
aes-ce-id:	0
aes-enc-key:	cert/key/KCEICV.txt
images-table:	cert/Images.txt
nvcounter-val:	1
cert-pkg:	cert/ICVSBContent.crt
2024-12-26 01:27:58,962 - **** Creating Content Certificate ****
2024-12-26 01:27:58,967 - **** Certificate file (context) creation has been completed successfully ****
2024-12-26 01:31:27,386 - Content Certificate Generation Utility started (Logging to sb_content_cert.log)
2024-12-26 01:31:27,386 - Parsing config file: cert/cfg/ICVSBContent.cfg
2024-12-26 01:31:27,386 - Parsed config items:
cert-keypair:	cert/key/ICVSBContent.pem
cert-keypair-pwd:	cert/key/ICVSBContent.pwd
load-verify-scheme:	0
crypto-type:	0
aes-ce-id:	0
aes-enc-key:	cert/key/KCEICV.txt
images-table:	cert/Images.txt
nvcounter-val:	1
cert-pkg:	cert/ICVSBContent.crt
2024-12-26 01:31:27,386 - **** Creating Content Certificate ****
2024-12-26 01:31:27,391 - **** Certificate file (context) creation has been completed successfully ****
2024-12-26 01:31:27,675 - Content Certificate Generation Utility started (Logging to sb_content_cert.log)
2024-12-26 01:31:27,675 - Parsing config file: cert/cfg/ICVSBContent.cfg
2024-12-26 01:31:27,675 - Parsed config items:
cert-keypair:	cert/key/ICVSBContent.pem
cert-keypair-pwd:	cert/key/ICVSBContent.pwd
load-verify-scheme:	0
crypto-type:	0
aes-ce-id:	0
aes-enc-key:	cert/key/KCEICV.txt
images-table:	cert/Images.txt
nvcounter-val:	1
cert-pkg:	cert/ICVSBContent.crt
2024-12-26 01:31:27,676 - **** Creating Content Certificate ****
2024-12-26 01:31:27,681 - **** Certificate file (context) creation has been completed successfully ****
2024-12-26 01:31:28,126 - Content Certificate Generation Utility started (Logging to sb_content_cert.log)
2024-12-26 01:31:28,126 - Parsing config file: cert/cfg/ICVSBContent.cfg
2024-12-26 01:31:28,127 - Parsed config items:
cert-keypair:	cert/key/ICVSBContent.pem
cert-keypair-pwd:	cert/key/ICVSBContent.pwd
load-verify-scheme:	0
crypto-type:	0
aes-ce-id:	0
aes-enc-key:	cert/key/KCEICV.txt
images-table:	cert/Images.txt
nvcounter-val:	1
cert-pkg:	cert/ICVSBContent.crt
2024-12-26 01:31:28,127 - **** Creating Content Certificate ****
2024-12-26 01:31:28,133 - **** Certificate file (context) creation has been completed successfully ****
2024-12-26 01:31:28,418 - Content Certificate Generation Utility started (Logging to sb_content_cert.log)
2024-12-26 01:31:28,418 - Parsing config file: cert/cfg/ICVSBContent.cfg
2024-12-26 01:31:28,419 - Parsed config items:
cert-keypair:	cert/key/ICVSBContent.pem
cert-keypair-pwd:	cert/key/ICVSBContent.pwd
load-verify-scheme:	0
crypto-type:	0
aes-ce-id:	0
aes-enc-key:	cert/key/KCEICV.txt
images-table:	cert/Images.txt
nvcounter-val:	1
cert-pkg:	cert/ICVSBContent.crt
2024-12-26 01:31:28,419 - **** Creating Content Certificate ****
2024-12-26 01:31:28,424 - **** Certificate file (context) creation has been completed successfully ****
2024-12-26 01:31:30,026 - Content Certificate Generation Utility started (Logging to sb_content_cert.log)
2024-12-26 01:31:30,026 - Parsing config file: cert/cfg/ICVSBContent.cfg
2024-12-26 01:31:30,026 - Parsed config items:
cert-keypair:	cert/key/ICVSBContent.pem
cert-keypair-pwd:	cert/key/ICVSBContent.pwd
load-verify-scheme:	0
crypto-type:	0
aes-ce-id:	0
aes-enc-key:	cert/key/KCEICV.txt
images-table:	cert/Images.txt
nvcounter-val:	1
cert-pkg:	cert/ICVSBContent.crt
2024-12-26 01:31:30,027 - **** Creating Content Certificate ****
2024-12-26 01:31:30,032 - **** Certificate file (context) creation has been completed successfully ****
2024-12-26 01:31:30,330 - Content Certificate Generation Utility started (Logging to sb_content_cert.log)
2024-12-26 01:31:30,330 - Parsing config file: cert/cfg/ICVSBContent.cfg
2024-12-26 01:31:30,331 - Parsed config items:
cert-keypair:	cert/key/ICVSBContent.pem
cert-keypair-pwd:	cert/key/ICVSBContent.pwd
load-verify-scheme:	0
crypto-type:	0
aes-ce-id:	0
aes-enc-key:	cert/key/KCEICV.txt
images-table:	cert/Images.txt
nvcounter-val:	1
cert-pkg:	cert/ICVSBContent.crt
2024-12-26 01:31:30,331 - **** Creating Content Certificate ****
2024-12-26 01:31:30,336 - **** Certificate file (context) creation has been completed successfully ****
2024-12-26 01:31:59,185 - Content Certificate Generation Utility started (Logging to sb_content_cert.log)
2024-12-26 01:31:59,185 - Parsing config file: cert/cfg/ICVSBContent.cfg
2024-12-26 01:31:59,185 - Parsed config items:
cert-keypair:	cert/key/ICVSBContent.pem
cert-keypair-pwd:	cert/key/ICVSBContent.pwd
load-verify-scheme:	0
crypto-type:	0
aes-ce-id:	0
aes-enc-key:	cert/key/KCEICV.txt
images-table:	cert/Images.txt
nvcounter-val:	1
cert-pkg:	cert/ICVSBContent.crt
2024-12-26 01:31:59,186 - **** Creating Content Certificate ****
2024-12-26 01:31:59,191 - **** Certificate file (context) creation has been completed successfully ****
2024-12-26 01:31:59,470 - Content Certificate Generation Utility started (Logging to sb_content_cert.log)
2024-12-26 01:31:59,470 - Parsing config file: cert/cfg/ICVSBContent.cfg
2024-12-26 01:31:59,470 - Parsed config items:
cert-keypair:	cert/key/ICVSBContent.pem
cert-keypair-pwd:	cert/key/ICVSBContent.pwd
load-verify-scheme:	0
crypto-type:	0
aes-ce-id:	0
aes-enc-key:	cert/key/KCEICV.txt
images-table:	cert/Images.txt
nvcounter-val:	1
cert-pkg:	cert/ICVSBContent.crt
2024-12-26 01:31:59,470 - **** Creating Content Certificate ****
2024-12-26 01:31:59,476 - **** Certificate file (context) creation has been completed successfully ****
2024-12-26 01:31:59,942 - Content Certificate Generation Utility started (Logging to sb_content_cert.log)
2024-12-26 01:31:59,942 - Parsing config file: cert/cfg/ICVSBContent.cfg
2024-12-26 01:31:59,942 - Parsed config items:
cert-keypair:	cert/key/ICVSBContent.pem
cert-keypair-pwd:	cert/key/ICVSBContent.pwd
load-verify-scheme:	0
crypto-type:	0
aes-ce-id:	0
aes-enc-key:	cert/key/KCEICV.txt
images-table:	cert/Images.txt
nvcounter-val:	1
cert-pkg:	cert/ICVSBContent.crt
2024-12-26 01:31:59,943 - **** Creating Content Certificate ****
2024-12-26 01:31:59,949 - **** Certificate file (context) creation has been completed successfully ****
2024-12-26 01:32:00,232 - Content Certificate Generation Utility started (Logging to sb_content_cert.log)
2024-12-26 01:32:00,233 - Parsing config file: cert/cfg/ICVSBContent.cfg
2024-12-26 01:32:00,233 - Parsed config items:
cert-keypair:	cert/key/ICVSBContent.pem
cert-keypair-pwd:	cert/key/ICVSBContent.pwd
load-verify-scheme:	0
crypto-type:	0
aes-ce-id:	0
aes-enc-key:	cert/key/KCEICV.txt
images-table:	cert/Images.txt
nvcounter-val:	1
cert-pkg:	cert/ICVSBContent.crt
2024-12-26 01:32:00,233 - **** Creating Content Certificate ****
2024-12-26 01:32:00,238 - **** Certificate file (context) creation has been completed successfully ****
2024-12-26 01:32:01,824 - Content Certificate Generation Utility started (Logging to sb_content_cert.log)
2024-12-26 01:32:01,825 - Parsing config file: cert/cfg/ICVSBContent.cfg
2024-12-26 01:32:01,825 - Parsed config items:
cert-keypair:	cert/key/ICVSBContent.pem
cert-keypair-pwd:	cert/key/ICVSBContent.pwd
load-verify-scheme:	0
crypto-type:	0
aes-ce-id:	0
aes-enc-key:	cert/key/KCEICV.txt
images-table:	cert/Images.txt
nvcounter-val:	1
cert-pkg:	cert/ICVSBContent.crt
2024-12-26 01:32:01,825 - **** Creating Content Certificate ****
2024-12-26 01:32:01,830 - **** Certificate file (context) creation has been completed successfully ****
2024-12-26 01:32:02,132 - Content Certificate Generation Utility started (Logging to sb_content_cert.log)
2024-12-26 01:32:02,132 - Parsing config file: cert/cfg/ICVSBContent.cfg
2024-12-26 01:32:02,132 - Parsed config items:
cert-keypair:	cert/key/ICVSBContent.pem
cert-keypair-pwd:	cert/key/ICVSBContent.pwd
load-verify-scheme:	0
crypto-type:	0
aes-ce-id:	0
aes-enc-key:	cert/key/KCEICV.txt
images-table:	cert/Images.txt
nvcounter-val:	1
cert-pkg:	cert/ICVSBContent.crt
2024-12-26 01:32:02,133 - **** Creating Content Certificate ****
2024-12-26 01:32:02,138 - **** Certificate file (context) creation has been completed successfully ****
2024-12-26 01:33:20,235 - Content Certificate Generation Utility started (Logging to sb_content_cert.log)
2024-12-26 01:33:20,235 - Parsing config file: cert/cfg/ICVSBContent.cfg
2024-12-26 01:33:20,235 - Parsed config items:
cert-keypair:	cert/key/ICVSBContent.pem
cert-keypair-pwd:	cert/key/ICVSBContent.pwd
load-verify-scheme:	0
crypto-type:	0
aes-ce-id:	0
aes-enc-key:	cert/key/KCEICV.txt
images-table:	cert/Images.txt
nvcounter-val:	1
cert-pkg:	cert/ICVSBContent.crt
2024-12-26 01:33:20,236 - **** Creating Content Certificate ****
2024-12-26 01:33:20,241 - **** Certificate file (context) creation has been completed successfully ****
2024-12-26 01:33:20,522 - Content Certificate Generation Utility started (Logging to sb_content_cert.log)
2024-12-26 01:33:20,522 - Parsing config file: cert/cfg/ICVSBContent.cfg
2024-12-26 01:33:20,523 - Parsed config items:
cert-keypair:	cert/key/ICVSBContent.pem
cert-keypair-pwd:	cert/key/ICVSBContent.pwd
load-verify-scheme:	0
crypto-type:	0
aes-ce-id:	0
aes-enc-key:	cert/key/KCEICV.txt
images-table:	cert/Images.txt
nvcounter-val:	1
cert-pkg:	cert/ICVSBContent.crt
2024-12-26 01:33:20,523 - **** Creating Content Certificate ****
2024-12-26 01:33:20,528 - **** Certificate file (context) creation has been completed successfully ****
2024-12-26 01:33:20,984 - Content Certificate Generation Utility started (Logging to sb_content_cert.log)
2024-12-26 01:33:20,985 - Parsing config file: cert/cfg/ICVSBContent.cfg
2024-12-26 01:33:20,985 - Parsed config items:
cert-keypair:	cert/key/ICVSBContent.pem
cert-keypair-pwd:	cert/key/ICVSBContent.pwd
load-verify-scheme:	0
crypto-type:	0
aes-ce-id:	0
aes-enc-key:	cert/key/KCEICV.txt
images-table:	cert/Images.txt
nvcounter-val:	1
cert-pkg:	cert/ICVSBContent.crt
2024-12-26 01:33:20,985 - **** Creating Content Certificate ****
2024-12-26 01:33:20,991 - **** Certificate file (context) creation has been completed successfully ****
2024-12-26 01:33:21,277 - Content Certificate Generation Utility started (Logging to sb_content_cert.log)
2024-12-26 01:33:21,277 - Parsing config file: cert/cfg/ICVSBContent.cfg
2024-12-26 01:33:21,277 - Parsed config items:
cert-keypair:	cert/key/ICVSBContent.pem
cert-keypair-pwd:	cert/key/ICVSBContent.pwd
load-verify-scheme:	0
crypto-type:	0
aes-ce-id:	0
aes-enc-key:	cert/key/KCEICV.txt
images-table:	cert/Images.txt
nvcounter-val:	1
cert-pkg:	cert/ICVSBContent.crt
2024-12-26 01:33:21,278 - **** Creating Content Certificate ****
2024-12-26 01:33:21,283 - **** Certificate file (context) creation has been completed successfully ****
2024-12-26 01:33:22,889 - Content Certificate Generation Utility started (Logging to sb_content_cert.log)
2024-12-26 01:33:22,889 - Parsing config file: cert/cfg/ICVSBContent.cfg
2024-12-26 01:33:22,890 - Parsed config items:
cert-keypair:	cert/key/ICVSBContent.pem
cert-keypair-pwd:	cert/key/ICVSBContent.pwd
load-verify-scheme:	0
crypto-type:	0
aes-ce-id:	0
aes-enc-key:	cert/key/KCEICV.txt
images-table:	cert/Images.txt
nvcounter-val:	1
cert-pkg:	cert/ICVSBContent.crt
2024-12-26 01:33:22,890 - **** Creating Content Certificate ****
2024-12-26 01:33:22,895 - **** Certificate file (context) creation has been completed successfully ****
2024-12-26 01:33:23,181 - Content Certificate Generation Utility started (Logging to sb_content_cert.log)
2024-12-26 01:33:23,181 - Parsing config file: cert/cfg/ICVSBContent.cfg
2024-12-26 01:33:23,181 - Parsed config items:
cert-keypair:	cert/key/ICVSBContent.pem
cert-keypair-pwd:	cert/key/ICVSBContent.pwd
load-verify-scheme:	0
crypto-type:	0
aes-ce-id:	0
aes-enc-key:	cert/key/KCEICV.txt
images-table:	cert/Images.txt
nvcounter-val:	1
cert-pkg:	cert/ICVSBContent.crt
2024-12-26 01:33:23,181 - **** Creating Content Certificate ****
2024-12-26 01:33:23,186 - **** Certificate file (context) creation has been completed successfully ****
2024-12-26 01:49:24,147 - Content Certificate Generation Utility started (Logging to sb_content_cert.log)
2024-12-26 01:49:24,147 - Parsing config file: cert/cfg/ICVSBContent.cfg
2024-12-26 01:49:24,148 - Parsed config items:
cert-keypair:	cert/key/ICVSBContent.pem
cert-keypair-pwd:	cert/key/ICVSBContent.pwd
load-verify-scheme:	0
crypto-type:	0
aes-ce-id:	0
aes-enc-key:	cert/key/KCEICV.txt
images-table:	cert/Images.txt
nvcounter-val:	1
cert-pkg:	cert/ICVSBContent.crt
2024-12-26 01:49:24,148 - **** Creating Content Certificate ****
2024-12-26 01:49:24,153 - **** Certificate file (context) creation has been completed successfully ****
2024-12-26 01:49:24,430 - Content Certificate Generation Utility started (Logging to sb_content_cert.log)
2024-12-26 01:49:24,431 - Parsing config file: cert/cfg/ICVSBContent.cfg
2024-12-26 01:49:24,431 - Parsed config items:
cert-keypair:	cert/key/ICVSBContent.pem
cert-keypair-pwd:	cert/key/ICVSBContent.pwd
load-verify-scheme:	0
crypto-type:	0
aes-ce-id:	0
aes-enc-key:	cert/key/KCEICV.txt
images-table:	cert/Images.txt
nvcounter-val:	1
cert-pkg:	cert/ICVSBContent.crt
2024-12-26 01:49:24,431 - **** Creating Content Certificate ****
2024-12-26 01:49:24,436 - **** Certificate file (context) creation has been completed successfully ****
2024-12-26 01:49:24,893 - Content Certificate Generation Utility started (Logging to sb_content_cert.log)
2024-12-26 01:49:24,894 - Parsing config file: cert/cfg/ICVSBContent.cfg
2024-12-26 01:49:24,894 - Parsed config items:
cert-keypair:	cert/key/ICVSBContent.pem
cert-keypair-pwd:	cert/key/ICVSBContent.pwd
load-verify-scheme:	0
crypto-type:	0
aes-ce-id:	0
aes-enc-key:	cert/key/KCEICV.txt
images-table:	cert/Images.txt
nvcounter-val:	1
cert-pkg:	cert/ICVSBContent.crt
2024-12-26 01:49:24,894 - **** Creating Content Certificate ****
2024-12-26 01:49:24,900 - **** Certificate file (context) creation has been completed successfully ****
2024-12-26 01:49:25,185 - Content Certificate Generation Utility started (Logging to sb_content_cert.log)
2024-12-26 01:49:25,185 - Parsing config file: cert/cfg/ICVSBContent.cfg
2024-12-26 01:49:25,185 - Parsed config items:
cert-keypair:	cert/key/ICVSBContent.pem
cert-keypair-pwd:	cert/key/ICVSBContent.pwd
load-verify-scheme:	0
crypto-type:	0
aes-ce-id:	0
aes-enc-key:	cert/key/KCEICV.txt
images-table:	cert/Images.txt
nvcounter-val:	1
cert-pkg:	cert/ICVSBContent.crt
2024-12-26 01:49:25,185 - **** Creating Content Certificate ****
2024-12-26 01:49:25,190 - **** Certificate file (context) creation has been completed successfully ****
2024-12-26 01:49:26,788 - Content Certificate Generation Utility started (Logging to sb_content_cert.log)
2024-12-26 01:49:26,788 - Parsing config file: cert/cfg/ICVSBContent.cfg
2024-12-26 01:49:26,789 - Parsed config items:
cert-keypair:	cert/key/ICVSBContent.pem
cert-keypair-pwd:	cert/key/ICVSBContent.pwd
load-verify-scheme:	0
crypto-type:	0
aes-ce-id:	0
aes-enc-key:	cert/key/KCEICV.txt
images-table:	cert/Images.txt
nvcounter-val:	1
cert-pkg:	cert/ICVSBContent.crt
2024-12-26 01:49:26,789 - **** Creating Content Certificate ****
2024-12-26 01:49:26,794 - **** Certificate file (context) creation has been completed successfully ****
2024-12-26 01:49:27,097 - Content Certificate Generation Utility started (Logging to sb_content_cert.log)
2024-12-26 01:49:27,097 - Parsing config file: cert/cfg/ICVSBContent.cfg
2024-12-26 01:49:27,098 - Parsed config items:
cert-keypair:	cert/key/ICVSBContent.pem
cert-keypair-pwd:	cert/key/ICVSBContent.pwd
load-verify-scheme:	0
crypto-type:	0
aes-ce-id:	0
aes-enc-key:	cert/key/KCEICV.txt
images-table:	cert/Images.txt
nvcounter-val:	1
cert-pkg:	cert/ICVSBContent.crt
2024-12-26 01:49:27,098 - **** Creating Content Certificate ****
2024-12-26 01:49:27,103 - **** Certificate file (context) creation has been completed successfully ****
2024-12-26 01:52:34,893 - Content Certificate Generation Utility started (Logging to sb_content_cert.log)
2024-12-26 01:52:34,893 - Parsing config file: cert/cfg/ICVSBContent.cfg
2024-12-26 01:52:34,893 - Parsed config items:
cert-keypair:	cert/key/ICVSBContent.pem
cert-keypair-pwd:	cert/key/ICVSBContent.pwd
load-verify-scheme:	0
crypto-type:	0
aes-ce-id:	0
aes-enc-key:	cert/key/KCEICV.txt
images-table:	cert/Images.txt
nvcounter-val:	1
cert-pkg:	cert/ICVSBContent.crt
2024-12-26 01:52:34,894 - **** Creating Content Certificate ****
2024-12-26 01:52:34,899 - **** Certificate file (context) creation has been completed successfully ****
2024-12-26 01:52:35,181 - Content Certificate Generation Utility started (Logging to sb_content_cert.log)
2024-12-26 01:52:35,182 - Parsing config file: cert/cfg/ICVSBContent.cfg
2024-12-26 01:52:35,182 - Parsed config items:
cert-keypair:	cert/key/ICVSBContent.pem
cert-keypair-pwd:	cert/key/ICVSBContent.pwd
load-verify-scheme:	0
crypto-type:	0
aes-ce-id:	0
aes-enc-key:	cert/key/KCEICV.txt
images-table:	cert/Images.txt
nvcounter-val:	1
cert-pkg:	cert/ICVSBContent.crt
2024-12-26 01:52:35,182 - **** Creating Content Certificate ****
2024-12-26 01:52:35,187 - **** Certificate file (context) creation has been completed successfully ****
2024-12-26 01:52:35,635 - Content Certificate Generation Utility started (Logging to sb_content_cert.log)
2024-12-26 01:52:35,635 - Parsing config file: cert/cfg/ICVSBContent.cfg
2024-12-26 01:52:35,636 - Parsed config items:
cert-keypair:	cert/key/ICVSBContent.pem
cert-keypair-pwd:	cert/key/ICVSBContent.pwd
load-verify-scheme:	0
crypto-type:	0
aes-ce-id:	0
aes-enc-key:	cert/key/KCEICV.txt
images-table:	cert/Images.txt
nvcounter-val:	1
cert-pkg:	cert/ICVSBContent.crt
2024-12-26 01:52:35,636 - **** Creating Content Certificate ****
2024-12-26 01:52:35,642 - **** Certificate file (context) creation has been completed successfully ****
2024-12-26 01:52:35,925 - Content Certificate Generation Utility started (Logging to sb_content_cert.log)
2024-12-26 01:52:35,926 - Parsing config file: cert/cfg/ICVSBContent.cfg
2024-12-26 01:52:35,926 - Parsed config items:
cert-keypair:	cert/key/ICVSBContent.pem
cert-keypair-pwd:	cert/key/ICVSBContent.pwd
load-verify-scheme:	0
crypto-type:	0
aes-ce-id:	0
aes-enc-key:	cert/key/KCEICV.txt
images-table:	cert/Images.txt
nvcounter-val:	1
cert-pkg:	cert/ICVSBContent.crt
2024-12-26 01:52:35,926 - **** Creating Content Certificate ****
2024-12-26 01:52:35,931 - **** Certificate file (context) creation has been completed successfully ****
2024-12-26 01:52:37,540 - Content Certificate Generation Utility started (Logging to sb_content_cert.log)
2024-12-26 01:52:37,540 - Parsing config file: cert/cfg/ICVSBContent.cfg
2024-12-26 01:52:37,541 - Parsed config items:
cert-keypair:	cert/key/ICVSBContent.pem
cert-keypair-pwd:	cert/key/ICVSBContent.pwd
load-verify-scheme:	0
crypto-type:	0
aes-ce-id:	0
aes-enc-key:	cert/key/KCEICV.txt
images-table:	cert/Images.txt
nvcounter-val:	1
cert-pkg:	cert/ICVSBContent.crt
2024-12-26 01:52:37,541 - **** Creating Content Certificate ****
2024-12-26 01:52:37,546 - **** Certificate file (context) creation has been completed successfully ****
2024-12-26 01:52:37,844 - Content Certificate Generation Utility started (Logging to sb_content_cert.log)
2024-12-26 01:52:37,844 - Parsing config file: cert/cfg/ICVSBContent.cfg
2024-12-26 01:52:37,844 - Parsed config items:
cert-keypair:	cert/key/ICVSBContent.pem
cert-keypair-pwd:	cert/key/ICVSBContent.pwd
load-verify-scheme:	0
crypto-type:	0
aes-ce-id:	0
aes-enc-key:	cert/key/KCEICV.txt
images-table:	cert/Images.txt
nvcounter-val:	1
cert-pkg:	cert/ICVSBContent.crt
2024-12-26 01:52:37,845 - **** Creating Content Certificate ****
2024-12-26 01:52:37,850 - **** Certificate file (context) creation has been completed successfully ****
2024-12-26 01:53:30,665 - Content Certificate Generation Utility started (Logging to sb_content_cert.log)
2024-12-26 01:53:30,666 - Parsing config file: cert/cfg/ICVSBContent.cfg
2024-12-26 01:53:30,666 - Parsed config items:
cert-keypair:	cert/key/ICVSBContent.pem
cert-keypair-pwd:	cert/key/ICVSBContent.pwd
load-verify-scheme:	0
crypto-type:	0
aes-ce-id:	0
aes-enc-key:	cert/key/KCEICV.txt
images-table:	cert/Images.txt
nvcounter-val:	1
cert-pkg:	cert/ICVSBContent.crt
2024-12-26 01:53:30,666 - **** Creating Content Certificate ****
2024-12-26 01:53:30,671 - **** Certificate file (context) creation has been completed successfully ****
2024-12-26 01:53:30,953 - Content Certificate Generation Utility started (Logging to sb_content_cert.log)
2024-12-26 01:53:30,953 - Parsing config file: cert/cfg/ICVSBContent.cfg
2024-12-26 01:53:30,953 - Parsed config items:
cert-keypair:	cert/key/ICVSBContent.pem
cert-keypair-pwd:	cert/key/ICVSBContent.pwd
load-verify-scheme:	0
crypto-type:	0
aes-ce-id:	0
aes-enc-key:	cert/key/KCEICV.txt
images-table:	cert/Images.txt
nvcounter-val:	1
cert-pkg:	cert/ICVSBContent.crt
2024-12-26 01:53:30,954 - **** Creating Content Certificate ****
2024-12-26 01:53:30,959 - **** Certificate file (context) creation has been completed successfully ****
2024-12-26 01:53:31,420 - Content Certificate Generation Utility started (Logging to sb_content_cert.log)
2024-12-26 01:53:31,420 - Parsing config file: cert/cfg/ICVSBContent.cfg
2024-12-26 01:53:31,420 - Parsed config items:
cert-keypair:	cert/key/ICVSBContent.pem
cert-keypair-pwd:	cert/key/ICVSBContent.pwd
load-verify-scheme:	0
crypto-type:	0
aes-ce-id:	0
aes-enc-key:	cert/key/KCEICV.txt
images-table:	cert/Images.txt
nvcounter-val:	1
cert-pkg:	cert/ICVSBContent.crt
2024-12-26 01:53:31,420 - **** Creating Content Certificate ****
2024-12-26 01:53:31,426 - **** Certificate file (context) creation has been completed successfully ****
2024-12-26 01:53:31,710 - Content Certificate Generation Utility started (Logging to sb_content_cert.log)
2024-12-26 01:53:31,711 - Parsing config file: cert/cfg/ICVSBContent.cfg
2024-12-26 01:53:31,711 - Parsed config items:
cert-keypair:	cert/key/ICVSBContent.pem
cert-keypair-pwd:	cert/key/ICVSBContent.pwd
load-verify-scheme:	0
crypto-type:	0
aes-ce-id:	0
aes-enc-key:	cert/key/KCEICV.txt
images-table:	cert/Images.txt
nvcounter-val:	1
cert-pkg:	cert/ICVSBContent.crt
2024-12-26 01:53:31,711 - **** Creating Content Certificate ****
2024-12-26 01:53:31,716 - **** Certificate file (context) creation has been completed successfully ****
2024-12-26 01:53:33,308 - Content Certificate Generation Utility started (Logging to sb_content_cert.log)
2024-12-26 01:53:33,309 - Parsing config file: cert/cfg/ICVSBContent.cfg
2024-12-26 01:53:33,309 - Parsed config items:
cert-keypair:	cert/key/ICVSBContent.pem
cert-keypair-pwd:	cert/key/ICVSBContent.pwd
load-verify-scheme:	0
crypto-type:	0
aes-ce-id:	0
aes-enc-key:	cert/key/KCEICV.txt
images-table:	cert/Images.txt
nvcounter-val:	1
cert-pkg:	cert/ICVSBContent.crt
2024-12-26 01:53:33,309 - **** Creating Content Certificate ****
2024-12-26 01:53:33,314 - **** Certificate file (context) creation has been completed successfully ****
2024-12-26 01:53:33,614 - Content Certificate Generation Utility started (Logging to sb_content_cert.log)
2024-12-26 01:53:33,614 - Parsing config file: cert/cfg/ICVSBContent.cfg
2024-12-26 01:53:33,614 - Parsed config items:
cert-keypair:	cert/key/ICVSBContent.pem
cert-keypair-pwd:	cert/key/ICVSBContent.pwd
load-verify-scheme:	0
crypto-type:	0
aes-ce-id:	0
aes-enc-key:	cert/key/KCEICV.txt
images-table:	cert/Images.txt
nvcounter-val:	1
cert-pkg:	cert/ICVSBContent.crt
2024-12-26 01:53:33,614 - **** Creating Content Certificate ****
2024-12-26 01:53:33,620 - **** Certificate file (context) creation has been completed successfully ****
2024-12-26 02:06:37,962 - Content Certificate Generation Utility started (Logging to sb_content_cert.log)
2024-12-26 02:06:37,962 - Parsing config file: cert/cfg/ICVSBContent.cfg
2024-12-26 02:06:37,962 - Parsed config items:
cert-keypair:	cert/key/ICVSBContent.pem
cert-keypair-pwd:	cert/key/ICVSBContent.pwd
load-verify-scheme:	0
crypto-type:	0
aes-ce-id:	0
aes-enc-key:	cert/key/KCEICV.txt
images-table:	cert/Images.txt
nvcounter-val:	1
cert-pkg:	cert/ICVSBContent.crt
2024-12-26 02:06:37,963 - **** Creating Content Certificate ****
2024-12-26 02:06:37,968 - **** Certificate file (context) creation has been completed successfully ****
2024-12-26 02:06:38,254 - Content Certificate Generation Utility started (Logging to sb_content_cert.log)
2024-12-26 02:06:38,254 - Parsing config file: cert/cfg/ICVSBContent.cfg
2024-12-26 02:06:38,255 - Parsed config items:
cert-keypair:	cert/key/ICVSBContent.pem
cert-keypair-pwd:	cert/key/ICVSBContent.pwd
load-verify-scheme:	0
crypto-type:	0
aes-ce-id:	0
aes-enc-key:	cert/key/KCEICV.txt
images-table:	cert/Images.txt
nvcounter-val:	1
cert-pkg:	cert/ICVSBContent.crt
2024-12-26 02:06:38,255 - **** Creating Content Certificate ****
2024-12-26 02:06:38,260 - **** Certificate file (context) creation has been completed successfully ****
2024-12-26 02:06:38,723 - Content Certificate Generation Utility started (Logging to sb_content_cert.log)
2024-12-26 02:06:38,723 - Parsing config file: cert/cfg/ICVSBContent.cfg
2024-12-26 02:06:38,723 - Parsed config items:
cert-keypair:	cert/key/ICVSBContent.pem
cert-keypair-pwd:	cert/key/ICVSBContent.pwd
load-verify-scheme:	0
crypto-type:	0
aes-ce-id:	0
aes-enc-key:	cert/key/KCEICV.txt
images-table:	cert/Images.txt
nvcounter-val:	1
cert-pkg:	cert/ICVSBContent.crt
2024-12-26 02:06:38,724 - **** Creating Content Certificate ****
2024-12-26 02:06:38,730 - **** Certificate file (context) creation has been completed successfully ****
2024-12-26 02:06:39,011 - Content Certificate Generation Utility started (Logging to sb_content_cert.log)
2024-12-26 02:06:39,011 - Parsing config file: cert/cfg/ICVSBContent.cfg
2024-12-26 02:06:39,011 - Parsed config items:
cert-keypair:	cert/key/ICVSBContent.pem
cert-keypair-pwd:	cert/key/ICVSBContent.pwd
load-verify-scheme:	0
crypto-type:	0
aes-ce-id:	0
aes-enc-key:	cert/key/KCEICV.txt
images-table:	cert/Images.txt
nvcounter-val:	1
cert-pkg:	cert/ICVSBContent.crt
2024-12-26 02:06:39,012 - **** Creating Content Certificate ****
2024-12-26 02:06:39,017 - **** Certificate file (context) creation has been completed successfully ****
2024-12-26 02:06:40,622 - Content Certificate Generation Utility started (Logging to sb_content_cert.log)
2024-12-26 02:06:40,622 - Parsing config file: cert/cfg/ICVSBContent.cfg
2024-12-26 02:06:40,622 - Parsed config items:
cert-keypair:	cert/key/ICVSBContent.pem
cert-keypair-pwd:	cert/key/ICVSBContent.pwd
load-verify-scheme:	0
crypto-type:	0
aes-ce-id:	0
aes-enc-key:	cert/key/KCEICV.txt
images-table:	cert/Images.txt
nvcounter-val:	1
cert-pkg:	cert/ICVSBContent.crt
2024-12-26 02:06:40,623 - **** Creating Content Certificate ****
2024-12-26 02:06:40,628 - **** Certificate file (context) creation has been completed successfully ****
2024-12-26 02:06:40,916 - Content Certificate Generation Utility started (Logging to sb_content_cert.log)
2024-12-26 02:06:40,916 - Parsing config file: cert/cfg/ICVSBContent.cfg
2024-12-26 02:06:40,916 - Parsed config items:
cert-keypair:	cert/key/ICVSBContent.pem
cert-keypair-pwd:	cert/key/ICVSBContent.pwd
load-verify-scheme:	0
crypto-type:	0
aes-ce-id:	0
aes-enc-key:	cert/key/KCEICV.txt
images-table:	cert/Images.txt
nvcounter-val:	1
cert-pkg:	cert/ICVSBContent.crt
2024-12-26 02:06:40,916 - **** Creating Content Certificate ****
2024-12-26 02:06:40,921 - **** Certificate file (context) creation has been completed successfully ****
2024-12-26 02:08:17,454 - Content Certificate Generation Utility started (Logging to sb_content_cert.log)
2024-12-26 02:08:17,454 - Parsing config file: cert/cfg/ICVSBContent.cfg
2024-12-26 02:08:17,455 - Parsed config items:
cert-keypair:	cert/key/ICVSBContent.pem
cert-keypair-pwd:	cert/key/ICVSBContent.pwd
load-verify-scheme:	0
crypto-type:	0
aes-ce-id:	0
aes-enc-key:	cert/key/KCEICV.txt
images-table:	cert/Images.txt
nvcounter-val:	1
cert-pkg:	cert/ICVSBContent.crt
2024-12-26 02:08:17,455 - **** Creating Content Certificate ****
2024-12-26 02:08:17,460 - **** Certificate file (context) creation has been completed successfully ****
2024-12-26 02:08:47,171 - Content Certificate Generation Utility started (Logging to sb_content_cert.log)
2024-12-26 02:08:47,172 - Parsing config file: cert/cfg/ICVSBContent.cfg
2024-12-26 02:08:47,172 - Parsed config items:
cert-keypair:	cert/key/ICVSBContent.pem
cert-keypair-pwd:	cert/key/ICVSBContent.pwd
load-verify-scheme:	0
crypto-type:	0
aes-ce-id:	0
aes-enc-key:	cert/key/KCEICV.txt
images-table:	cert/Images.txt
nvcounter-val:	1
cert-pkg:	cert/ICVSBContent.crt
2024-12-26 02:08:47,172 - **** Creating Content Certificate ****
2024-12-26 02:08:47,177 - **** Certificate file (context) creation has been completed successfully ****
2024-12-26 02:08:47,459 - Content Certificate Generation Utility started (Logging to sb_content_cert.log)
2024-12-26 02:08:47,460 - Parsing config file: cert/cfg/ICVSBContent.cfg
2024-12-26 02:08:47,460 - Parsed config items:
cert-keypair:	cert/key/ICVSBContent.pem
cert-keypair-pwd:	cert/key/ICVSBContent.pwd
load-verify-scheme:	0
crypto-type:	0
aes-ce-id:	0
aes-enc-key:	cert/key/KCEICV.txt
images-table:	cert/Images.txt
nvcounter-val:	1
cert-pkg:	cert/ICVSBContent.crt
2024-12-26 02:08:47,460 - **** Creating Content Certificate ****
2024-12-26 02:08:47,465 - **** Certificate file (context) creation has been completed successfully ****
2024-12-26 02:08:47,923 - Content Certificate Generation Utility started (Logging to sb_content_cert.log)
2024-12-26 02:08:47,923 - Parsing config file: cert/cfg/ICVSBContent.cfg
2024-12-26 02:08:47,923 - Parsed config items:
cert-keypair:	cert/key/ICVSBContent.pem
cert-keypair-pwd:	cert/key/ICVSBContent.pwd
load-verify-scheme:	0
crypto-type:	0
aes-ce-id:	0
aes-enc-key:	cert/key/KCEICV.txt
images-table:	cert/Images.txt
nvcounter-val:	1
cert-pkg:	cert/ICVSBContent.crt
2024-12-26 02:08:47,923 - **** Creating Content Certificate ****
2024-12-26 02:08:47,929 - **** Certificate file (context) creation has been completed successfully ****
2024-12-26 02:08:48,212 - Content Certificate Generation Utility started (Logging to sb_content_cert.log)
2024-12-26 02:08:48,213 - Parsing config file: cert/cfg/ICVSBContent.cfg
2024-12-26 02:08:48,213 - Parsed config items:
cert-keypair:	cert/key/ICVSBContent.pem
cert-keypair-pwd:	cert/key/ICVSBContent.pwd
load-verify-scheme:	0
crypto-type:	0
aes-ce-id:	0
aes-enc-key:	cert/key/KCEICV.txt
images-table:	cert/Images.txt
nvcounter-val:	1
cert-pkg:	cert/ICVSBContent.crt
2024-12-26 02:08:48,213 - **** Creating Content Certificate ****
2024-12-26 02:08:48,218 - **** Certificate file (context) creation has been completed successfully ****
2024-12-26 02:08:49,837 - Content Certificate Generation Utility started (Logging to sb_content_cert.log)
2024-12-26 02:08:49,837 - Parsing config file: cert/cfg/ICVSBContent.cfg
2024-12-26 02:08:49,837 - Parsed config items:
cert-keypair:	cert/key/ICVSBContent.pem
cert-keypair-pwd:	cert/key/ICVSBContent.pwd
load-verify-scheme:	0
crypto-type:	0
aes-ce-id:	0
aes-enc-key:	cert/key/KCEICV.txt
images-table:	cert/Images.txt
nvcounter-val:	1
cert-pkg:	cert/ICVSBContent.crt
2024-12-26 02:08:49,837 - **** Creating Content Certificate ****
2024-12-26 02:08:49,842 - **** Certificate file (context) creation has been completed successfully ****
2024-12-26 02:08:50,140 - Content Certificate Generation Utility started (Logging to sb_content_cert.log)
2024-12-26 02:08:50,140 - Parsing config file: cert/cfg/ICVSBContent.cfg
2024-12-26 02:08:50,140 - Parsed config items:
cert-keypair:	cert/key/ICVSBContent.pem
cert-keypair-pwd:	cert/key/ICVSBContent.pwd
load-verify-scheme:	0
crypto-type:	0
aes-ce-id:	0
aes-enc-key:	cert/key/KCEICV.txt
images-table:	cert/Images.txt
nvcounter-val:	1
cert-pkg:	cert/ICVSBContent.crt
2024-12-26 02:08:50,140 - **** Creating Content Certificate ****
2024-12-26 02:08:50,145 - **** Certificate file (context) creation has been completed successfully ****
2024-12-26 02:11:32,648 - Content Certificate Generation Utility started (Logging to sb_content_cert.log)
2024-12-26 02:11:32,648 - Parsing config file: cert/cfg/ICVSBContent.cfg
2024-12-26 02:11:32,649 - Parsed config items:
cert-keypair:	cert/key/ICVSBContent.pem
cert-keypair-pwd:	cert/key/ICVSBContent.pwd
load-verify-scheme:	0
crypto-type:	0
aes-ce-id:	0
aes-enc-key:	cert/key/KCEICV.txt
images-table:	cert/Images.txt
nvcounter-val:	1
cert-pkg:	cert/ICVSBContent.crt
2024-12-26 02:11:32,649 - **** Creating Content Certificate ****
2024-12-26 02:11:32,654 - **** Certificate file (context) creation has been completed successfully ****
2024-12-26 02:11:32,935 - Content Certificate Generation Utility started (Logging to sb_content_cert.log)
2024-12-26 02:11:32,936 - Parsing config file: cert/cfg/ICVSBContent.cfg
2024-12-26 02:11:32,936 - Parsed config items:
cert-keypair:	cert/key/ICVSBContent.pem
cert-keypair-pwd:	cert/key/ICVSBContent.pwd
load-verify-scheme:	0
crypto-type:	0
aes-ce-id:	0
aes-enc-key:	cert/key/KCEICV.txt
images-table:	cert/Images.txt
nvcounter-val:	1
cert-pkg:	cert/ICVSBContent.crt
2024-12-26 02:11:32,936 - **** Creating Content Certificate ****
2024-12-26 02:11:32,941 - **** Certificate file (context) creation has been completed successfully ****
2024-12-26 02:11:33,385 - Content Certificate Generation Utility started (Logging to sb_content_cert.log)
2024-12-26 02:11:33,385 - Parsing config file: cert/cfg/ICVSBContent.cfg
2024-12-26 02:11:33,386 - Parsed config items:
cert-keypair:	cert/key/ICVSBContent.pem
cert-keypair-pwd:	cert/key/ICVSBContent.pwd
load-verify-scheme:	0
crypto-type:	0
aes-ce-id:	0
aes-enc-key:	cert/key/KCEICV.txt
images-table:	cert/Images.txt
nvcounter-val:	1
cert-pkg:	cert/ICVSBContent.crt
2024-12-26 02:11:33,386 - **** Creating Content Certificate ****
2024-12-26 02:11:33,392 - **** Certificate file (context) creation has been completed successfully ****
2024-12-26 02:11:33,656 - Content Certificate Generation Utility started (Logging to sb_content_cert.log)
2024-12-26 02:11:33,656 - Parsing config file: cert/cfg/ICVSBContent.cfg
2024-12-26 02:11:33,657 - Parsed config items:
cert-keypair:	cert/key/ICVSBContent.pem
cert-keypair-pwd:	cert/key/ICVSBContent.pwd
load-verify-scheme:	0
crypto-type:	0
aes-ce-id:	0
aes-enc-key:	cert/key/KCEICV.txt
images-table:	cert/Images.txt
nvcounter-val:	1
cert-pkg:	cert/ICVSBContent.crt
2024-12-26 02:11:33,657 - **** Creating Content Certificate ****
2024-12-26 02:11:33,662 - **** Certificate file (context) creation has been completed successfully ****
2024-12-26 02:11:35,264 - Content Certificate Generation Utility started (Logging to sb_content_cert.log)
2024-12-26 02:11:35,265 - Parsing config file: cert/cfg/ICVSBContent.cfg
2024-12-26 02:11:35,265 - Parsed config items:
cert-keypair:	cert/key/ICVSBContent.pem
cert-keypair-pwd:	cert/key/ICVSBContent.pwd
load-verify-scheme:	0
crypto-type:	0
aes-ce-id:	0
aes-enc-key:	cert/key/KCEICV.txt
images-table:	cert/Images.txt
nvcounter-val:	1
cert-pkg:	cert/ICVSBContent.crt
2024-12-26 02:11:35,265 - **** Creating Content Certificate ****
2024-12-26 02:11:35,270 - **** Certificate file (context) creation has been completed successfully ****
2024-12-26 02:11:35,566 - Content Certificate Generation Utility started (Logging to sb_content_cert.log)
2024-12-26 02:11:35,566 - Parsing config file: cert/cfg/ICVSBContent.cfg
2024-12-26 02:11:35,567 - Parsed config items:
cert-keypair:	cert/key/ICVSBContent.pem
cert-keypair-pwd:	cert/key/ICVSBContent.pwd
load-verify-scheme:	0
crypto-type:	0
aes-ce-id:	0
aes-enc-key:	cert/key/KCEICV.txt
images-table:	cert/Images.txt
nvcounter-val:	1
cert-pkg:	cert/ICVSBContent.crt
2024-12-26 02:11:35,567 - **** Creating Content Certificate ****
2024-12-26 02:11:35,572 - **** Certificate file (context) creation has been completed successfully ****
2024-12-26 02:16:06,646 - Content Certificate Generation Utility started (Logging to sb_content_cert.log)
2024-12-26 02:16:06,646 - Parsing config file: cert/cfg/ICVSBContent.cfg
2024-12-26 02:16:06,646 - Parsed config items:
cert-keypair:	cert/key/ICVSBContent.pem
cert-keypair-pwd:	cert/key/ICVSBContent.pwd
load-verify-scheme:	0
crypto-type:	0
aes-ce-id:	0
aes-enc-key:	cert/key/KCEICV.txt
images-table:	cert/Images.txt
nvcounter-val:	1
cert-pkg:	cert/ICVSBContent.crt
2024-12-26 02:16:06,647 - **** Creating Content Certificate ****
2024-12-26 02:16:06,652 - **** Certificate file (context) creation has been completed successfully ****
2024-12-26 02:16:06,925 - Content Certificate Generation Utility started (Logging to sb_content_cert.log)
2024-12-26 02:16:06,925 - Parsing config file: cert/cfg/ICVSBContent.cfg
2024-12-26 02:16:06,925 - Parsed config items:
cert-keypair:	cert/key/ICVSBContent.pem
cert-keypair-pwd:	cert/key/ICVSBContent.pwd
load-verify-scheme:	0
crypto-type:	0
aes-ce-id:	0
aes-enc-key:	cert/key/KCEICV.txt
images-table:	cert/Images.txt
nvcounter-val:	1
cert-pkg:	cert/ICVSBContent.crt
2024-12-26 02:16:06,926 - **** Creating Content Certificate ****
2024-12-26 02:16:06,930 - **** Certificate file (context) creation has been completed successfully ****
2024-12-26 02:16:07,353 - Content Certificate Generation Utility started (Logging to sb_content_cert.log)
2024-12-26 02:16:07,354 - Parsing config file: cert/cfg/ICVSBContent.cfg
2024-12-26 02:16:07,354 - Parsed config items:
cert-keypair:	cert/key/ICVSBContent.pem
cert-keypair-pwd:	cert/key/ICVSBContent.pwd
load-verify-scheme:	0
crypto-type:	0
aes-ce-id:	0
aes-enc-key:	cert/key/KCEICV.txt
images-table:	cert/Images.txt
nvcounter-val:	1
cert-pkg:	cert/ICVSBContent.crt
2024-12-26 02:16:07,354 - **** Creating Content Certificate ****
2024-12-26 02:16:07,360 - **** Certificate file (context) creation has been completed successfully ****
2024-12-26 02:16:07,604 - Content Certificate Generation Utility started (Logging to sb_content_cert.log)
2024-12-26 02:16:07,604 - Parsing config file: cert/cfg/ICVSBContent.cfg
2024-12-26 02:16:07,605 - Parsed config items:
cert-keypair:	cert/key/ICVSBContent.pem
cert-keypair-pwd:	cert/key/ICVSBContent.pwd
load-verify-scheme:	0
crypto-type:	0
aes-ce-id:	0
aes-enc-key:	cert/key/KCEICV.txt
images-table:	cert/Images.txt
nvcounter-val:	1
cert-pkg:	cert/ICVSBContent.crt
2024-12-26 02:16:07,605 - **** Creating Content Certificate ****
2024-12-26 02:16:07,610 - **** Certificate file (context) creation has been completed successfully ****
2024-12-26 02:16:09,186 - Content Certificate Generation Utility started (Logging to sb_content_cert.log)
2024-12-26 02:16:09,186 - Parsing config file: cert/cfg/ICVSBContent.cfg
2024-12-26 02:16:09,186 - Parsed config items:
cert-keypair:	cert/key/ICVSBContent.pem
cert-keypair-pwd:	cert/key/ICVSBContent.pwd
load-verify-scheme:	0
crypto-type:	0
aes-ce-id:	0
aes-enc-key:	cert/key/KCEICV.txt
images-table:	cert/Images.txt
nvcounter-val:	1
cert-pkg:	cert/ICVSBContent.crt
2024-12-26 02:16:09,187 - **** Creating Content Certificate ****
2024-12-26 02:16:09,191 - **** Certificate file (context) creation has been completed successfully ****
2024-12-26 02:16:09,477 - Content Certificate Generation Utility started (Logging to sb_content_cert.log)
2024-12-26 02:16:09,477 - Parsing config file: cert/cfg/ICVSBContent.cfg
2024-12-26 02:16:09,477 - Parsed config items:
cert-keypair:	cert/key/ICVSBContent.pem
cert-keypair-pwd:	cert/key/ICVSBContent.pwd
load-verify-scheme:	0
crypto-type:	0
aes-ce-id:	0
aes-enc-key:	cert/key/KCEICV.txt
images-table:	cert/Images.txt
nvcounter-val:	1
cert-pkg:	cert/ICVSBContent.crt
2024-12-26 02:16:09,477 - **** Creating Content Certificate ****
2024-12-26 02:16:09,482 - **** Certificate file (context) creation has been completed successfully ****
2024-12-26 02:18:40,677 - Content Certificate Generation Utility started (Logging to sb_content_cert.log)
2024-12-26 02:18:40,677 - Parsing config file: cert/cfg/ICVSBContent.cfg
2024-12-26 02:18:40,678 - Parsed config items:
cert-keypair:	cert/key/ICVSBContent.pem
cert-keypair-pwd:	cert/key/ICVSBContent.pwd
load-verify-scheme:	0
crypto-type:	0
aes-ce-id:	0
aes-enc-key:	cert/key/KCEICV.txt
images-table:	cert/Images.txt
nvcounter-val:	1
cert-pkg:	cert/ICVSBContent.crt
2024-12-26 02:18:40,678 - **** Creating Content Certificate ****
2024-12-26 02:18:40,683 - **** Certificate file (context) creation has been completed successfully ****
2024-12-26 02:18:40,964 - Content Certificate Generation Utility started (Logging to sb_content_cert.log)
2024-12-26 02:18:40,964 - Parsing config file: cert/cfg/ICVSBContent.cfg
2024-12-26 02:18:40,964 - Parsed config items:
cert-keypair:	cert/key/ICVSBContent.pem
cert-keypair-pwd:	cert/key/ICVSBContent.pwd
load-verify-scheme:	0
crypto-type:	0
aes-ce-id:	0
aes-enc-key:	cert/key/KCEICV.txt
images-table:	cert/Images.txt
nvcounter-val:	1
cert-pkg:	cert/ICVSBContent.crt
2024-12-26 02:18:40,964 - **** Creating Content Certificate ****
2024-12-26 02:18:40,969 - **** Certificate file (context) creation has been completed successfully ****
2024-12-26 02:18:41,406 - Content Certificate Generation Utility started (Logging to sb_content_cert.log)
2024-12-26 02:18:41,406 - Parsing config file: cert/cfg/ICVSBContent.cfg
2024-12-26 02:18:41,406 - Parsed config items:
cert-keypair:	cert/key/ICVSBContent.pem
cert-keypair-pwd:	cert/key/ICVSBContent.pwd
load-verify-scheme:	0
crypto-type:	0
aes-ce-id:	0
aes-enc-key:	cert/key/KCEICV.txt
images-table:	cert/Images.txt
nvcounter-val:	1
cert-pkg:	cert/ICVSBContent.crt
2024-12-26 02:18:41,406 - **** Creating Content Certificate ****
2024-12-26 02:18:41,413 - **** Certificate file (context) creation has been completed successfully ****
2024-12-26 02:18:41,698 - Content Certificate Generation Utility started (Logging to sb_content_cert.log)
2024-12-26 02:18:41,698 - Parsing config file: cert/cfg/ICVSBContent.cfg
2024-12-26 02:18:41,698 - Parsed config items:
cert-keypair:	cert/key/ICVSBContent.pem
cert-keypair-pwd:	cert/key/ICVSBContent.pwd
load-verify-scheme:	0
crypto-type:	0
aes-ce-id:	0
aes-enc-key:	cert/key/KCEICV.txt
images-table:	cert/Images.txt
nvcounter-val:	1
cert-pkg:	cert/ICVSBContent.crt
2024-12-26 02:18:41,698 - **** Creating Content Certificate ****
2024-12-26 02:18:41,704 - **** Certificate file (context) creation has been completed successfully ****
2024-12-26 02:18:43,322 - Content Certificate Generation Utility started (Logging to sb_content_cert.log)
2024-12-26 02:18:43,322 - Parsing config file: cert/cfg/ICVSBContent.cfg
2024-12-26 02:18:43,322 - Parsed config items:
cert-keypair:	cert/key/ICVSBContent.pem
cert-keypair-pwd:	cert/key/ICVSBContent.pwd
load-verify-scheme:	0
crypto-type:	0
aes-ce-id:	0
aes-enc-key:	cert/key/KCEICV.txt
images-table:	cert/Images.txt
nvcounter-val:	1
cert-pkg:	cert/ICVSBContent.crt
2024-12-26 02:18:43,322 - **** Creating Content Certificate ****
2024-12-26 02:18:43,327 - **** Certificate file (context) creation has been completed successfully ****
2024-12-26 02:18:43,626 - Content Certificate Generation Utility started (Logging to sb_content_cert.log)
2024-12-26 02:18:43,626 - Parsing config file: cert/cfg/ICVSBContent.cfg
2024-12-26 02:18:43,626 - Parsed config items:
cert-keypair:	cert/key/ICVSBContent.pem
cert-keypair-pwd:	cert/key/ICVSBContent.pwd
load-verify-scheme:	0
crypto-type:	0
aes-ce-id:	0
aes-enc-key:	cert/key/KCEICV.txt
images-table:	cert/Images.txt
nvcounter-val:	1
cert-pkg:	cert/ICVSBContent.crt
2024-12-26 02:18:43,626 - **** Creating Content Certificate ****
2024-12-26 02:18:43,631 - **** Certificate file (context) creation has been completed successfully ****
2024-12-26 02:22:31,348 - Content Certificate Generation Utility started (Logging to sb_content_cert.log)
2024-12-26 02:22:31,349 - Parsing config file: cert/cfg/ICVSBContent.cfg
2024-12-26 02:22:31,349 - Parsed config items:
cert-keypair:	cert/key/ICVSBContent.pem
cert-keypair-pwd:	cert/key/ICVSBContent.pwd
load-verify-scheme:	0
crypto-type:	0
aes-ce-id:	0
aes-enc-key:	cert/key/KCEICV.txt
images-table:	cert/Images.txt
nvcounter-val:	1
cert-pkg:	cert/ICVSBContent.crt
2024-12-26 02:22:31,349 - **** Creating Content Certificate ****
2024-12-26 02:22:31,354 - **** Certificate file (context) creation has been completed successfully ****
2024-12-26 02:22:31,602 - Content Certificate Generation Utility started (Logging to sb_content_cert.log)
2024-12-26 02:22:31,602 - Parsing config file: cert/cfg/ICVSBContent.cfg
2024-12-26 02:22:31,602 - Parsed config items:
cert-keypair:	cert/key/ICVSBContent.pem
cert-keypair-pwd:	cert/key/ICVSBContent.pwd
load-verify-scheme:	0
crypto-type:	0
aes-ce-id:	0
aes-enc-key:	cert/key/KCEICV.txt
images-table:	cert/Images.txt
nvcounter-val:	1
cert-pkg:	cert/ICVSBContent.crt
2024-12-26 02:22:31,603 - **** Creating Content Certificate ****
2024-12-26 02:22:31,608 - **** Certificate file (context) creation has been completed successfully ****
2024-12-26 02:22:32,054 - Content Certificate Generation Utility started (Logging to sb_content_cert.log)
2024-12-26 02:22:32,054 - Parsing config file: cert/cfg/ICVSBContent.cfg
2024-12-26 02:22:32,055 - Parsed config items:
cert-keypair:	cert/key/ICVSBContent.pem
cert-keypair-pwd:	cert/key/ICVSBContent.pwd
load-verify-scheme:	0
crypto-type:	0
aes-ce-id:	0
aes-enc-key:	cert/key/KCEICV.txt
images-table:	cert/Images.txt
nvcounter-val:	1
cert-pkg:	cert/ICVSBContent.crt
2024-12-26 02:22:32,055 - **** Creating Content Certificate ****
2024-12-26 02:22:32,061 - **** Certificate file (context) creation has been completed successfully ****
2024-12-26 02:22:32,336 - Content Certificate Generation Utility started (Logging to sb_content_cert.log)
2024-12-26 02:22:32,336 - Parsing config file: cert/cfg/ICVSBContent.cfg
2024-12-26 02:22:32,336 - Parsed config items:
cert-keypair:	cert/key/ICVSBContent.pem
cert-keypair-pwd:	cert/key/ICVSBContent.pwd
load-verify-scheme:	0
crypto-type:	0
aes-ce-id:	0
aes-enc-key:	cert/key/KCEICV.txt
images-table:	cert/Images.txt
nvcounter-val:	1
cert-pkg:	cert/ICVSBContent.crt
2024-12-26 02:22:32,337 - **** Creating Content Certificate ****
2024-12-26 02:22:32,342 - **** Certificate file (context) creation has been completed successfully ****
2024-12-26 02:22:33,934 - Content Certificate Generation Utility started (Logging to sb_content_cert.log)
2024-12-26 02:22:33,934 - Parsing config file: cert/cfg/ICVSBContent.cfg
2024-12-26 02:22:33,934 - Parsed config items:
cert-keypair:	cert/key/ICVSBContent.pem
cert-keypair-pwd:	cert/key/ICVSBContent.pwd
load-verify-scheme:	0
crypto-type:	0
aes-ce-id:	0
aes-enc-key:	cert/key/KCEICV.txt
images-table:	cert/Images.txt
nvcounter-val:	1
cert-pkg:	cert/ICVSBContent.crt
2024-12-26 02:22:33,935 - **** Creating Content Certificate ****
2024-12-26 02:22:33,940 - **** Certificate file (context) creation has been completed successfully ****
2024-12-26 02:22:34,239 - Content Certificate Generation Utility started (Logging to sb_content_cert.log)
2024-12-26 02:22:34,239 - Parsing config file: cert/cfg/ICVSBContent.cfg
2024-12-26 02:22:34,239 - Parsed config items:
cert-keypair:	cert/key/ICVSBContent.pem
cert-keypair-pwd:	cert/key/ICVSBContent.pwd
load-verify-scheme:	0
crypto-type:	0
aes-ce-id:	0
aes-enc-key:	cert/key/KCEICV.txt
images-table:	cert/Images.txt
nvcounter-val:	1
cert-pkg:	cert/ICVSBContent.crt
2024-12-26 02:22:34,240 - **** Creating Content Certificate ****
2024-12-26 02:22:34,245 - **** Certificate file (context) creation has been completed successfully ****
2024-12-26 02:25:00,314 - Content Certificate Generation Utility started (Logging to sb_content_cert.log)
2024-12-26 02:25:00,314 - Parsing config file: cert/cfg/ICVSBContent.cfg
2024-12-26 02:25:00,314 - Parsed config items:
cert-keypair:	cert/key/ICVSBContent.pem
cert-keypair-pwd:	cert/key/ICVSBContent.pwd
load-verify-scheme:	0
crypto-type:	0
aes-ce-id:	0
aes-enc-key:	cert/key/KCEICV.txt
images-table:	cert/Images.txt
nvcounter-val:	1
cert-pkg:	cert/ICVSBContent.crt
2024-12-26 02:25:00,315 - **** Creating Content Certificate ****
2024-12-26 02:25:00,320 - **** Certificate file (context) creation has been completed successfully ****
2024-12-26 02:25:00,583 - Content Certificate Generation Utility started (Logging to sb_content_cert.log)
2024-12-26 02:25:00,583 - Parsing config file: cert/cfg/ICVSBContent.cfg
2024-12-26 02:25:00,584 - Parsed config items:
cert-keypair:	cert/key/ICVSBContent.pem
cert-keypair-pwd:	cert/key/ICVSBContent.pwd
load-verify-scheme:	0
crypto-type:	0
aes-ce-id:	0
aes-enc-key:	cert/key/KCEICV.txt
images-table:	cert/Images.txt
nvcounter-val:	1
cert-pkg:	cert/ICVSBContent.crt
2024-12-26 02:25:00,584 - **** Creating Content Certificate ****
2024-12-26 02:25:00,589 - **** Certificate file (context) creation has been completed successfully ****
2024-12-26 02:25:01,053 - Content Certificate Generation Utility started (Logging to sb_content_cert.log)
2024-12-26 02:25:01,053 - Parsing config file: cert/cfg/ICVSBContent.cfg
2024-12-26 02:25:01,053 - Parsed config items:
cert-keypair:	cert/key/ICVSBContent.pem
cert-keypair-pwd:	cert/key/ICVSBContent.pwd
load-verify-scheme:	0
crypto-type:	0
aes-ce-id:	0
aes-enc-key:	cert/key/KCEICV.txt
images-table:	cert/Images.txt
nvcounter-val:	1
cert-pkg:	cert/ICVSBContent.crt
2024-12-26 02:25:01,054 - **** Creating Content Certificate ****
2024-12-26 02:25:01,060 - **** Certificate file (context) creation has been completed successfully ****
2024-12-26 02:25:01,344 - Content Certificate Generation Utility started (Logging to sb_content_cert.log)
2024-12-26 02:25:01,344 - Parsing config file: cert/cfg/ICVSBContent.cfg
2024-12-26 02:25:01,345 - Parsed config items:
cert-keypair:	cert/key/ICVSBContent.pem
cert-keypair-pwd:	cert/key/ICVSBContent.pwd
load-verify-scheme:	0
crypto-type:	0
aes-ce-id:	0
aes-enc-key:	cert/key/KCEICV.txt
images-table:	cert/Images.txt
nvcounter-val:	1
cert-pkg:	cert/ICVSBContent.crt
2024-12-26 02:25:01,345 - **** Creating Content Certificate ****
2024-12-26 02:25:01,350 - **** Certificate file (context) creation has been completed successfully ****
2024-12-26 02:25:02,948 - Content Certificate Generation Utility started (Logging to sb_content_cert.log)
2024-12-26 02:25:02,948 - Parsing config file: cert/cfg/ICVSBContent.cfg
2024-12-26 02:25:02,949 - Parsed config items:
cert-keypair:	cert/key/ICVSBContent.pem
cert-keypair-pwd:	cert/key/ICVSBContent.pwd
load-verify-scheme:	0
crypto-type:	0
aes-ce-id:	0
aes-enc-key:	cert/key/KCEICV.txt
images-table:	cert/Images.txt
nvcounter-val:	1
cert-pkg:	cert/ICVSBContent.crt
2024-12-26 02:25:02,949 - **** Creating Content Certificate ****
2024-12-26 02:25:02,954 - **** Certificate file (context) creation has been completed successfully ****
2024-12-26 02:25:03,257 - Content Certificate Generation Utility started (Logging to sb_content_cert.log)
2024-12-26 02:25:03,258 - Parsing config file: cert/cfg/ICVSBContent.cfg
2024-12-26 02:25:03,258 - Parsed config items:
cert-keypair:	cert/key/ICVSBContent.pem
cert-keypair-pwd:	cert/key/ICVSBContent.pwd
load-verify-scheme:	0
crypto-type:	0
aes-ce-id:	0
aes-enc-key:	cert/key/KCEICV.txt
images-table:	cert/Images.txt
nvcounter-val:	1
cert-pkg:	cert/ICVSBContent.crt
2024-12-26 02:25:03,258 - **** Creating Content Certificate ****
2024-12-26 02:25:03,263 - **** Certificate file (context) creation has been completed successfully ****
2024-12-26 02:30:32,376 - Content Certificate Generation Utility started (Logging to sb_content_cert.log)
2024-12-26 02:30:32,377 - Parsing config file: cert/cfg/ICVSBContent.cfg
2024-12-26 02:30:32,377 - Parsed config items:
cert-keypair:	cert/key/ICVSBContent.pem
cert-keypair-pwd:	cert/key/ICVSBContent.pwd
load-verify-scheme:	0
crypto-type:	0
aes-ce-id:	0
aes-enc-key:	cert/key/KCEICV.txt
images-table:	cert/Images.txt
nvcounter-val:	1
cert-pkg:	cert/ICVSBContent.crt
2024-12-26 02:30:32,377 - **** Creating Content Certificate ****
2024-12-26 02:30:32,382 - **** Certificate file (context) creation has been completed successfully ****
2024-12-26 02:30:32,670 - Content Certificate Generation Utility started (Logging to sb_content_cert.log)
2024-12-26 02:30:32,670 - Parsing config file: cert/cfg/ICVSBContent.cfg
2024-12-26 02:30:32,670 - Parsed config items:
cert-keypair:	cert/key/ICVSBContent.pem
cert-keypair-pwd:	cert/key/ICVSBContent.pwd
load-verify-scheme:	0
crypto-type:	0
aes-ce-id:	0
aes-enc-key:	cert/key/KCEICV.txt
images-table:	cert/Images.txt
nvcounter-val:	1
cert-pkg:	cert/ICVSBContent.crt
2024-12-26 02:30:32,670 - **** Creating Content Certificate ****
2024-12-26 02:30:32,676 - **** Certificate file (context) creation has been completed successfully ****
2024-12-26 02:30:33,134 - Content Certificate Generation Utility started (Logging to sb_content_cert.log)
2024-12-26 02:30:33,134 - Parsing config file: cert/cfg/ICVSBContent.cfg
2024-12-26 02:30:33,134 - Parsed config items:
cert-keypair:	cert/key/ICVSBContent.pem
cert-keypair-pwd:	cert/key/ICVSBContent.pwd
load-verify-scheme:	0
crypto-type:	0
aes-ce-id:	0
aes-enc-key:	cert/key/KCEICV.txt
images-table:	cert/Images.txt
nvcounter-val:	1
cert-pkg:	cert/ICVSBContent.crt
2024-12-26 02:30:33,135 - **** Creating Content Certificate ****
2024-12-26 02:30:33,141 - **** Certificate file (context) creation has been completed successfully ****
2024-12-26 02:30:33,426 - Content Certificate Generation Utility started (Logging to sb_content_cert.log)
2024-12-26 02:30:33,426 - Parsing config file: cert/cfg/ICVSBContent.cfg
2024-12-26 02:30:33,427 - Parsed config items:
cert-keypair:	cert/key/ICVSBContent.pem
cert-keypair-pwd:	cert/key/ICVSBContent.pwd
load-verify-scheme:	0
crypto-type:	0
aes-ce-id:	0
aes-enc-key:	cert/key/KCEICV.txt
images-table:	cert/Images.txt
nvcounter-val:	1
cert-pkg:	cert/ICVSBContent.crt
2024-12-26 02:30:33,427 - **** Creating Content Certificate ****
2024-12-26 02:30:33,432 - **** Certificate file (context) creation has been completed successfully ****
2024-12-26 02:30:35,028 - Content Certificate Generation Utility started (Logging to sb_content_cert.log)
2024-12-26 02:30:35,028 - Parsing config file: cert/cfg/ICVSBContent.cfg
2024-12-26 02:30:35,028 - Parsed config items:
cert-keypair:	cert/key/ICVSBContent.pem
cert-keypair-pwd:	cert/key/ICVSBContent.pwd
load-verify-scheme:	0
crypto-type:	0
aes-ce-id:	0
aes-enc-key:	cert/key/KCEICV.txt
images-table:	cert/Images.txt
nvcounter-val:	1
cert-pkg:	cert/ICVSBContent.crt
2024-12-26 02:30:35,028 - **** Creating Content Certificate ****
2024-12-26 02:30:35,033 - **** Certificate file (context) creation has been completed successfully ****
2024-12-26 02:30:35,326 - Content Certificate Generation Utility started (Logging to sb_content_cert.log)
2024-12-26 02:30:35,327 - Parsing config file: cert/cfg/ICVSBContent.cfg
2024-12-26 02:30:35,327 - Parsed config items:
cert-keypair:	cert/key/ICVSBContent.pem
cert-keypair-pwd:	cert/key/ICVSBContent.pwd
load-verify-scheme:	0
crypto-type:	0
aes-ce-id:	0
aes-enc-key:	cert/key/KCEICV.txt
images-table:	cert/Images.txt
nvcounter-val:	1
cert-pkg:	cert/ICVSBContent.crt
2024-12-26 02:30:35,327 - **** Creating Content Certificate ****
2024-12-26 02:30:35,332 - **** Certificate file (context) creation has been completed successfully ****
2024-12-26 02:54:48,655 - Content Certificate Generation Utility started (Logging to sb_content_cert.log)
2024-12-26 02:54:48,655 - Parsing config file: cert/cfg/ICVSBContent.cfg
2024-12-26 02:54:48,655 - Parsed config items:
cert-keypair:	cert/key/ICVSBContent.pem
cert-keypair-pwd:	cert/key/ICVSBContent.pwd
load-verify-scheme:	0
crypto-type:	0
aes-ce-id:	0
aes-enc-key:	cert/key/KCEICV.txt
images-table:	cert/Images.txt
nvcounter-val:	1
cert-pkg:	cert/ICVSBContent.crt
2024-12-26 02:54:48,655 - **** Creating Content Certificate ****
2024-12-26 02:54:48,661 - **** Certificate file (context) creation has been completed successfully ****
2024-12-26 02:54:48,945 - Content Certificate Generation Utility started (Logging to sb_content_cert.log)
2024-12-26 02:54:48,945 - Parsing config file: cert/cfg/ICVSBContent.cfg
2024-12-26 02:54:48,945 - Parsed config items:
cert-keypair:	cert/key/ICVSBContent.pem
cert-keypair-pwd:	cert/key/ICVSBContent.pwd
load-verify-scheme:	0
crypto-type:	0
aes-ce-id:	0
aes-enc-key:	cert/key/KCEICV.txt
images-table:	cert/Images.txt
nvcounter-val:	1
cert-pkg:	cert/ICVSBContent.crt
2024-12-26 02:54:48,945 - **** Creating Content Certificate ****
2024-12-26 02:54:48,951 - **** Certificate file (context) creation has been completed successfully ****
2024-12-26 02:54:49,402 - Content Certificate Generation Utility started (Logging to sb_content_cert.log)
2024-12-26 02:54:49,403 - Parsing config file: cert/cfg/ICVSBContent.cfg
2024-12-26 02:54:49,403 - Parsed config items:
cert-keypair:	cert/key/ICVSBContent.pem
cert-keypair-pwd:	cert/key/ICVSBContent.pwd
load-verify-scheme:	0
crypto-type:	0
aes-ce-id:	0
aes-enc-key:	cert/key/KCEICV.txt
images-table:	cert/Images.txt
nvcounter-val:	1
cert-pkg:	cert/ICVSBContent.crt
2024-12-26 02:54:49,403 - **** Creating Content Certificate ****
2024-12-26 02:54:49,409 - **** Certificate file (context) creation has been completed successfully ****
2024-12-26 02:54:49,694 - Content Certificate Generation Utility started (Logging to sb_content_cert.log)
2024-12-26 02:54:49,694 - Parsing config file: cert/cfg/ICVSBContent.cfg
2024-12-26 02:54:49,694 - Parsed config items:
cert-keypair:	cert/key/ICVSBContent.pem
cert-keypair-pwd:	cert/key/ICVSBContent.pwd
load-verify-scheme:	0
crypto-type:	0
aes-ce-id:	0
aes-enc-key:	cert/key/KCEICV.txt
images-table:	cert/Images.txt
nvcounter-val:	1
cert-pkg:	cert/ICVSBContent.crt
2024-12-26 02:54:49,695 - **** Creating Content Certificate ****
2024-12-26 02:54:49,700 - **** Certificate file (context) creation has been completed successfully ****
2024-12-26 02:54:51,296 - Content Certificate Generation Utility started (Logging to sb_content_cert.log)
2024-12-26 02:54:51,297 - Parsing config file: cert/cfg/ICVSBContent.cfg
2024-12-26 02:54:51,297 - Parsed config items:
cert-keypair:	cert/key/ICVSBContent.pem
cert-keypair-pwd:	cert/key/ICVSBContent.pwd
load-verify-scheme:	0
crypto-type:	0
aes-ce-id:	0
aes-enc-key:	cert/key/KCEICV.txt
images-table:	cert/Images.txt
nvcounter-val:	1
cert-pkg:	cert/ICVSBContent.crt
2024-12-26 02:54:51,297 - **** Creating Content Certificate ****
2024-12-26 02:54:51,302 - **** Certificate file (context) creation has been completed successfully ****
2024-12-26 02:54:51,605 - Content Certificate Generation Utility started (Logging to sb_content_cert.log)
2024-12-26 02:54:51,605 - Parsing config file: cert/cfg/ICVSBContent.cfg
2024-12-26 02:54:51,605 - Parsed config items:
cert-keypair:	cert/key/ICVSBContent.pem
cert-keypair-pwd:	cert/key/ICVSBContent.pwd
load-verify-scheme:	0
crypto-type:	0
aes-ce-id:	0
aes-enc-key:	cert/key/KCEICV.txt
images-table:	cert/Images.txt
nvcounter-val:	1
cert-pkg:	cert/ICVSBContent.crt
2024-12-26 02:54:51,605 - **** Creating Content Certificate ****
2024-12-26 02:54:51,611 - **** Certificate file (context) creation has been completed successfully ****
2024-12-26 02:57:58,035 - Content Certificate Generation Utility started (Logging to sb_content_cert.log)
2024-12-26 02:57:58,035 - Parsing config file: cert/cfg/ICVSBContent.cfg
2024-12-26 02:57:58,035 - Parsed config items:
cert-keypair:	cert/key/ICVSBContent.pem
cert-keypair-pwd:	cert/key/ICVSBContent.pwd
load-verify-scheme:	0
crypto-type:	0
aes-ce-id:	0
aes-enc-key:	cert/key/KCEICV.txt
images-table:	cert/Images.txt
nvcounter-val:	1
cert-pkg:	cert/ICVSBContent.crt
2024-12-26 02:57:58,036 - **** Creating Content Certificate ****
2024-12-26 02:57:58,041 - **** Certificate file (context) creation has been completed successfully ****
2024-12-26 02:57:58,303 - Content Certificate Generation Utility started (Logging to sb_content_cert.log)
2024-12-26 02:57:58,303 - Parsing config file: cert/cfg/ICVSBContent.cfg
2024-12-26 02:57:58,303 - Parsed config items:
cert-keypair:	cert/key/ICVSBContent.pem
cert-keypair-pwd:	cert/key/ICVSBContent.pwd
load-verify-scheme:	0
crypto-type:	0
aes-ce-id:	0
aes-enc-key:	cert/key/KCEICV.txt
images-table:	cert/Images.txt
nvcounter-val:	1
cert-pkg:	cert/ICVSBContent.crt
2024-12-26 02:57:58,303 - **** Creating Content Certificate ****
2024-12-26 02:57:58,309 - **** Certificate file (context) creation has been completed successfully ****
2024-12-26 02:57:58,758 - Content Certificate Generation Utility started (Logging to sb_content_cert.log)
2024-12-26 02:57:58,759 - Parsing config file: cert/cfg/ICVSBContent.cfg
2024-12-26 02:57:58,759 - Parsed config items:
cert-keypair:	cert/key/ICVSBContent.pem
cert-keypair-pwd:	cert/key/ICVSBContent.pwd
load-verify-scheme:	0
crypto-type:	0
aes-ce-id:	0
aes-enc-key:	cert/key/KCEICV.txt
images-table:	cert/Images.txt
nvcounter-val:	1
cert-pkg:	cert/ICVSBContent.crt
2024-12-26 02:57:58,759 - **** Creating Content Certificate ****
2024-12-26 02:57:58,765 - **** Certificate file (context) creation has been completed successfully ****
2024-12-26 02:57:59,045 - Content Certificate Generation Utility started (Logging to sb_content_cert.log)
2024-12-26 02:57:59,045 - Parsing config file: cert/cfg/ICVSBContent.cfg
2024-12-26 02:57:59,045 - Parsed config items:
cert-keypair:	cert/key/ICVSBContent.pem
cert-keypair-pwd:	cert/key/ICVSBContent.pwd
load-verify-scheme:	0
crypto-type:	0
aes-ce-id:	0
aes-enc-key:	cert/key/KCEICV.txt
images-table:	cert/Images.txt
nvcounter-val:	1
cert-pkg:	cert/ICVSBContent.crt
2024-12-26 02:57:59,045 - **** Creating Content Certificate ****
2024-12-26 02:57:59,050 - **** Certificate file (context) creation has been completed successfully ****
2024-12-26 02:58:00,647 - Content Certificate Generation Utility started (Logging to sb_content_cert.log)
2024-12-26 02:58:00,647 - Parsing config file: cert/cfg/ICVSBContent.cfg
2024-12-26 02:58:00,647 - Parsed config items:
cert-keypair:	cert/key/ICVSBContent.pem
cert-keypair-pwd:	cert/key/ICVSBContent.pwd
load-verify-scheme:	0
crypto-type:	0
aes-ce-id:	0
aes-enc-key:	cert/key/KCEICV.txt
images-table:	cert/Images.txt
nvcounter-val:	1
cert-pkg:	cert/ICVSBContent.crt
2024-12-26 02:58:00,648 - **** Creating Content Certificate ****
2024-12-26 02:58:00,653 - **** Certificate file (context) creation has been completed successfully ****
2024-12-26 02:58:00,940 - Content Certificate Generation Utility started (Logging to sb_content_cert.log)
2024-12-26 02:58:00,940 - Parsing config file: cert/cfg/ICVSBContent.cfg
2024-12-26 02:58:00,941 - Parsed config items:
cert-keypair:	cert/key/ICVSBContent.pem
cert-keypair-pwd:	cert/key/ICVSBContent.pwd
load-verify-scheme:	0
crypto-type:	0
aes-ce-id:	0
aes-enc-key:	cert/key/KCEICV.txt
images-table:	cert/Images.txt
nvcounter-val:	1
cert-pkg:	cert/ICVSBContent.crt
2024-12-26 02:58:00,941 - **** Creating Content Certificate ****
2024-12-26 02:58:00,946 - **** Certificate file (context) creation has been completed successfully ****
2024-12-26 03:02:56,612 - Content Certificate Generation Utility started (Logging to sb_content_cert.log)
2024-12-26 03:02:56,612 - Parsing config file: cert/cfg/ICVSBContent.cfg
2024-12-26 03:02:56,612 - Parsed config items:
cert-keypair:	cert/key/ICVSBContent.pem
cert-keypair-pwd:	cert/key/ICVSBContent.pwd
load-verify-scheme:	0
crypto-type:	0
aes-ce-id:	0
aes-enc-key:	cert/key/KCEICV.txt
images-table:	cert/Images.txt
nvcounter-val:	1
cert-pkg:	cert/ICVSBContent.crt
2024-12-26 03:02:56,612 - **** Creating Content Certificate ****
2024-12-26 03:02:56,617 - **** Certificate file (context) creation has been completed successfully ****
2024-12-26 03:02:56,843 - Content Certificate Generation Utility started (Logging to sb_content_cert.log)
2024-12-26 03:02:56,843 - Parsing config file: cert/cfg/ICVSBContent.cfg
2024-12-26 03:02:56,843 - Parsed config items:
cert-keypair:	cert/key/ICVSBContent.pem
cert-keypair-pwd:	cert/key/ICVSBContent.pwd
load-verify-scheme:	0
crypto-type:	0
aes-ce-id:	0
aes-enc-key:	cert/key/KCEICV.txt
images-table:	cert/Images.txt
nvcounter-val:	1
cert-pkg:	cert/ICVSBContent.crt
2024-12-26 03:02:56,843 - **** Creating Content Certificate ****
2024-12-26 03:02:56,847 - **** Certificate file (context) creation has been completed successfully ****
2024-12-26 03:02:58,734 - Content Certificate Generation Utility started (Logging to sb_content_cert.log)
2024-12-26 03:02:58,734 - Parsing config file: cert/cfg/ICVSBContent.cfg
2024-12-26 03:02:58,735 - Parsed config items:
cert-keypair:	cert/key/ICVSBContent.pem
cert-keypair-pwd:	cert/key/ICVSBContent.pwd
load-verify-scheme:	0
crypto-type:	0
aes-ce-id:	0
aes-enc-key:	cert/key/KCEICV.txt
images-table:	cert/Images.txt
nvcounter-val:	1
cert-pkg:	cert/ICVSBContent.crt
2024-12-26 03:02:58,736 - **** Creating Content Certificate ****
2024-12-26 03:02:58,753 - **** Certificate file (context) creation has been completed successfully ****
2024-12-26 03:02:59,024 - Content Certificate Generation Utility started (Logging to sb_content_cert.log)
2024-12-26 03:02:59,024 - Parsing config file: cert/cfg/ICVSBContent.cfg
2024-12-26 03:02:59,024 - Parsed config items:
cert-keypair:	cert/key/ICVSBContent.pem
cert-keypair-pwd:	cert/key/ICVSBContent.pwd
load-verify-scheme:	0
crypto-type:	0
aes-ce-id:	0
aes-enc-key:	cert/key/KCEICV.txt
images-table:	cert/Images.txt
nvcounter-val:	1
cert-pkg:	cert/ICVSBContent.crt
2024-12-26 03:02:59,024 - **** Creating Content Certificate ****
2024-12-26 03:02:59,030 - **** Certificate file (context) creation has been completed successfully ****
2024-12-26 03:03:00,603 - Content Certificate Generation Utility started (Logging to sb_content_cert.log)
2024-12-26 03:03:00,604 - Parsing config file: cert/cfg/ICVSBContent.cfg
2024-12-26 03:03:00,604 - Parsed config items:
cert-keypair:	cert/key/ICVSBContent.pem
cert-keypair-pwd:	cert/key/ICVSBContent.pwd
load-verify-scheme:	0
crypto-type:	0
aes-ce-id:	0
aes-enc-key:	cert/key/KCEICV.txt
images-table:	cert/Images.txt
nvcounter-val:	1
cert-pkg:	cert/ICVSBContent.crt
2024-12-26 03:03:00,604 - **** Creating Content Certificate ****
2024-12-26 03:03:00,607 - **** Certificate file (context) creation has been completed successfully ****
2024-12-26 03:03:00,871 - Content Certificate Generation Utility started (Logging to sb_content_cert.log)
2024-12-26 03:03:00,871 - Parsing config file: cert/cfg/ICVSBContent.cfg
2024-12-26 03:03:00,871 - Parsed config items:
cert-keypair:	cert/key/ICVSBContent.pem
cert-keypair-pwd:	cert/key/ICVSBContent.pwd
load-verify-scheme:	0
crypto-type:	0
aes-ce-id:	0
aes-enc-key:	cert/key/KCEICV.txt
images-table:	cert/Images.txt
nvcounter-val:	1
cert-pkg:	cert/ICVSBContent.crt
2024-12-26 03:03:00,871 - **** Creating Content Certificate ****
2024-12-26 03:03:00,876 - **** Certificate file (context) creation has been completed successfully ****
2024-12-26 03:09:12,666 - Content Certificate Generation Utility started (Logging to sb_content_cert.log)
2024-12-26 03:09:12,667 - Parsing config file: cert/cfg/ICVSBContent.cfg
2024-12-26 03:09:12,667 - Parsed config items:
cert-keypair:	cert/key/ICVSBContent.pem
cert-keypair-pwd:	cert/key/ICVSBContent.pwd
load-verify-scheme:	0
crypto-type:	0
aes-ce-id:	0
aes-enc-key:	cert/key/KCEICV.txt
images-table:	cert/Images.txt
nvcounter-val:	1
cert-pkg:	cert/ICVSBContent.crt
2024-12-26 03:09:12,667 - **** Creating Content Certificate ****
2024-12-26 03:09:12,672 - **** Certificate file (context) creation has been completed successfully ****
2024-12-26 03:09:12,950 - Content Certificate Generation Utility started (Logging to sb_content_cert.log)
2024-12-26 03:09:12,951 - Parsing config file: cert/cfg/ICVSBContent.cfg
2024-12-26 03:09:12,951 - Parsed config items:
cert-keypair:	cert/key/ICVSBContent.pem
cert-keypair-pwd:	cert/key/ICVSBContent.pwd
load-verify-scheme:	0
crypto-type:	0
aes-ce-id:	0
aes-enc-key:	cert/key/KCEICV.txt
images-table:	cert/Images.txt
nvcounter-val:	1
cert-pkg:	cert/ICVSBContent.crt
2024-12-26 03:09:12,951 - **** Creating Content Certificate ****
2024-12-26 03:09:12,956 - **** Certificate file (context) creation has been completed successfully ****
2024-12-26 03:09:13,400 - Content Certificate Generation Utility started (Logging to sb_content_cert.log)
2024-12-26 03:09:13,401 - Parsing config file: cert/cfg/ICVSBContent.cfg
2024-12-26 03:09:13,401 - Parsed config items:
cert-keypair:	cert/key/ICVSBContent.pem
cert-keypair-pwd:	cert/key/ICVSBContent.pwd
load-verify-scheme:	0
crypto-type:	0
aes-ce-id:	0
aes-enc-key:	cert/key/KCEICV.txt
images-table:	cert/Images.txt
nvcounter-val:	1
cert-pkg:	cert/ICVSBContent.crt
2024-12-26 03:09:13,401 - **** Creating Content Certificate ****
2024-12-26 03:09:13,407 - **** Certificate file (context) creation has been completed successfully ****
2024-12-26 03:09:13,691 - Content Certificate Generation Utility started (Logging to sb_content_cert.log)
2024-12-26 03:09:13,692 - Parsing config file: cert/cfg/ICVSBContent.cfg
2024-12-26 03:09:13,692 - Parsed config items:
cert-keypair:	cert/key/ICVSBContent.pem
cert-keypair-pwd:	cert/key/ICVSBContent.pwd
load-verify-scheme:	0
crypto-type:	0
aes-ce-id:	0
aes-enc-key:	cert/key/KCEICV.txt
images-table:	cert/Images.txt
nvcounter-val:	1
cert-pkg:	cert/ICVSBContent.crt
2024-12-26 03:09:13,692 - **** Creating Content Certificate ****
2024-12-26 03:09:13,697 - **** Certificate file (context) creation has been completed successfully ****
2024-12-26 03:09:15,299 - Content Certificate Generation Utility started (Logging to sb_content_cert.log)
2024-12-26 03:09:15,299 - Parsing config file: cert/cfg/ICVSBContent.cfg
2024-12-26 03:09:15,299 - Parsed config items:
cert-keypair:	cert/key/ICVSBContent.pem
cert-keypair-pwd:	cert/key/ICVSBContent.pwd
load-verify-scheme:	0
crypto-type:	0
aes-ce-id:	0
aes-enc-key:	cert/key/KCEICV.txt
images-table:	cert/Images.txt
nvcounter-val:	1
cert-pkg:	cert/ICVSBContent.crt
2024-12-26 03:09:15,299 - **** Creating Content Certificate ****
2024-12-26 03:09:15,304 - **** Certificate file (context) creation has been completed successfully ****
2024-12-26 03:09:15,603 - Content Certificate Generation Utility started (Logging to sb_content_cert.log)
2024-12-26 03:09:15,603 - Parsing config file: cert/cfg/ICVSBContent.cfg
2024-12-26 03:09:15,604 - Parsed config items:
cert-keypair:	cert/key/ICVSBContent.pem
cert-keypair-pwd:	cert/key/ICVSBContent.pwd
load-verify-scheme:	0
crypto-type:	0
aes-ce-id:	0
aes-enc-key:	cert/key/KCEICV.txt
images-table:	cert/Images.txt
nvcounter-val:	1
cert-pkg:	cert/ICVSBContent.crt
2024-12-26 03:09:15,604 - **** Creating Content Certificate ****
2024-12-26 03:09:15,609 - **** Certificate file (context) creation has been completed successfully ****
2024-12-26 03:09:49,146 - Content Certificate Generation Utility started (Logging to sb_content_cert.log)
2024-12-26 03:09:49,146 - Parsing config file: cert/cfg/ICVSBContent.cfg
2024-12-26 03:09:49,147 - Parsed config items:
cert-keypair:	cert/key/ICVSBContent.pem
cert-keypair-pwd:	cert/key/ICVSBContent.pwd
load-verify-scheme:	0
crypto-type:	0
aes-ce-id:	0
aes-enc-key:	cert/key/KCEICV.txt
images-table:	cert/Images.txt
nvcounter-val:	1
cert-pkg:	cert/ICVSBContent.crt
2024-12-26 03:09:49,147 - **** Creating Content Certificate ****
2024-12-26 03:09:49,150 - **** Certificate file (context) creation has been completed successfully ****
2024-12-26 03:09:49,367 - Content Certificate Generation Utility started (Logging to sb_content_cert.log)
2024-12-26 03:09:49,367 - Parsing config file: cert/cfg/ICVSBContent.cfg
2024-12-26 03:09:49,367 - Parsed config items:
cert-keypair:	cert/key/ICVSBContent.pem
cert-keypair-pwd:	cert/key/ICVSBContent.pwd
load-verify-scheme:	0
crypto-type:	0
aes-ce-id:	0
aes-enc-key:	cert/key/KCEICV.txt
images-table:	cert/Images.txt
nvcounter-val:	1
cert-pkg:	cert/ICVSBContent.crt
2024-12-26 03:09:49,367 - **** Creating Content Certificate ****
2024-12-26 03:09:49,371 - **** Certificate file (context) creation has been completed successfully ****
2024-12-26 03:09:49,776 - Content Certificate Generation Utility started (Logging to sb_content_cert.log)
2024-12-26 03:09:49,777 - Parsing config file: cert/cfg/ICVSBContent.cfg
2024-12-26 03:09:49,777 - Parsed config items:
cert-keypair:	cert/key/ICVSBContent.pem
cert-keypair-pwd:	cert/key/ICVSBContent.pwd
load-verify-scheme:	0
crypto-type:	0
aes-ce-id:	0
aes-enc-key:	cert/key/KCEICV.txt
images-table:	cert/Images.txt
nvcounter-val:	1
cert-pkg:	cert/ICVSBContent.crt
2024-12-26 03:09:49,777 - **** Creating Content Certificate ****
2024-12-26 03:09:49,781 - **** Certificate file (context) creation has been completed successfully ****
2024-12-26 03:09:50,027 - Content Certificate Generation Utility started (Logging to sb_content_cert.log)
2024-12-26 03:09:50,027 - Parsing config file: cert/cfg/ICVSBContent.cfg
2024-12-26 03:09:50,027 - Parsed config items:
cert-keypair:	cert/key/ICVSBContent.pem
cert-keypair-pwd:	cert/key/ICVSBContent.pwd
load-verify-scheme:	0
crypto-type:	0
aes-ce-id:	0
aes-enc-key:	cert/key/KCEICV.txt
images-table:	cert/Images.txt
nvcounter-val:	1
cert-pkg:	cert/ICVSBContent.crt
2024-12-26 03:09:50,027 - **** Creating Content Certificate ****
2024-12-26 03:09:50,031 - **** Certificate file (context) creation has been completed successfully ****
2024-12-26 03:09:51,586 - Content Certificate Generation Utility started (Logging to sb_content_cert.log)
2024-12-26 03:09:51,586 - Parsing config file: cert/cfg/ICVSBContent.cfg
2024-12-26 03:09:51,586 - Parsed config items:
cert-keypair:	cert/key/ICVSBContent.pem
cert-keypair-pwd:	cert/key/ICVSBContent.pwd
load-verify-scheme:	0
crypto-type:	0
aes-ce-id:	0
aes-enc-key:	cert/key/KCEICV.txt
images-table:	cert/Images.txt
nvcounter-val:	1
cert-pkg:	cert/ICVSBContent.crt
2024-12-26 03:09:51,586 - **** Creating Content Certificate ****
2024-12-26 03:09:51,590 - **** Certificate file (context) creation has been completed successfully ****
2024-12-26 03:09:51,815 - Content Certificate Generation Utility started (Logging to sb_content_cert.log)
2024-12-26 03:09:51,816 - Parsing config file: cert/cfg/ICVSBContent.cfg
2024-12-26 03:09:51,816 - Parsed config items:
cert-keypair:	cert/key/ICVSBContent.pem
cert-keypair-pwd:	cert/key/ICVSBContent.pwd
load-verify-scheme:	0
crypto-type:	0
aes-ce-id:	0
aes-enc-key:	cert/key/KCEICV.txt
images-table:	cert/Images.txt
nvcounter-val:	1
cert-pkg:	cert/ICVSBContent.crt
2024-12-26 03:09:51,816 - **** Creating Content Certificate ****
2024-12-26 03:09:51,819 - **** Certificate file (context) creation has been completed successfully ****
2024-12-26 03:29:36,596 - Content Certificate Generation Utility started (Logging to sb_content_cert.log)
2024-12-26 03:29:36,596 - Parsing config file: cert/cfg/ICVSBContent.cfg
2024-12-26 03:29:36,597 - Parsed config items:
cert-keypair:	cert/key/ICVSBContent.pem
cert-keypair-pwd:	cert/key/ICVSBContent.pwd
load-verify-scheme:	0
crypto-type:	0
aes-ce-id:	0
aes-enc-key:	cert/key/KCEICV.txt
images-table:	cert/Images.txt
nvcounter-val:	1
cert-pkg:	cert/ICVSBContent.crt
2024-12-26 03:29:36,597 - **** Creating Content Certificate ****
2024-12-26 03:29:36,602 - **** Certificate file (context) creation has been completed successfully ****
2024-12-26 03:29:36,885 - Content Certificate Generation Utility started (Logging to sb_content_cert.log)
2024-12-26 03:29:36,885 - Parsing config file: cert/cfg/ICVSBContent.cfg
2024-12-26 03:29:36,886 - Parsed config items:
cert-keypair:	cert/key/ICVSBContent.pem
cert-keypair-pwd:	cert/key/ICVSBContent.pwd
load-verify-scheme:	0
crypto-type:	0
aes-ce-id:	0
aes-enc-key:	cert/key/KCEICV.txt
images-table:	cert/Images.txt
nvcounter-val:	1
cert-pkg:	cert/ICVSBContent.crt
2024-12-26 03:29:36,886 - **** Creating Content Certificate ****
2024-12-26 03:29:36,891 - **** Certificate file (context) creation has been completed successfully ****
2024-12-26 03:29:37,367 - Content Certificate Generation Utility started (Logging to sb_content_cert.log)
2024-12-26 03:29:37,367 - Parsing config file: cert/cfg/ICVSBContent.cfg
2024-12-26 03:29:37,368 - Parsed config items:
cert-keypair:	cert/key/ICVSBContent.pem
cert-keypair-pwd:	cert/key/ICVSBContent.pwd
load-verify-scheme:	0
crypto-type:	0
aes-ce-id:	0
aes-enc-key:	cert/key/KCEICV.txt
images-table:	cert/Images.txt
nvcounter-val:	1
cert-pkg:	cert/ICVSBContent.crt
2024-12-26 03:29:37,368 - **** Creating Content Certificate ****
2024-12-26 03:29:37,374 - **** Certificate file (context) creation has been completed successfully ****
2024-12-26 03:29:37,637 - Content Certificate Generation Utility started (Logging to sb_content_cert.log)
2024-12-26 03:29:37,637 - Parsing config file: cert/cfg/ICVSBContent.cfg
2024-12-26 03:29:37,638 - Parsed config items:
cert-keypair:	cert/key/ICVSBContent.pem
cert-keypair-pwd:	cert/key/ICVSBContent.pwd
load-verify-scheme:	0
crypto-type:	0
aes-ce-id:	0
aes-enc-key:	cert/key/KCEICV.txt
images-table:	cert/Images.txt
nvcounter-val:	1
cert-pkg:	cert/ICVSBContent.crt
2024-12-26 03:29:37,638 - **** Creating Content Certificate ****
2024-12-26 03:29:37,643 - **** Certificate file (context) creation has been completed successfully ****
2024-12-26 03:29:39,246 - Content Certificate Generation Utility started (Logging to sb_content_cert.log)
2024-12-26 03:29:39,246 - Parsing config file: cert/cfg/ICVSBContent.cfg
2024-12-26 03:29:39,246 - Parsed config items:
cert-keypair:	cert/key/ICVSBContent.pem
cert-keypair-pwd:	cert/key/ICVSBContent.pwd
load-verify-scheme:	0
crypto-type:	0
aes-ce-id:	0
aes-enc-key:	cert/key/KCEICV.txt
images-table:	cert/Images.txt
nvcounter-val:	1
cert-pkg:	cert/ICVSBContent.crt
2024-12-26 03:29:39,247 - **** Creating Content Certificate ****
2024-12-26 03:29:39,252 - **** Certificate file (context) creation has been completed successfully ****
2024-12-26 03:29:39,550 - Content Certificate Generation Utility started (Logging to sb_content_cert.log)
2024-12-26 03:29:39,550 - Parsing config file: cert/cfg/ICVSBContent.cfg
2024-12-26 03:29:39,551 - Parsed config items:
cert-keypair:	cert/key/ICVSBContent.pem
cert-keypair-pwd:	cert/key/ICVSBContent.pwd
load-verify-scheme:	0
crypto-type:	0
aes-ce-id:	0
aes-enc-key:	cert/key/KCEICV.txt
images-table:	cert/Images.txt
nvcounter-val:	1
cert-pkg:	cert/ICVSBContent.crt
2024-12-26 03:29:39,551 - **** Creating Content Certificate ****
2024-12-26 03:29:39,556 - **** Certificate file (context) creation has been completed successfully ****
2024-12-26 05:35:32,256 - Content Certificate Generation Utility started (Logging to sb_content_cert.log)
2024-12-26 05:35:32,256 - Parsing config file: cert/cfg/ICVSBContent.cfg
2024-12-26 05:35:32,257 - Parsed config items:
cert-keypair:	cert/key/ICVSBContent.pem
cert-keypair-pwd:	cert/key/ICVSBContent.pwd
load-verify-scheme:	0
crypto-type:	0
aes-ce-id:	0
aes-enc-key:	cert/key/KCEICV.txt
images-table:	cert/Images.txt
nvcounter-val:	1
cert-pkg:	cert/ICVSBContent.crt
2024-12-26 05:35:32,257 - **** Creating Content Certificate ****
2024-12-26 05:35:32,262 - **** Certificate file (context) creation has been completed successfully ****
2024-12-26 05:35:32,533 - Content Certificate Generation Utility started (Logging to sb_content_cert.log)
2024-12-26 05:35:32,533 - Parsing config file: cert/cfg/ICVSBContent.cfg
2024-12-26 05:35:32,534 - Parsed config items:
cert-keypair:	cert/key/ICVSBContent.pem
cert-keypair-pwd:	cert/key/ICVSBContent.pwd
load-verify-scheme:	0
crypto-type:	0
aes-ce-id:	0
aes-enc-key:	cert/key/KCEICV.txt
images-table:	cert/Images.txt
nvcounter-val:	1
cert-pkg:	cert/ICVSBContent.crt
2024-12-26 05:35:32,534 - **** Creating Content Certificate ****
2024-12-26 05:35:32,539 - **** Certificate file (context) creation has been completed successfully ****
2024-12-26 05:35:32,982 - Content Certificate Generation Utility started (Logging to sb_content_cert.log)
2024-12-26 05:35:32,983 - Parsing config file: cert/cfg/ICVSBContent.cfg
2024-12-26 05:35:32,983 - Parsed config items:
cert-keypair:	cert/key/ICVSBContent.pem
cert-keypair-pwd:	cert/key/ICVSBContent.pwd
load-verify-scheme:	0
crypto-type:	0
aes-ce-id:	0
aes-enc-key:	cert/key/KCEICV.txt
images-table:	cert/Images.txt
nvcounter-val:	1
cert-pkg:	cert/ICVSBContent.crt
2024-12-26 05:35:32,983 - **** Creating Content Certificate ****
2024-12-26 05:35:32,989 - **** Certificate file (context) creation has been completed successfully ****
2024-12-26 05:35:33,212 - Content Certificate Generation Utility started (Logging to sb_content_cert.log)
2024-12-26 05:35:33,212 - Parsing config file: cert/cfg/ICVSBContent.cfg
2024-12-26 05:35:33,212 - Parsed config items:
cert-keypair:	cert/key/ICVSBContent.pem
cert-keypair-pwd:	cert/key/ICVSBContent.pwd
load-verify-scheme:	0
crypto-type:	0
aes-ce-id:	0
aes-enc-key:	cert/key/KCEICV.txt
images-table:	cert/Images.txt
nvcounter-val:	1
cert-pkg:	cert/ICVSBContent.crt
2024-12-26 05:35:33,213 - **** Creating Content Certificate ****
2024-12-26 05:35:33,216 - **** Certificate file (context) creation has been completed successfully ****
2024-12-26 05:35:34,804 - Content Certificate Generation Utility started (Logging to sb_content_cert.log)
2024-12-26 05:35:34,804 - Parsing config file: cert/cfg/ICVSBContent.cfg
2024-12-26 05:35:34,804 - Parsed config items:
cert-keypair:	cert/key/ICVSBContent.pem
cert-keypair-pwd:	cert/key/ICVSBContent.pwd
load-verify-scheme:	0
crypto-type:	0
aes-ce-id:	0
aes-enc-key:	cert/key/KCEICV.txt
images-table:	cert/Images.txt
nvcounter-val:	1
cert-pkg:	cert/ICVSBContent.crt
2024-12-26 05:35:34,805 - **** Creating Content Certificate ****
2024-12-26 05:35:34,810 - **** Certificate file (context) creation has been completed successfully ****
2024-12-26 05:35:35,112 - Content Certificate Generation Utility started (Logging to sb_content_cert.log)
2024-12-26 05:35:35,112 - Parsing config file: cert/cfg/ICVSBContent.cfg
2024-12-26 05:35:35,112 - Parsed config items:
cert-keypair:	cert/key/ICVSBContent.pem
cert-keypair-pwd:	cert/key/ICVSBContent.pwd
load-verify-scheme:	0
crypto-type:	0
aes-ce-id:	0
aes-enc-key:	cert/key/KCEICV.txt
images-table:	cert/Images.txt
nvcounter-val:	1
cert-pkg:	cert/ICVSBContent.crt
2024-12-26 05:35:35,113 - **** Creating Content Certificate ****
2024-12-26 05:35:35,118 - **** Certificate file (context) creation has been completed successfully ****
2024-12-26 05:38:52,209 - Content Certificate Generation Utility started (Logging to sb_content_cert.log)
2024-12-26 05:38:52,209 - Parsing config file: cert/cfg/ICVSBContent.cfg
2024-12-26 05:38:52,210 - Parsed config items:
cert-keypair:	cert/key/ICVSBContent.pem
cert-keypair-pwd:	cert/key/ICVSBContent.pwd
load-verify-scheme:	0
crypto-type:	0
aes-ce-id:	0
aes-enc-key:	cert/key/KCEICV.txt
images-table:	cert/Images.txt
nvcounter-val:	1
cert-pkg:	cert/ICVSBContent.crt
2024-12-26 05:38:52,210 - **** Creating Content Certificate ****
2024-12-26 05:38:52,214 - **** Certificate file (context) creation has been completed successfully ****
2024-12-26 05:38:52,487 - Content Certificate Generation Utility started (Logging to sb_content_cert.log)
2024-12-26 05:38:52,487 - Parsing config file: cert/cfg/ICVSBContent.cfg
2024-12-26 05:38:52,487 - Parsed config items:
cert-keypair:	cert/key/ICVSBContent.pem
cert-keypair-pwd:	cert/key/ICVSBContent.pwd
load-verify-scheme:	0
crypto-type:	0
aes-ce-id:	0
aes-enc-key:	cert/key/KCEICV.txt
images-table:	cert/Images.txt
nvcounter-val:	1
cert-pkg:	cert/ICVSBContent.crt
2024-12-26 05:38:52,488 - **** Creating Content Certificate ****
2024-12-26 05:38:52,493 - **** Certificate file (context) creation has been completed successfully ****
2024-12-26 05:38:52,933 - Content Certificate Generation Utility started (Logging to sb_content_cert.log)
2024-12-26 05:38:52,933 - Parsing config file: cert/cfg/ICVSBContent.cfg
2024-12-26 05:38:52,933 - Parsed config items:
cert-keypair:	cert/key/ICVSBContent.pem
cert-keypair-pwd:	cert/key/ICVSBContent.pwd
load-verify-scheme:	0
crypto-type:	0
aes-ce-id:	0
aes-enc-key:	cert/key/KCEICV.txt
images-table:	cert/Images.txt
nvcounter-val:	1
cert-pkg:	cert/ICVSBContent.crt
2024-12-26 05:38:52,933 - **** Creating Content Certificate ****
2024-12-26 05:38:52,940 - **** Certificate file (context) creation has been completed successfully ****
2024-12-26 05:38:53,219 - Content Certificate Generation Utility started (Logging to sb_content_cert.log)
2024-12-26 05:38:53,219 - Parsing config file: cert/cfg/ICVSBContent.cfg
2024-12-26 05:38:53,219 - Parsed config items:
cert-keypair:	cert/key/ICVSBContent.pem
cert-keypair-pwd:	cert/key/ICVSBContent.pwd
load-verify-scheme:	0
crypto-type:	0
aes-ce-id:	0
aes-enc-key:	cert/key/KCEICV.txt
images-table:	cert/Images.txt
nvcounter-val:	1
cert-pkg:	cert/ICVSBContent.crt
2024-12-26 05:38:53,219 - **** Creating Content Certificate ****
2024-12-26 05:38:53,225 - **** Certificate file (context) creation has been completed successfully ****
2024-12-26 05:38:54,816 - Content Certificate Generation Utility started (Logging to sb_content_cert.log)
2024-12-26 05:38:54,816 - Parsing config file: cert/cfg/ICVSBContent.cfg
2024-12-26 05:38:54,816 - Parsed config items:
cert-keypair:	cert/key/ICVSBContent.pem
cert-keypair-pwd:	cert/key/ICVSBContent.pwd
load-verify-scheme:	0
crypto-type:	0
aes-ce-id:	0
aes-enc-key:	cert/key/KCEICV.txt
images-table:	cert/Images.txt
nvcounter-val:	1
cert-pkg:	cert/ICVSBContent.crt
2024-12-26 05:38:54,817 - **** Creating Content Certificate ****
2024-12-26 05:38:54,822 - **** Certificate file (context) creation has been completed successfully ****
2024-12-26 05:38:55,122 - Content Certificate Generation Utility started (Logging to sb_content_cert.log)
2024-12-26 05:38:55,122 - Parsing config file: cert/cfg/ICVSBContent.cfg
2024-12-26 05:38:55,122 - Parsed config items:
cert-keypair:	cert/key/ICVSBContent.pem
cert-keypair-pwd:	cert/key/ICVSBContent.pwd
load-verify-scheme:	0
crypto-type:	0
aes-ce-id:	0
aes-enc-key:	cert/key/KCEICV.txt
images-table:	cert/Images.txt
nvcounter-val:	1
cert-pkg:	cert/ICVSBContent.crt
2024-12-26 05:38:55,123 - **** Creating Content Certificate ****
2024-12-26 05:38:55,128 - **** Certificate file (context) creation has been completed successfully ****
2024-12-26 05:41:51,003 - Content Certificate Generation Utility started (Logging to sb_content_cert.log)
2024-12-26 05:41:51,003 - Parsing config file: cert/cfg/ICVSBContent.cfg
2024-12-26 05:41:51,003 - Parsed config items:
cert-keypair:	cert/key/ICVSBContent.pem
cert-keypair-pwd:	cert/key/ICVSBContent.pwd
load-verify-scheme:	0
crypto-type:	0
aes-ce-id:	0
aes-enc-key:	cert/key/KCEICV.txt
images-table:	cert/Images.txt
nvcounter-val:	1
cert-pkg:	cert/ICVSBContent.crt
2024-12-26 05:41:51,004 - **** Creating Content Certificate ****
2024-12-26 05:41:51,008 - **** Certificate file (context) creation has been completed successfully ****
2024-12-26 05:41:51,273 - Content Certificate Generation Utility started (Logging to sb_content_cert.log)
2024-12-26 05:41:51,273 - Parsing config file: cert/cfg/ICVSBContent.cfg
2024-12-26 05:41:51,274 - Parsed config items:
cert-keypair:	cert/key/ICVSBContent.pem
cert-keypair-pwd:	cert/key/ICVSBContent.pwd
load-verify-scheme:	0
crypto-type:	0
aes-ce-id:	0
aes-enc-key:	cert/key/KCEICV.txt
images-table:	cert/Images.txt
nvcounter-val:	1
cert-pkg:	cert/ICVSBContent.crt
2024-12-26 05:41:51,274 - **** Creating Content Certificate ****
2024-12-26 05:41:51,279 - **** Certificate file (context) creation has been completed successfully ****
2024-12-26 05:41:51,715 - Content Certificate Generation Utility started (Logging to sb_content_cert.log)
2024-12-26 05:41:51,715 - Parsing config file: cert/cfg/ICVSBContent.cfg
2024-12-26 05:41:51,715 - Parsed config items:
cert-keypair:	cert/key/ICVSBContent.pem
cert-keypair-pwd:	cert/key/ICVSBContent.pwd
load-verify-scheme:	0
crypto-type:	0
aes-ce-id:	0
aes-enc-key:	cert/key/KCEICV.txt
images-table:	cert/Images.txt
nvcounter-val:	1
cert-pkg:	cert/ICVSBContent.crt
2024-12-26 05:41:51,716 - **** Creating Content Certificate ****
2024-12-26 05:41:51,721 - **** Certificate file (context) creation has been completed successfully ****
2024-12-26 05:41:51,987 - Content Certificate Generation Utility started (Logging to sb_content_cert.log)
2024-12-26 05:41:51,987 - Parsing config file: cert/cfg/ICVSBContent.cfg
2024-12-26 05:41:51,987 - Parsed config items:
cert-keypair:	cert/key/ICVSBContent.pem
cert-keypair-pwd:	cert/key/ICVSBContent.pwd
load-verify-scheme:	0
crypto-type:	0
aes-ce-id:	0
aes-enc-key:	cert/key/KCEICV.txt
images-table:	cert/Images.txt
nvcounter-val:	1
cert-pkg:	cert/ICVSBContent.crt
2024-12-26 05:41:51,988 - **** Creating Content Certificate ****
2024-12-26 05:41:51,993 - **** Certificate file (context) creation has been completed successfully ****
2024-12-26 05:41:53,572 - Content Certificate Generation Utility started (Logging to sb_content_cert.log)
2024-12-26 05:41:53,572 - Parsing config file: cert/cfg/ICVSBContent.cfg
2024-12-26 05:41:53,572 - Parsed config items:
cert-keypair:	cert/key/ICVSBContent.pem
cert-keypair-pwd:	cert/key/ICVSBContent.pwd
load-verify-scheme:	0
crypto-type:	0
aes-ce-id:	0
aes-enc-key:	cert/key/KCEICV.txt
images-table:	cert/Images.txt
nvcounter-val:	1
cert-pkg:	cert/ICVSBContent.crt
2024-12-26 05:41:53,573 - **** Creating Content Certificate ****
2024-12-26 05:41:53,578 - **** Certificate file (context) creation has been completed successfully ****
2024-12-26 05:41:53,864 - Content Certificate Generation Utility started (Logging to sb_content_cert.log)
2024-12-26 05:41:53,864 - Parsing config file: cert/cfg/ICVSBContent.cfg
2024-12-26 05:41:53,864 - Parsed config items:
cert-keypair:	cert/key/ICVSBContent.pem
cert-keypair-pwd:	cert/key/ICVSBContent.pwd
load-verify-scheme:	0
crypto-type:	0
aes-ce-id:	0
aes-enc-key:	cert/key/KCEICV.txt
images-table:	cert/Images.txt
nvcounter-val:	1
cert-pkg:	cert/ICVSBContent.crt
2024-12-26 05:41:53,864 - **** Creating Content Certificate ****
2024-12-26 05:41:53,869 - **** Certificate file (context) creation has been completed successfully ****
2024-12-26 05:52:30,921 - Content Certificate Generation Utility started (Logging to sb_content_cert.log)
2024-12-26 05:52:30,922 - Parsing config file: cert/cfg/ICVSBContent.cfg
2024-12-26 05:52:30,922 - Parsed config items:
cert-keypair:	cert/key/ICVSBContent.pem
cert-keypair-pwd:	cert/key/ICVSBContent.pwd
load-verify-scheme:	0
crypto-type:	0
aes-ce-id:	0
aes-enc-key:	cert/key/KCEICV.txt
images-table:	cert/Images.txt
nvcounter-val:	1
cert-pkg:	cert/ICVSBContent.crt
2024-12-26 05:52:30,922 - **** Creating Content Certificate ****
2024-12-26 05:52:30,927 - **** Certificate file (context) creation has been completed successfully ****
2024-12-26 05:52:31,208 - Content Certificate Generation Utility started (Logging to sb_content_cert.log)
2024-12-26 05:52:31,208 - Parsing config file: cert/cfg/ICVSBContent.cfg
2024-12-26 05:52:31,208 - Parsed config items:
cert-keypair:	cert/key/ICVSBContent.pem
cert-keypair-pwd:	cert/key/ICVSBContent.pwd
load-verify-scheme:	0
crypto-type:	0
aes-ce-id:	0
aes-enc-key:	cert/key/KCEICV.txt
images-table:	cert/Images.txt
nvcounter-val:	1
cert-pkg:	cert/ICVSBContent.crt
2024-12-26 05:52:31,209 - **** Creating Content Certificate ****
2024-12-26 05:52:31,214 - **** Certificate file (context) creation has been completed successfully ****
2024-12-26 05:52:31,674 - Content Certificate Generation Utility started (Logging to sb_content_cert.log)
2024-12-26 05:52:31,674 - Parsing config file: cert/cfg/ICVSBContent.cfg
2024-12-26 05:52:31,674 - Parsed config items:
cert-keypair:	cert/key/ICVSBContent.pem
cert-keypair-pwd:	cert/key/ICVSBContent.pwd
load-verify-scheme:	0
crypto-type:	0
aes-ce-id:	0
aes-enc-key:	cert/key/KCEICV.txt
images-table:	cert/Images.txt
nvcounter-val:	1
cert-pkg:	cert/ICVSBContent.crt
2024-12-26 05:52:31,675 - **** Creating Content Certificate ****
2024-12-26 05:52:31,681 - **** Certificate file (context) creation has been completed successfully ****
2024-12-26 05:52:31,964 - Content Certificate Generation Utility started (Logging to sb_content_cert.log)
2024-12-26 05:52:31,964 - Parsing config file: cert/cfg/ICVSBContent.cfg
2024-12-26 05:52:31,965 - Parsed config items:
cert-keypair:	cert/key/ICVSBContent.pem
cert-keypair-pwd:	cert/key/ICVSBContent.pwd
load-verify-scheme:	0
crypto-type:	0
aes-ce-id:	0
aes-enc-key:	cert/key/KCEICV.txt
images-table:	cert/Images.txt
nvcounter-val:	1
cert-pkg:	cert/ICVSBContent.crt
2024-12-26 05:52:31,965 - **** Creating Content Certificate ****
2024-12-26 05:52:31,970 - **** Certificate file (context) creation has been completed successfully ****
2024-12-26 05:52:33,572 - Content Certificate Generation Utility started (Logging to sb_content_cert.log)
2024-12-26 05:52:33,572 - Parsing config file: cert/cfg/ICVSBContent.cfg
2024-12-26 05:52:33,573 - Parsed config items:
cert-keypair:	cert/key/ICVSBContent.pem
cert-keypair-pwd:	cert/key/ICVSBContent.pwd
load-verify-scheme:	0
crypto-type:	0
aes-ce-id:	0
aes-enc-key:	cert/key/KCEICV.txt
images-table:	cert/Images.txt
nvcounter-val:	1
cert-pkg:	cert/ICVSBContent.crt
2024-12-26 05:52:33,573 - **** Creating Content Certificate ****
2024-12-26 05:52:33,578 - **** Certificate file (context) creation has been completed successfully ****
2024-12-26 05:52:33,883 - Content Certificate Generation Utility started (Logging to sb_content_cert.log)
2024-12-26 05:52:33,883 - Parsing config file: cert/cfg/ICVSBContent.cfg
2024-12-26 05:52:33,884 - Parsed config items:
cert-keypair:	cert/key/ICVSBContent.pem
cert-keypair-pwd:	cert/key/ICVSBContent.pwd
load-verify-scheme:	0
crypto-type:	0
aes-ce-id:	0
aes-enc-key:	cert/key/KCEICV.txt
images-table:	cert/Images.txt
nvcounter-val:	1
cert-pkg:	cert/ICVSBContent.crt
2024-12-26 05:52:33,885 - **** Creating Content Certificate ****
2024-12-26 05:52:33,899 - **** Certificate file (context) creation has been completed successfully ****
2024-12-26 05:55:25,669 - Content Certificate Generation Utility started (Logging to sb_content_cert.log)
2024-12-26 05:55:25,669 - Parsing config file: cert/cfg/ICVSBContent.cfg
2024-12-26 05:55:25,670 - Parsed config items:
cert-keypair:	cert/key/ICVSBContent.pem
cert-keypair-pwd:	cert/key/ICVSBContent.pwd
load-verify-scheme:	0
crypto-type:	0
aes-ce-id:	0
aes-enc-key:	cert/key/KCEICV.txt
images-table:	cert/Images.txt
nvcounter-val:	1
cert-pkg:	cert/ICVSBContent.crt
2024-12-26 05:55:25,670 - **** Creating Content Certificate ****
2024-12-26 05:55:25,673 - **** Certificate file (context) creation has been completed successfully ****
2024-12-26 05:55:25,899 - Content Certificate Generation Utility started (Logging to sb_content_cert.log)
2024-12-26 05:55:25,899 - Parsing config file: cert/cfg/ICVSBContent.cfg
2024-12-26 05:55:25,899 - Parsed config items:
cert-keypair:	cert/key/ICVSBContent.pem
cert-keypair-pwd:	cert/key/ICVSBContent.pwd
load-verify-scheme:	0
crypto-type:	0
aes-ce-id:	0
aes-enc-key:	cert/key/KCEICV.txt
images-table:	cert/Images.txt
nvcounter-val:	1
cert-pkg:	cert/ICVSBContent.crt
2024-12-26 05:55:25,900 - **** Creating Content Certificate ****
2024-12-26 05:55:25,905 - **** Certificate file (context) creation has been completed successfully ****
2024-12-26 05:55:26,321 - Content Certificate Generation Utility started (Logging to sb_content_cert.log)
2024-12-26 05:55:26,321 - Parsing config file: cert/cfg/ICVSBContent.cfg
2024-12-26 05:55:26,321 - Parsed config items:
cert-keypair:	cert/key/ICVSBContent.pem
cert-keypair-pwd:	cert/key/ICVSBContent.pwd
load-verify-scheme:	0
crypto-type:	0
aes-ce-id:	0
aes-enc-key:	cert/key/KCEICV.txt
images-table:	cert/Images.txt
nvcounter-val:	1
cert-pkg:	cert/ICVSBContent.crt
2024-12-26 05:55:26,321 - **** Creating Content Certificate ****
2024-12-26 05:55:26,326 - **** Certificate file (context) creation has been completed successfully ****
2024-12-26 05:55:26,604 - Content Certificate Generation Utility started (Logging to sb_content_cert.log)
2024-12-26 05:55:26,604 - Parsing config file: cert/cfg/ICVSBContent.cfg
2024-12-26 05:55:26,605 - Parsed config items:
cert-keypair:	cert/key/ICVSBContent.pem
cert-keypair-pwd:	cert/key/ICVSBContent.pwd
load-verify-scheme:	0
crypto-type:	0
aes-ce-id:	0
aes-enc-key:	cert/key/KCEICV.txt
images-table:	cert/Images.txt
nvcounter-val:	1
cert-pkg:	cert/ICVSBContent.crt
2024-12-26 05:55:26,605 - **** Creating Content Certificate ****
2024-12-26 05:55:26,610 - **** Certificate file (context) creation has been completed successfully ****
2024-12-26 05:55:28,199 - Content Certificate Generation Utility started (Logging to sb_content_cert.log)
2024-12-26 05:55:28,200 - Parsing config file: cert/cfg/ICVSBContent.cfg
2024-12-26 05:55:28,200 - Parsed config items:
cert-keypair:	cert/key/ICVSBContent.pem
cert-keypair-pwd:	cert/key/ICVSBContent.pwd
load-verify-scheme:	0
crypto-type:	0
aes-ce-id:	0
aes-enc-key:	cert/key/KCEICV.txt
images-table:	cert/Images.txt
nvcounter-val:	1
cert-pkg:	cert/ICVSBContent.crt
2024-12-26 05:55:28,200 - **** Creating Content Certificate ****
2024-12-26 05:55:28,205 - **** Certificate file (context) creation has been completed successfully ****
2024-12-26 05:55:28,493 - Content Certificate Generation Utility started (Logging to sb_content_cert.log)
2024-12-26 05:55:28,493 - Parsing config file: cert/cfg/ICVSBContent.cfg
2024-12-26 05:55:28,494 - Parsed config items:
cert-keypair:	cert/key/ICVSBContent.pem
cert-keypair-pwd:	cert/key/ICVSBContent.pwd
load-verify-scheme:	0
crypto-type:	0
aes-ce-id:	0
aes-enc-key:	cert/key/KCEICV.txt
images-table:	cert/Images.txt
nvcounter-val:	1
cert-pkg:	cert/ICVSBContent.crt
2024-12-26 05:55:28,494 - **** Creating Content Certificate ****
2024-12-26 05:55:28,499 - **** Certificate file (context) creation has been completed successfully ****
2024-12-26 06:02:22,883 - Content Certificate Generation Utility started (Logging to sb_content_cert.log)
2024-12-26 06:02:22,883 - Parsing config file: cert/cfg/ICVSBContent.cfg
2024-12-26 06:02:22,883 - Parsed config items:
cert-keypair:	cert/key/ICVSBContent.pem
cert-keypair-pwd:	cert/key/ICVSBContent.pwd
load-verify-scheme:	0
crypto-type:	0
aes-ce-id:	0
aes-enc-key:	cert/key/KCEICV.txt
images-table:	cert/Images.txt
nvcounter-val:	1
cert-pkg:	cert/ICVSBContent.crt
2024-12-26 06:02:22,883 - **** Creating Content Certificate ****
2024-12-26 06:02:22,889 - **** Certificate file (context) creation has been completed successfully ****
2024-12-26 06:02:23,167 - Content Certificate Generation Utility started (Logging to sb_content_cert.log)
2024-12-26 06:02:23,167 - Parsing config file: cert/cfg/ICVSBContent.cfg
2024-12-26 06:02:23,168 - Parsed config items:
cert-keypair:	cert/key/ICVSBContent.pem
cert-keypair-pwd:	cert/key/ICVSBContent.pwd
load-verify-scheme:	0
crypto-type:	0
aes-ce-id:	0
aes-enc-key:	cert/key/KCEICV.txt
images-table:	cert/Images.txt
nvcounter-val:	1
cert-pkg:	cert/ICVSBContent.crt
2024-12-26 06:02:23,168 - **** Creating Content Certificate ****
2024-12-26 06:02:23,173 - **** Certificate file (context) creation has been completed successfully ****
2024-12-26 06:02:23,625 - Content Certificate Generation Utility started (Logging to sb_content_cert.log)
2024-12-26 06:02:23,625 - Parsing config file: cert/cfg/ICVSBContent.cfg
2024-12-26 06:02:23,625 - Parsed config items:
cert-keypair:	cert/key/ICVSBContent.pem
cert-keypair-pwd:	cert/key/ICVSBContent.pwd
load-verify-scheme:	0
crypto-type:	0
aes-ce-id:	0
aes-enc-key:	cert/key/KCEICV.txt
images-table:	cert/Images.txt
nvcounter-val:	1
cert-pkg:	cert/ICVSBContent.crt
2024-12-26 06:02:23,626 - **** Creating Content Certificate ****
2024-12-26 06:02:23,632 - **** Certificate file (context) creation has been completed successfully ****
2024-12-26 06:02:23,919 - Content Certificate Generation Utility started (Logging to sb_content_cert.log)
2024-12-26 06:02:23,920 - Parsing config file: cert/cfg/ICVSBContent.cfg
2024-12-26 06:02:23,920 - Parsed config items:
cert-keypair:	cert/key/ICVSBContent.pem
cert-keypair-pwd:	cert/key/ICVSBContent.pwd
load-verify-scheme:	0
crypto-type:	0
aes-ce-id:	0
aes-enc-key:	cert/key/KCEICV.txt
images-table:	cert/Images.txt
nvcounter-val:	1
cert-pkg:	cert/ICVSBContent.crt
2024-12-26 06:02:23,920 - **** Creating Content Certificate ****
2024-12-26 06:02:23,925 - **** Certificate file (context) creation has been completed successfully ****
2024-12-26 06:02:25,527 - Content Certificate Generation Utility started (Logging to sb_content_cert.log)
2024-12-26 06:02:25,528 - Parsing config file: cert/cfg/ICVSBContent.cfg
2024-12-26 06:02:25,528 - Parsed config items:
cert-keypair:	cert/key/ICVSBContent.pem
cert-keypair-pwd:	cert/key/ICVSBContent.pwd
load-verify-scheme:	0
crypto-type:	0
aes-ce-id:	0
aes-enc-key:	cert/key/KCEICV.txt
images-table:	cert/Images.txt
nvcounter-val:	1
cert-pkg:	cert/ICVSBContent.crt
2024-12-26 06:02:25,528 - **** Creating Content Certificate ****
2024-12-26 06:02:25,533 - **** Certificate file (context) creation has been completed successfully ****
2024-12-26 06:02:25,831 - Content Certificate Generation Utility started (Logging to sb_content_cert.log)
2024-12-26 06:02:25,831 - Parsing config file: cert/cfg/ICVSBContent.cfg
2024-12-26 06:02:25,831 - Parsed config items:
cert-keypair:	cert/key/ICVSBContent.pem
cert-keypair-pwd:	cert/key/ICVSBContent.pwd
load-verify-scheme:	0
crypto-type:	0
aes-ce-id:	0
aes-enc-key:	cert/key/KCEICV.txt
images-table:	cert/Images.txt
nvcounter-val:	1
cert-pkg:	cert/ICVSBContent.crt
2024-12-26 06:02:25,832 - **** Creating Content Certificate ****
2024-12-26 06:02:25,837 - **** Certificate file (context) creation has been completed successfully ****
2024-12-26 06:12:19,886 - Content Certificate Generation Utility started (Logging to sb_content_cert.log)
2024-12-26 06:12:19,886 - Parsing config file: cert/cfg/ICVSBContent.cfg
2024-12-26 06:12:19,887 - Parsed config items:
cert-keypair:	cert/key/ICVSBContent.pem
cert-keypair-pwd:	cert/key/ICVSBContent.pwd
load-verify-scheme:	0
crypto-type:	0
aes-ce-id:	0
aes-enc-key:	cert/key/KCEICV.txt
images-table:	cert/Images.txt
nvcounter-val:	1
cert-pkg:	cert/ICVSBContent.crt
2024-12-26 06:12:19,887 - **** Creating Content Certificate ****
2024-12-26 06:12:19,892 - **** Certificate file (context) creation has been completed successfully ****
2024-12-26 06:12:20,153 - Content Certificate Generation Utility started (Logging to sb_content_cert.log)
2024-12-26 06:12:20,153 - Parsing config file: cert/cfg/ICVSBContent.cfg
2024-12-26 06:12:20,154 - Parsed config items:
cert-keypair:	cert/key/ICVSBContent.pem
cert-keypair-pwd:	cert/key/ICVSBContent.pwd
load-verify-scheme:	0
crypto-type:	0
aes-ce-id:	0
aes-enc-key:	cert/key/KCEICV.txt
images-table:	cert/Images.txt
nvcounter-val:	1
cert-pkg:	cert/ICVSBContent.crt
2024-12-26 06:12:20,154 - **** Creating Content Certificate ****
2024-12-26 06:12:20,159 - **** Certificate file (context) creation has been completed successfully ****
2024-12-26 06:12:20,569 - Content Certificate Generation Utility started (Logging to sb_content_cert.log)
2024-12-26 06:12:20,569 - Parsing config file: cert/cfg/ICVSBContent.cfg
2024-12-26 06:12:20,570 - Parsed config items:
cert-keypair:	cert/key/ICVSBContent.pem
cert-keypair-pwd:	cert/key/ICVSBContent.pwd
load-verify-scheme:	0
crypto-type:	0
aes-ce-id:	0
aes-enc-key:	cert/key/KCEICV.txt
images-table:	cert/Images.txt
nvcounter-val:	1
cert-pkg:	cert/ICVSBContent.crt
2024-12-26 06:12:20,570 - **** Creating Content Certificate ****
2024-12-26 06:12:20,576 - **** Certificate file (context) creation has been completed successfully ****
2024-12-26 06:12:20,839 - Content Certificate Generation Utility started (Logging to sb_content_cert.log)
2024-12-26 06:12:20,839 - Parsing config file: cert/cfg/ICVSBContent.cfg
2024-12-26 06:12:20,839 - Parsed config items:
cert-keypair:	cert/key/ICVSBContent.pem
cert-keypair-pwd:	cert/key/ICVSBContent.pwd
load-verify-scheme:	0
crypto-type:	0
aes-ce-id:	0
aes-enc-key:	cert/key/KCEICV.txt
images-table:	cert/Images.txt
nvcounter-val:	1
cert-pkg:	cert/ICVSBContent.crt
2024-12-26 06:12:20,839 - **** Creating Content Certificate ****
2024-12-26 06:12:20,844 - **** Certificate file (context) creation has been completed successfully ****
2024-12-26 06:12:22,415 - Content Certificate Generation Utility started (Logging to sb_content_cert.log)
2024-12-26 06:12:22,415 - Parsing config file: cert/cfg/ICVSBContent.cfg
2024-12-26 06:12:22,416 - Parsed config items:
cert-keypair:	cert/key/ICVSBContent.pem
cert-keypair-pwd:	cert/key/ICVSBContent.pwd
load-verify-scheme:	0
crypto-type:	0
aes-ce-id:	0
aes-enc-key:	cert/key/KCEICV.txt
images-table:	cert/Images.txt
nvcounter-val:	1
cert-pkg:	cert/ICVSBContent.crt
2024-12-26 06:12:22,416 - **** Creating Content Certificate ****
2024-12-26 06:12:22,421 - **** Certificate file (context) creation has been completed successfully ****
2024-12-26 06:12:22,702 - Content Certificate Generation Utility started (Logging to sb_content_cert.log)
2024-12-26 06:12:22,702 - Parsing config file: cert/cfg/ICVSBContent.cfg
2024-12-26 06:12:22,702 - Parsed config items:
cert-keypair:	cert/key/ICVSBContent.pem
cert-keypair-pwd:	cert/key/ICVSBContent.pwd
load-verify-scheme:	0
crypto-type:	0
aes-ce-id:	0
aes-enc-key:	cert/key/KCEICV.txt
images-table:	cert/Images.txt
nvcounter-val:	1
cert-pkg:	cert/ICVSBContent.crt
2024-12-26 06:12:22,702 - **** Creating Content Certificate ****
2024-12-26 06:12:22,707 - **** Certificate file (context) creation has been completed successfully ****
2024-12-26 06:40:59,300 - Content Certificate Generation Utility started (Logging to sb_content_cert.log)
2024-12-26 06:40:59,301 - Parsing config file: cert/cfg/ICVSBContent.cfg
2024-12-26 06:40:59,301 - Parsed config items:
cert-keypair:	cert/key/ICVSBContent.pem
cert-keypair-pwd:	cert/key/ICVSBContent.pwd
load-verify-scheme:	0
crypto-type:	0
aes-ce-id:	0
aes-enc-key:	cert/key/KCEICV.txt
images-table:	cert/Images.txt
nvcounter-val:	1
cert-pkg:	cert/ICVSBContent.crt
2024-12-26 06:40:59,301 - **** Creating Content Certificate ****
2024-12-26 06:40:59,306 - **** Certificate file (context) creation has been completed successfully ****
2024-12-26 06:40:59,592 - Content Certificate Generation Utility started (Logging to sb_content_cert.log)
2024-12-26 06:40:59,592 - Parsing config file: cert/cfg/ICVSBContent.cfg
2024-12-26 06:40:59,592 - Parsed config items:
cert-keypair:	cert/key/ICVSBContent.pem
cert-keypair-pwd:	cert/key/ICVSBContent.pwd
load-verify-scheme:	0
crypto-type:	0
aes-ce-id:	0
aes-enc-key:	cert/key/KCEICV.txt
images-table:	cert/Images.txt
nvcounter-val:	1
cert-pkg:	cert/ICVSBContent.crt
2024-12-26 06:40:59,592 - **** Creating Content Certificate ****
2024-12-26 06:40:59,598 - **** Certificate file (context) creation has been completed successfully ****
2024-12-26 06:41:00,044 - Content Certificate Generation Utility started (Logging to sb_content_cert.log)
2024-12-26 06:41:00,044 - Parsing config file: cert/cfg/ICVSBContent.cfg
2024-12-26 06:41:00,045 - Parsed config items:
cert-keypair:	cert/key/ICVSBContent.pem
cert-keypair-pwd:	cert/key/ICVSBContent.pwd
load-verify-scheme:	0
crypto-type:	0
aes-ce-id:	0
aes-enc-key:	cert/key/KCEICV.txt
images-table:	cert/Images.txt
nvcounter-val:	1
cert-pkg:	cert/ICVSBContent.crt
2024-12-26 06:41:00,045 - **** Creating Content Certificate ****
2024-12-26 06:41:00,051 - **** Certificate file (context) creation has been completed successfully ****
2024-12-26 06:41:00,312 - Content Certificate Generation Utility started (Logging to sb_content_cert.log)
2024-12-26 06:41:00,312 - Parsing config file: cert/cfg/ICVSBContent.cfg
2024-12-26 06:41:00,312 - Parsed config items:
cert-keypair:	cert/key/ICVSBContent.pem
cert-keypair-pwd:	cert/key/ICVSBContent.pwd
load-verify-scheme:	0
crypto-type:	0
aes-ce-id:	0
aes-enc-key:	cert/key/KCEICV.txt
images-table:	cert/Images.txt
nvcounter-val:	1
cert-pkg:	cert/ICVSBContent.crt
2024-12-26 06:41:00,313 - **** Creating Content Certificate ****
2024-12-26 06:41:00,318 - **** Certificate file (context) creation has been completed successfully ****
2024-12-26 06:41:01,911 - Content Certificate Generation Utility started (Logging to sb_content_cert.log)
2024-12-26 06:41:01,912 - Parsing config file: cert/cfg/ICVSBContent.cfg
2024-12-26 06:41:01,912 - Parsed config items:
cert-keypair:	cert/key/ICVSBContent.pem
cert-keypair-pwd:	cert/key/ICVSBContent.pwd
load-verify-scheme:	0
crypto-type:	0
aes-ce-id:	0
aes-enc-key:	cert/key/KCEICV.txt
images-table:	cert/Images.txt
nvcounter-val:	1
cert-pkg:	cert/ICVSBContent.crt
2024-12-26 06:41:01,912 - **** Creating Content Certificate ****
2024-12-26 06:41:01,917 - **** Certificate file (context) creation has been completed successfully ****
2024-12-26 06:41:02,202 - Content Certificate Generation Utility started (Logging to sb_content_cert.log)
2024-12-26 06:41:02,202 - Parsing config file: cert/cfg/ICVSBContent.cfg
2024-12-26 06:41:02,202 - Parsed config items:
cert-keypair:	cert/key/ICVSBContent.pem
cert-keypair-pwd:	cert/key/ICVSBContent.pwd
load-verify-scheme:	0
crypto-type:	0
aes-ce-id:	0
aes-enc-key:	cert/key/KCEICV.txt
images-table:	cert/Images.txt
nvcounter-val:	1
cert-pkg:	cert/ICVSBContent.crt
2024-12-26 06:41:02,202 - **** Creating Content Certificate ****
2024-12-26 06:41:02,208 - **** Certificate file (context) creation has been completed successfully ****
2024-12-26 06:55:26,857 - Content Certificate Generation Utility started (Logging to sb_content_cert.log)
2024-12-26 06:55:26,857 - Parsing config file: cert/cfg/ICVSBContent.cfg
2024-12-26 06:55:26,857 - Parsed config items:
cert-keypair:	cert/key/ICVSBContent.pem
cert-keypair-pwd:	cert/key/ICVSBContent.pwd
load-verify-scheme:	0
crypto-type:	0
aes-ce-id:	0
aes-enc-key:	cert/key/KCEICV.txt
images-table:	cert/Images.txt
nvcounter-val:	1
cert-pkg:	cert/ICVSBContent.crt
2024-12-26 06:55:26,857 - **** Creating Content Certificate ****
2024-12-26 06:55:26,862 - **** Certificate file (context) creation has been completed successfully ****
2024-12-26 06:55:27,134 - Content Certificate Generation Utility started (Logging to sb_content_cert.log)
2024-12-26 06:55:27,134 - Parsing config file: cert/cfg/ICVSBContent.cfg
2024-12-26 06:55:27,134 - Parsed config items:
cert-keypair:	cert/key/ICVSBContent.pem
cert-keypair-pwd:	cert/key/ICVSBContent.pwd
load-verify-scheme:	0
crypto-type:	0
aes-ce-id:	0
aes-enc-key:	cert/key/KCEICV.txt
images-table:	cert/Images.txt
nvcounter-val:	1
cert-pkg:	cert/ICVSBContent.crt
2024-12-26 06:55:27,135 - **** Creating Content Certificate ****
2024-12-26 06:55:27,140 - **** Certificate file (context) creation has been completed successfully ****
2024-12-26 06:55:27,586 - Content Certificate Generation Utility started (Logging to sb_content_cert.log)
2024-12-26 06:55:27,586 - Parsing config file: cert/cfg/ICVSBContent.cfg
2024-12-26 06:55:27,586 - Parsed config items:
cert-keypair:	cert/key/ICVSBContent.pem
cert-keypair-pwd:	cert/key/ICVSBContent.pwd
load-verify-scheme:	0
crypto-type:	0
aes-ce-id:	0
aes-enc-key:	cert/key/KCEICV.txt
images-table:	cert/Images.txt
nvcounter-val:	1
cert-pkg:	cert/ICVSBContent.crt
2024-12-26 06:55:27,587 - **** Creating Content Certificate ****
2024-12-26 06:55:27,592 - **** Certificate file (context) creation has been completed successfully ****
2024-12-26 06:55:27,858 - Content Certificate Generation Utility started (Logging to sb_content_cert.log)
2024-12-26 06:55:27,858 - Parsing config file: cert/cfg/ICVSBContent.cfg
2024-12-26 06:55:27,859 - Parsed config items:
cert-keypair:	cert/key/ICVSBContent.pem
cert-keypair-pwd:	cert/key/ICVSBContent.pwd
load-verify-scheme:	0
crypto-type:	0
aes-ce-id:	0
aes-enc-key:	cert/key/KCEICV.txt
images-table:	cert/Images.txt
nvcounter-val:	1
cert-pkg:	cert/ICVSBContent.crt
2024-12-26 06:55:27,859 - **** Creating Content Certificate ****
2024-12-26 06:55:27,864 - **** Certificate file (context) creation has been completed successfully ****
2024-12-26 06:55:29,455 - Content Certificate Generation Utility started (Logging to sb_content_cert.log)
2024-12-26 06:55:29,456 - Parsing config file: cert/cfg/ICVSBContent.cfg
2024-12-26 06:55:29,456 - Parsed config items:
cert-keypair:	cert/key/ICVSBContent.pem
cert-keypair-pwd:	cert/key/ICVSBContent.pwd
load-verify-scheme:	0
crypto-type:	0
aes-ce-id:	0
aes-enc-key:	cert/key/KCEICV.txt
images-table:	cert/Images.txt
nvcounter-val:	1
cert-pkg:	cert/ICVSBContent.crt
2024-12-26 06:55:29,456 - **** Creating Content Certificate ****
2024-12-26 06:55:29,461 - **** Certificate file (context) creation has been completed successfully ****
2024-12-26 06:55:29,747 - Content Certificate Generation Utility started (Logging to sb_content_cert.log)
2024-12-26 06:55:29,747 - Parsing config file: cert/cfg/ICVSBContent.cfg
2024-12-26 06:55:29,747 - Parsed config items:
cert-keypair:	cert/key/ICVSBContent.pem
cert-keypair-pwd:	cert/key/ICVSBContent.pwd
load-verify-scheme:	0
crypto-type:	0
aes-ce-id:	0
aes-enc-key:	cert/key/KCEICV.txt
images-table:	cert/Images.txt
nvcounter-val:	1
cert-pkg:	cert/ICVSBContent.crt
2024-12-26 06:55:29,747 - **** Creating Content Certificate ****
2024-12-26 06:55:29,752 - **** Certificate file (context) creation has been completed successfully ****
2024-12-26 09:25:16,082 - Content Certificate Generation Utility started (Logging to sb_content_cert.log)
2024-12-26 09:25:16,082 - Parsing config file: cert/cfg/ICVSBContent.cfg
2024-12-26 09:25:16,082 - Parsed config items:
cert-keypair:	cert/key/ICVSBContent.pem
cert-keypair-pwd:	cert/key/ICVSBContent.pwd
load-verify-scheme:	0
crypto-type:	0
aes-ce-id:	0
aes-enc-key:	cert/key/KCEICV.txt
images-table:	cert/Images.txt
nvcounter-val:	1
cert-pkg:	cert/ICVSBContent.crt
2024-12-26 09:25:16,082 - **** Creating Content Certificate ****
2024-12-26 09:25:16,087 - **** Certificate file (context) creation has been completed successfully ****
2024-12-26 09:25:16,356 - Content Certificate Generation Utility started (Logging to sb_content_cert.log)
2024-12-26 09:25:16,356 - Parsing config file: cert/cfg/ICVSBContent.cfg
2024-12-26 09:25:16,357 - Parsed config items:
cert-keypair:	cert/key/ICVSBContent.pem
cert-keypair-pwd:	cert/key/ICVSBContent.pwd
load-verify-scheme:	0
crypto-type:	0
aes-ce-id:	0
aes-enc-key:	cert/key/KCEICV.txt
images-table:	cert/Images.txt
nvcounter-val:	1
cert-pkg:	cert/ICVSBContent.crt
2024-12-26 09:25:16,357 - **** Creating Content Certificate ****
2024-12-26 09:25:16,362 - **** Certificate file (context) creation has been completed successfully ****
2024-12-26 09:25:16,821 - Content Certificate Generation Utility started (Logging to sb_content_cert.log)
2024-12-26 09:25:16,821 - Parsing config file: cert/cfg/ICVSBContent.cfg
2024-12-26 09:25:16,821 - Parsed config items:
cert-keypair:	cert/key/ICVSBContent.pem
cert-keypair-pwd:	cert/key/ICVSBContent.pwd
load-verify-scheme:	0
crypto-type:	0
aes-ce-id:	0
aes-enc-key:	cert/key/KCEICV.txt
images-table:	cert/Images.txt
nvcounter-val:	1
cert-pkg:	cert/ICVSBContent.crt
2024-12-26 09:25:16,821 - **** Creating Content Certificate ****
2024-12-26 09:25:16,827 - **** Certificate file (context) creation has been completed successfully ****
2024-12-26 09:25:17,064 - Content Certificate Generation Utility started (Logging to sb_content_cert.log)
2024-12-26 09:25:17,065 - Parsing config file: cert/cfg/ICVSBContent.cfg
2024-12-26 09:25:17,065 - Parsed config items:
cert-keypair:	cert/key/ICVSBContent.pem
cert-keypair-pwd:	cert/key/ICVSBContent.pwd
load-verify-scheme:	0
crypto-type:	0
aes-ce-id:	0
aes-enc-key:	cert/key/KCEICV.txt
images-table:	cert/Images.txt
nvcounter-val:	1
cert-pkg:	cert/ICVSBContent.crt
2024-12-26 09:25:17,065 - **** Creating Content Certificate ****
2024-12-26 09:25:17,069 - **** Certificate file (context) creation has been completed successfully ****
2024-12-26 09:25:18,649 - Content Certificate Generation Utility started (Logging to sb_content_cert.log)
2024-12-26 09:25:18,649 - Parsing config file: cert/cfg/ICVSBContent.cfg
2024-12-26 09:25:18,649 - Parsed config items:
cert-keypair:	cert/key/ICVSBContent.pem
cert-keypair-pwd:	cert/key/ICVSBContent.pwd
load-verify-scheme:	0
crypto-type:	0
aes-ce-id:	0
aes-enc-key:	cert/key/KCEICV.txt
images-table:	cert/Images.txt
nvcounter-val:	1
cert-pkg:	cert/ICVSBContent.crt
2024-12-26 09:25:18,650 - **** Creating Content Certificate ****
2024-12-26 09:25:18,655 - **** Certificate file (context) creation has been completed successfully ****
2024-12-26 09:25:18,952 - Content Certificate Generation Utility started (Logging to sb_content_cert.log)
2024-12-26 09:25:18,952 - Parsing config file: cert/cfg/ICVSBContent.cfg
2024-12-26 09:25:18,953 - Parsed config items:
cert-keypair:	cert/key/ICVSBContent.pem
cert-keypair-pwd:	cert/key/ICVSBContent.pwd
load-verify-scheme:	0
crypto-type:	0
aes-ce-id:	0
aes-enc-key:	cert/key/KCEICV.txt
images-table:	cert/Images.txt
nvcounter-val:	1
cert-pkg:	cert/ICVSBContent.crt
2024-12-26 09:25:18,953 - **** Creating Content Certificate ****
2024-12-26 09:25:18,958 - **** Certificate file (context) creation has been completed successfully ****
2024-12-26 09:27:09,823 - Content Certificate Generation Utility started (Logging to sb_content_cert.log)
2024-12-26 09:27:09,823 - Parsing config file: cert/cfg/ICVSBContent.cfg
2024-12-26 09:27:09,823 - Parsed config items:
cert-keypair:	cert/key/ICVSBContent.pem
cert-keypair-pwd:	cert/key/ICVSBContent.pwd
load-verify-scheme:	0
crypto-type:	0
aes-ce-id:	0
aes-enc-key:	cert/key/KCEICV.txt
images-table:	cert/Images.txt
nvcounter-val:	1
cert-pkg:	cert/ICVSBContent.crt
2024-12-26 09:27:09,824 - **** Creating Content Certificate ****
2024-12-26 09:27:09,827 - **** Certificate file (context) creation has been completed successfully ****
2024-12-26 09:27:10,022 - Content Certificate Generation Utility started (Logging to sb_content_cert.log)
2024-12-26 09:27:10,022 - Parsing config file: cert/cfg/ICVSBContent.cfg
2024-12-26 09:27:10,023 - Parsed config items:
cert-keypair:	cert/key/ICVSBContent.pem
cert-keypair-pwd:	cert/key/ICVSBContent.pwd
load-verify-scheme:	0
crypto-type:	0
aes-ce-id:	0
aes-enc-key:	cert/key/KCEICV.txt
images-table:	cert/Images.txt
nvcounter-val:	1
cert-pkg:	cert/ICVSBContent.crt
2024-12-26 09:27:10,023 - **** Creating Content Certificate ****
2024-12-26 09:27:10,026 - **** Certificate file (context) creation has been completed successfully ****
2024-12-26 09:27:10,391 - Content Certificate Generation Utility started (Logging to sb_content_cert.log)
2024-12-26 09:27:10,391 - Parsing config file: cert/cfg/ICVSBContent.cfg
2024-12-26 09:27:10,391 - Parsed config items:
cert-keypair:	cert/key/ICVSBContent.pem
cert-keypair-pwd:	cert/key/ICVSBContent.pwd
load-verify-scheme:	0
crypto-type:	0
aes-ce-id:	0
aes-enc-key:	cert/key/KCEICV.txt
images-table:	cert/Images.txt
nvcounter-val:	1
cert-pkg:	cert/ICVSBContent.crt
2024-12-26 09:27:10,391 - **** Creating Content Certificate ****
2024-12-26 09:27:10,395 - **** Certificate file (context) creation has been completed successfully ****
2024-12-26 09:27:10,619 - Content Certificate Generation Utility started (Logging to sb_content_cert.log)
2024-12-26 09:27:10,619 - Parsing config file: cert/cfg/ICVSBContent.cfg
2024-12-26 09:27:10,619 - Parsed config items:
cert-keypair:	cert/key/ICVSBContent.pem
cert-keypair-pwd:	cert/key/ICVSBContent.pwd
load-verify-scheme:	0
crypto-type:	0
aes-ce-id:	0
aes-enc-key:	cert/key/KCEICV.txt
images-table:	cert/Images.txt
nvcounter-val:	1
cert-pkg:	cert/ICVSBContent.crt
2024-12-26 09:27:10,619 - **** Creating Content Certificate ****
2024-12-26 09:27:10,623 - **** Certificate file (context) creation has been completed successfully ****
2024-12-26 09:27:11,700 - Content Certificate Generation Utility started (Logging to sb_content_cert.log)
2024-12-26 09:27:11,700 - Parsing config file: cert/cfg/ICVSBContent.cfg
2024-12-26 09:27:11,700 - Parsed config items:
cert-keypair:	cert/key/ICVSBContent.pem
cert-keypair-pwd:	cert/key/ICVSBContent.pwd
load-verify-scheme:	0
crypto-type:	0
aes-ce-id:	0
aes-enc-key:	cert/key/KCEICV.txt
images-table:	cert/Images.txt
nvcounter-val:	1
cert-pkg:	cert/ICVSBContent.crt
2024-12-26 09:27:11,701 - **** Creating Content Certificate ****
2024-12-26 09:27:11,704 - **** Certificate file (context) creation has been completed successfully ****
2024-12-26 09:27:11,947 - Content Certificate Generation Utility started (Logging to sb_content_cert.log)
2024-12-26 09:27:11,947 - Parsing config file: cert/cfg/ICVSBContent.cfg
2024-12-26 09:27:11,947 - Parsed config items:
cert-keypair:	cert/key/ICVSBContent.pem
cert-keypair-pwd:	cert/key/ICVSBContent.pwd
load-verify-scheme:	0
crypto-type:	0
aes-ce-id:	0
aes-enc-key:	cert/key/KCEICV.txt
images-table:	cert/Images.txt
nvcounter-val:	1
cert-pkg:	cert/ICVSBContent.crt
2024-12-26 09:27:11,947 - **** Creating Content Certificate ****
2024-12-26 09:27:11,951 - **** Certificate file (context) creation has been completed successfully ****
2024-12-26 09:31:26,027 - Content Certificate Generation Utility started (Logging to sb_content_cert.log)
2024-12-26 09:31:26,028 - Parsing config file: cert/cfg/ICVSBContent.cfg
2024-12-26 09:31:26,028 - Parsed config items:
cert-keypair:	cert/key/ICVSBContent.pem
cert-keypair-pwd:	cert/key/ICVSBContent.pwd
load-verify-scheme:	0
crypto-type:	0
aes-ce-id:	0
aes-enc-key:	cert/key/KCEICV.txt
images-table:	cert/Images.txt
nvcounter-val:	1
cert-pkg:	cert/ICVSBContent.crt
2024-12-26 09:31:26,028 - **** Creating Content Certificate ****
2024-12-26 09:31:26,033 - **** Certificate file (context) creation has been completed successfully ****
2024-12-26 09:31:26,314 - Content Certificate Generation Utility started (Logging to sb_content_cert.log)
2024-12-26 09:31:26,314 - Parsing config file: cert/cfg/ICVSBContent.cfg
2024-12-26 09:31:26,315 - Parsed config items:
cert-keypair:	cert/key/ICVSBContent.pem
cert-keypair-pwd:	cert/key/ICVSBContent.pwd
load-verify-scheme:	0
crypto-type:	0
aes-ce-id:	0
aes-enc-key:	cert/key/KCEICV.txt
images-table:	cert/Images.txt
nvcounter-val:	1
cert-pkg:	cert/ICVSBContent.crt
2024-12-26 09:31:26,315 - **** Creating Content Certificate ****
2024-12-26 09:31:26,320 - **** Certificate file (context) creation has been completed successfully ****
2024-12-26 09:31:26,775 - Content Certificate Generation Utility started (Logging to sb_content_cert.log)
2024-12-26 09:31:26,775 - Parsing config file: cert/cfg/ICVSBContent.cfg
2024-12-26 09:31:26,775 - Parsed config items:
cert-keypair:	cert/key/ICVSBContent.pem
cert-keypair-pwd:	cert/key/ICVSBContent.pwd
load-verify-scheme:	0
crypto-type:	0
aes-ce-id:	0
aes-enc-key:	cert/key/KCEICV.txt
images-table:	cert/Images.txt
nvcounter-val:	1
cert-pkg:	cert/ICVSBContent.crt
2024-12-26 09:31:26,775 - **** Creating Content Certificate ****
2024-12-26 09:31:26,781 - **** Certificate file (context) creation has been completed successfully ****
2024-12-26 09:31:27,066 - Content Certificate Generation Utility started (Logging to sb_content_cert.log)
2024-12-26 09:31:27,066 - Parsing config file: cert/cfg/ICVSBContent.cfg
2024-12-26 09:31:27,066 - Parsed config items:
cert-keypair:	cert/key/ICVSBContent.pem
cert-keypair-pwd:	cert/key/ICVSBContent.pwd
load-verify-scheme:	0
crypto-type:	0
aes-ce-id:	0
aes-enc-key:	cert/key/KCEICV.txt
images-table:	cert/Images.txt
nvcounter-val:	1
cert-pkg:	cert/ICVSBContent.crt
2024-12-26 09:31:27,066 - **** Creating Content Certificate ****
2024-12-26 09:31:27,072 - **** Certificate file (context) creation has been completed successfully ****
2024-12-26 09:31:28,668 - Content Certificate Generation Utility started (Logging to sb_content_cert.log)
2024-12-26 09:31:28,668 - Parsing config file: cert/cfg/ICVSBContent.cfg
2024-12-26 09:31:28,668 - Parsed config items:
cert-keypair:	cert/key/ICVSBContent.pem
cert-keypair-pwd:	cert/key/ICVSBContent.pwd
load-verify-scheme:	0
crypto-type:	0
aes-ce-id:	0
aes-enc-key:	cert/key/KCEICV.txt
images-table:	cert/Images.txt
nvcounter-val:	1
cert-pkg:	cert/ICVSBContent.crt
2024-12-26 09:31:28,669 - **** Creating Content Certificate ****
2024-12-26 09:31:28,674 - **** Certificate file (context) creation has been completed successfully ****
2024-12-26 09:31:28,975 - Content Certificate Generation Utility started (Logging to sb_content_cert.log)
2024-12-26 09:31:28,975 - Parsing config file: cert/cfg/ICVSBContent.cfg
2024-12-26 09:31:28,975 - Parsed config items:
cert-keypair:	cert/key/ICVSBContent.pem
cert-keypair-pwd:	cert/key/ICVSBContent.pwd
load-verify-scheme:	0
crypto-type:	0
aes-ce-id:	0
aes-enc-key:	cert/key/KCEICV.txt
images-table:	cert/Images.txt
nvcounter-val:	1
cert-pkg:	cert/ICVSBContent.crt
2024-12-26 09:31:28,976 - **** Creating Content Certificate ****
2024-12-26 09:31:28,981 - **** Certificate file (context) creation has been completed successfully ****
2024-12-26 09:38:32,520 - Content Certificate Generation Utility started (Logging to sb_content_cert.log)
2024-12-26 09:38:32,521 - Parsing config file: cert/cfg/ICVSBContent.cfg
2024-12-26 09:38:32,521 - Parsed config items:
cert-keypair:	cert/key/ICVSBContent.pem
cert-keypair-pwd:	cert/key/ICVSBContent.pwd
load-verify-scheme:	0
crypto-type:	0
aes-ce-id:	0
aes-enc-key:	cert/key/KCEICV.txt
images-table:	cert/Images.txt
nvcounter-val:	1
cert-pkg:	cert/ICVSBContent.crt
2024-12-26 09:38:32,521 - **** Creating Content Certificate ****
2024-12-26 09:38:32,526 - **** Certificate file (context) creation has been completed successfully ****
2024-12-26 09:38:32,788 - Content Certificate Generation Utility started (Logging to sb_content_cert.log)
2024-12-26 09:38:32,788 - Parsing config file: cert/cfg/ICVSBContent.cfg
2024-12-26 09:38:32,788 - Parsed config items:
cert-keypair:	cert/key/ICVSBContent.pem
cert-keypair-pwd:	cert/key/ICVSBContent.pwd
load-verify-scheme:	0
crypto-type:	0
aes-ce-id:	0
aes-enc-key:	cert/key/KCEICV.txt
images-table:	cert/Images.txt
nvcounter-val:	1
cert-pkg:	cert/ICVSBContent.crt
2024-12-26 09:38:32,788 - **** Creating Content Certificate ****
2024-12-26 09:38:32,794 - **** Certificate file (context) creation has been completed successfully ****
2024-12-26 09:38:33,254 - Content Certificate Generation Utility started (Logging to sb_content_cert.log)
2024-12-26 09:38:33,254 - Parsing config file: cert/cfg/ICVSBContent.cfg
2024-12-26 09:38:33,254 - Parsed config items:
cert-keypair:	cert/key/ICVSBContent.pem
cert-keypair-pwd:	cert/key/ICVSBContent.pwd
load-verify-scheme:	0
crypto-type:	0
aes-ce-id:	0
aes-enc-key:	cert/key/KCEICV.txt
images-table:	cert/Images.txt
nvcounter-val:	1
cert-pkg:	cert/ICVSBContent.crt
2024-12-26 09:38:33,254 - **** Creating Content Certificate ****
2024-12-26 09:38:33,260 - **** Certificate file (context) creation has been completed successfully ****
2024-12-26 09:38:33,521 - Content Certificate Generation Utility started (Logging to sb_content_cert.log)
2024-12-26 09:38:33,521 - Parsing config file: cert/cfg/ICVSBContent.cfg
2024-12-26 09:38:33,521 - Parsed config items:
cert-keypair:	cert/key/ICVSBContent.pem
cert-keypair-pwd:	cert/key/ICVSBContent.pwd
load-verify-scheme:	0
crypto-type:	0
aes-ce-id:	0
aes-enc-key:	cert/key/KCEICV.txt
images-table:	cert/Images.txt
nvcounter-val:	1
cert-pkg:	cert/ICVSBContent.crt
2024-12-26 09:38:33,521 - **** Creating Content Certificate ****
2024-12-26 09:38:33,527 - **** Certificate file (context) creation has been completed successfully ****
2024-12-26 09:38:35,127 - Content Certificate Generation Utility started (Logging to sb_content_cert.log)
2024-12-26 09:38:35,128 - Parsing config file: cert/cfg/ICVSBContent.cfg
2024-12-26 09:38:35,128 - Parsed config items:
cert-keypair:	cert/key/ICVSBContent.pem
cert-keypair-pwd:	cert/key/ICVSBContent.pwd
load-verify-scheme:	0
crypto-type:	0
aes-ce-id:	0
aes-enc-key:	cert/key/KCEICV.txt
images-table:	cert/Images.txt
nvcounter-val:	1
cert-pkg:	cert/ICVSBContent.crt
2024-12-26 09:38:35,128 - **** Creating Content Certificate ****
2024-12-26 09:38:35,133 - **** Certificate file (context) creation has been completed successfully ****
2024-12-26 09:38:35,433 - Content Certificate Generation Utility started (Logging to sb_content_cert.log)
2024-12-26 09:38:35,433 - Parsing config file: cert/cfg/ICVSBContent.cfg
2024-12-26 09:38:35,434 - Parsed config items:
cert-keypair:	cert/key/ICVSBContent.pem
cert-keypair-pwd:	cert/key/ICVSBContent.pwd
load-verify-scheme:	0
crypto-type:	0
aes-ce-id:	0
aes-enc-key:	cert/key/KCEICV.txt
images-table:	cert/Images.txt
nvcounter-val:	1
cert-pkg:	cert/ICVSBContent.crt
2024-12-26 09:38:35,434 - **** Creating Content Certificate ****
2024-12-26 09:38:35,439 - **** Certificate file (context) creation has been completed successfully ****
2024-12-26 09:39:36,939 - Content Certificate Generation Utility started (Logging to sb_content_cert.log)
2024-12-26 09:39:36,940 - Parsing config file: cert/cfg/ICVSBContent.cfg
2024-12-26 09:39:36,940 - Parsed config items:
cert-keypair:	cert/key/ICVSBContent.pem
cert-keypair-pwd:	cert/key/ICVSBContent.pwd
load-verify-scheme:	0
crypto-type:	0
aes-ce-id:	0
aes-enc-key:	cert/key/KCEICV.txt
images-table:	cert/Images.txt
nvcounter-val:	1
cert-pkg:	cert/ICVSBContent.crt
2024-12-26 09:39:36,940 - **** Creating Content Certificate ****
2024-12-26 09:39:36,945 - **** Certificate file (context) creation has been completed successfully ****
2024-12-26 09:39:37,237 - Content Certificate Generation Utility started (Logging to sb_content_cert.log)
2024-12-26 09:39:37,237 - Parsing config file: cert/cfg/ICVSBContent.cfg
2024-12-26 09:39:37,237 - Parsed config items:
cert-keypair:	cert/key/ICVSBContent.pem
cert-keypair-pwd:	cert/key/ICVSBContent.pwd
load-verify-scheme:	0
crypto-type:	0
aes-ce-id:	0
aes-enc-key:	cert/key/KCEICV.txt
images-table:	cert/Images.txt
nvcounter-val:	1
cert-pkg:	cert/ICVSBContent.crt
2024-12-26 09:39:37,238 - **** Creating Content Certificate ****
2024-12-26 09:39:37,243 - **** Certificate file (context) creation has been completed successfully ****
2024-12-26 09:39:37,684 - Content Certificate Generation Utility started (Logging to sb_content_cert.log)
2024-12-26 09:39:37,685 - Parsing config file: cert/cfg/ICVSBContent.cfg
2024-12-26 09:39:37,685 - Parsed config items:
cert-keypair:	cert/key/ICVSBContent.pem
cert-keypair-pwd:	cert/key/ICVSBContent.pwd
load-verify-scheme:	0
crypto-type:	0
aes-ce-id:	0
aes-enc-key:	cert/key/KCEICV.txt
images-table:	cert/Images.txt
nvcounter-val:	1
cert-pkg:	cert/ICVSBContent.crt
2024-12-26 09:39:37,685 - **** Creating Content Certificate ****
2024-12-26 09:39:37,691 - **** Certificate file (context) creation has been completed successfully ****
2024-12-26 09:39:37,955 - Content Certificate Generation Utility started (Logging to sb_content_cert.log)
2024-12-26 09:39:37,955 - Parsing config file: cert/cfg/ICVSBContent.cfg
2024-12-26 09:39:37,955 - Parsed config items:
cert-keypair:	cert/key/ICVSBContent.pem
cert-keypair-pwd:	cert/key/ICVSBContent.pwd
load-verify-scheme:	0
crypto-type:	0
aes-ce-id:	0
aes-enc-key:	cert/key/KCEICV.txt
images-table:	cert/Images.txt
nvcounter-val:	1
cert-pkg:	cert/ICVSBContent.crt
2024-12-26 09:39:37,956 - **** Creating Content Certificate ****
2024-12-26 09:39:37,961 - **** Certificate file (context) creation has been completed successfully ****
2024-12-26 09:39:39,537 - Content Certificate Generation Utility started (Logging to sb_content_cert.log)
2024-12-26 09:39:39,537 - Parsing config file: cert/cfg/ICVSBContent.cfg
2024-12-26 09:39:39,537 - Parsed config items:
cert-keypair:	cert/key/ICVSBContent.pem
cert-keypair-pwd:	cert/key/ICVSBContent.pwd
load-verify-scheme:	0
crypto-type:	0
aes-ce-id:	0
aes-enc-key:	cert/key/KCEICV.txt
images-table:	cert/Images.txt
nvcounter-val:	1
cert-pkg:	cert/ICVSBContent.crt
2024-12-26 09:39:39,537 - **** Creating Content Certificate ****
2024-12-26 09:39:39,542 - **** Certificate file (context) creation has been completed successfully ****
2024-12-26 09:39:39,836 - Content Certificate Generation Utility started (Logging to sb_content_cert.log)
2024-12-26 09:39:39,837 - Parsing config file: cert/cfg/ICVSBContent.cfg
2024-12-26 09:39:39,837 - Parsed config items:
cert-keypair:	cert/key/ICVSBContent.pem
cert-keypair-pwd:	cert/key/ICVSBContent.pwd
load-verify-scheme:	0
crypto-type:	0
aes-ce-id:	0
aes-enc-key:	cert/key/KCEICV.txt
images-table:	cert/Images.txt
nvcounter-val:	1
cert-pkg:	cert/ICVSBContent.crt
2024-12-26 09:39:39,837 - **** Creating Content Certificate ****
2024-12-26 09:39:39,842 - **** Certificate file (context) creation has been completed successfully ****
2024-12-26 09:40:30,535 - Content Certificate Generation Utility started (Logging to sb_content_cert.log)
2024-12-26 09:40:30,535 - Parsing config file: cert/cfg/ICVSBContent.cfg
2024-12-26 09:40:30,535 - Parsed config items:
cert-keypair:	cert/key/ICVSBContent.pem
cert-keypair-pwd:	cert/key/ICVSBContent.pwd
load-verify-scheme:	0
crypto-type:	0
aes-ce-id:	0
aes-enc-key:	cert/key/KCEICV.txt
images-table:	cert/Images.txt
nvcounter-val:	1
cert-pkg:	cert/ICVSBContent.crt
2024-12-26 09:40:30,535 - **** Creating Content Certificate ****
2024-12-26 09:40:30,540 - **** Certificate file (context) creation has been completed successfully ****
2024-12-26 09:40:30,810 - Content Certificate Generation Utility started (Logging to sb_content_cert.log)
2024-12-26 09:40:30,811 - Parsing config file: cert/cfg/ICVSBContent.cfg
2024-12-26 09:40:30,811 - Parsed config items:
cert-keypair:	cert/key/ICVSBContent.pem
cert-keypair-pwd:	cert/key/ICVSBContent.pwd
load-verify-scheme:	0
crypto-type:	0
aes-ce-id:	0
aes-enc-key:	cert/key/KCEICV.txt
images-table:	cert/Images.txt
nvcounter-val:	1
cert-pkg:	cert/ICVSBContent.crt
2024-12-26 09:40:30,811 - **** Creating Content Certificate ****
2024-12-26 09:40:30,816 - **** Certificate file (context) creation has been completed successfully ****
2024-12-26 09:40:31,237 - Content Certificate Generation Utility started (Logging to sb_content_cert.log)
2024-12-26 09:40:31,237 - Parsing config file: cert/cfg/ICVSBContent.cfg
2024-12-26 09:40:31,237 - Parsed config items:
cert-keypair:	cert/key/ICVSBContent.pem
cert-keypair-pwd:	cert/key/ICVSBContent.pwd
load-verify-scheme:	0
crypto-type:	0
aes-ce-id:	0
aes-enc-key:	cert/key/KCEICV.txt
images-table:	cert/Images.txt
nvcounter-val:	1
cert-pkg:	cert/ICVSBContent.crt
2024-12-26 09:40:31,238 - **** Creating Content Certificate ****
2024-12-26 09:40:31,244 - **** Certificate file (context) creation has been completed successfully ****
2024-12-26 09:40:31,537 - Content Certificate Generation Utility started (Logging to sb_content_cert.log)
2024-12-26 09:40:31,537 - Parsing config file: cert/cfg/ICVSBContent.cfg
2024-12-26 09:40:31,538 - Parsed config items:
cert-keypair:	cert/key/ICVSBContent.pem
cert-keypair-pwd:	cert/key/ICVSBContent.pwd
load-verify-scheme:	0
crypto-type:	0
aes-ce-id:	0
aes-enc-key:	cert/key/KCEICV.txt
images-table:	cert/Images.txt
nvcounter-val:	1
cert-pkg:	cert/ICVSBContent.crt
2024-12-26 09:40:31,538 - **** Creating Content Certificate ****
2024-12-26 09:40:31,543 - **** Certificate file (context) creation has been completed successfully ****
2024-12-26 09:40:33,020 - Content Certificate Generation Utility started (Logging to sb_content_cert.log)
2024-12-26 09:40:33,020 - Parsing config file: cert/cfg/ICVSBContent.cfg
2024-12-26 09:40:33,020 - Parsed config items:
cert-keypair:	cert/key/ICVSBContent.pem
cert-keypair-pwd:	cert/key/ICVSBContent.pwd
load-verify-scheme:	0
crypto-type:	0
aes-ce-id:	0
aes-enc-key:	cert/key/KCEICV.txt
images-table:	cert/Images.txt
nvcounter-val:	1
cert-pkg:	cert/ICVSBContent.crt
2024-12-26 09:40:33,021 - **** Creating Content Certificate ****
2024-12-26 09:40:33,026 - **** Certificate file (context) creation has been completed successfully ****
2024-12-26 09:40:33,307 - Content Certificate Generation Utility started (Logging to sb_content_cert.log)
2024-12-26 09:40:33,307 - Parsing config file: cert/cfg/ICVSBContent.cfg
2024-12-26 09:40:33,308 - Parsed config items:
cert-keypair:	cert/key/ICVSBContent.pem
cert-keypair-pwd:	cert/key/ICVSBContent.pwd
load-verify-scheme:	0
crypto-type:	0
aes-ce-id:	0
aes-enc-key:	cert/key/KCEICV.txt
images-table:	cert/Images.txt
nvcounter-val:	1
cert-pkg:	cert/ICVSBContent.crt
2024-12-26 09:40:33,308 - **** Creating Content Certificate ****
2024-12-26 09:40:33,313 - **** Certificate file (context) creation has been completed successfully ****
2024-12-26 09:50:39,551 - Content Certificate Generation Utility started (Logging to sb_content_cert.log)
2024-12-26 09:50:39,551 - Parsing config file: cert/cfg/ICVSBContent.cfg
2024-12-26 09:50:39,551 - Parsed config items:
cert-keypair:	cert/key/ICVSBContent.pem
cert-keypair-pwd:	cert/key/ICVSBContent.pwd
load-verify-scheme:	0
crypto-type:	0
aes-ce-id:	0
aes-enc-key:	cert/key/KCEICV.txt
images-table:	cert/Images.txt
nvcounter-val:	1
cert-pkg:	cert/ICVSBContent.crt
2024-12-26 09:50:39,551 - **** Creating Content Certificate ****
2024-12-26 09:50:39,557 - **** Certificate file (context) creation has been completed successfully ****
2024-12-26 09:50:39,838 - Content Certificate Generation Utility started (Logging to sb_content_cert.log)
2024-12-26 09:50:39,838 - Parsing config file: cert/cfg/ICVSBContent.cfg
2024-12-26 09:50:39,838 - Parsed config items:
cert-keypair:	cert/key/ICVSBContent.pem
cert-keypair-pwd:	cert/key/ICVSBContent.pwd
load-verify-scheme:	0
crypto-type:	0
aes-ce-id:	0
aes-enc-key:	cert/key/KCEICV.txt
images-table:	cert/Images.txt
nvcounter-val:	1
cert-pkg:	cert/ICVSBContent.crt
2024-12-26 09:50:39,839 - **** Creating Content Certificate ****
2024-12-26 09:50:39,844 - **** Certificate file (context) creation has been completed successfully ****
2024-12-26 09:50:40,304 - Content Certificate Generation Utility started (Logging to sb_content_cert.log)
2024-12-26 09:50:40,304 - Parsing config file: cert/cfg/ICVSBContent.cfg
2024-12-26 09:50:40,305 - Parsed config items:
cert-keypair:	cert/key/ICVSBContent.pem
cert-keypair-pwd:	cert/key/ICVSBContent.pwd
load-verify-scheme:	0
crypto-type:	0
aes-ce-id:	0
aes-enc-key:	cert/key/KCEICV.txt
images-table:	cert/Images.txt
nvcounter-val:	1
cert-pkg:	cert/ICVSBContent.crt
2024-12-26 09:50:40,305 - **** Creating Content Certificate ****
2024-12-26 09:50:40,311 - **** Certificate file (context) creation has been completed successfully ****
2024-12-26 09:50:40,599 - Content Certificate Generation Utility started (Logging to sb_content_cert.log)
2024-12-26 09:50:40,599 - Parsing config file: cert/cfg/ICVSBContent.cfg
2024-12-26 09:50:40,599 - Parsed config items:
cert-keypair:	cert/key/ICVSBContent.pem
cert-keypair-pwd:	cert/key/ICVSBContent.pwd
load-verify-scheme:	0
crypto-type:	0
aes-ce-id:	0
aes-enc-key:	cert/key/KCEICV.txt
images-table:	cert/Images.txt
nvcounter-val:	1
cert-pkg:	cert/ICVSBContent.crt
2024-12-26 09:50:40,599 - **** Creating Content Certificate ****
2024-12-26 09:50:40,604 - **** Certificate file (context) creation has been completed successfully ****
2024-12-26 09:50:43,648 - Content Certificate Generation Utility started (Logging to sb_content_cert.log)
2024-12-26 09:50:43,648 - Parsing config file: cert/cfg/ICVSBContent.cfg
2024-12-26 09:50:43,649 - Parsed config items:
cert-keypair:	cert/key/ICVSBContent.pem
cert-keypair-pwd:	cert/key/ICVSBContent.pwd
load-verify-scheme:	0
crypto-type:	0
aes-ce-id:	0
aes-enc-key:	cert/key/KCEICV.txt
images-table:	cert/Images.txt
nvcounter-val:	1
cert-pkg:	cert/ICVSBContent.crt
2024-12-26 09:50:43,649 - **** Creating Content Certificate ****
2024-12-26 09:50:43,654 - **** Certificate file (context) creation has been completed successfully ****
2024-12-26 09:50:43,936 - Content Certificate Generation Utility started (Logging to sb_content_cert.log)
2024-12-26 09:50:43,936 - Parsing config file: cert/cfg/ICVSBContent.cfg
2024-12-26 09:50:43,937 - Parsed config items:
cert-keypair:	cert/key/ICVSBContent.pem
cert-keypair-pwd:	cert/key/ICVSBContent.pwd
load-verify-scheme:	0
crypto-type:	0
aes-ce-id:	0
aes-enc-key:	cert/key/KCEICV.txt
images-table:	cert/Images.txt
nvcounter-val:	1
cert-pkg:	cert/ICVSBContent.crt
2024-12-26 09:50:43,937 - **** Creating Content Certificate ****
2024-12-26 09:50:43,942 - **** Certificate file (context) creation has been completed successfully ****
2024-12-26 09:50:44,395 - Content Certificate Generation Utility started (Logging to sb_content_cert.log)
2024-12-26 09:50:44,395 - Parsing config file: cert/cfg/ICVSBContent.cfg
2024-12-26 09:50:44,395 - Parsed config items:
cert-keypair:	cert/key/ICVSBContent.pem
cert-keypair-pwd:	cert/key/ICVSBContent.pwd
load-verify-scheme:	0
crypto-type:	0
aes-ce-id:	0
aes-enc-key:	cert/key/KCEICV.txt
images-table:	cert/Images.txt
nvcounter-val:	1
cert-pkg:	cert/ICVSBContent.crt
2024-12-26 09:50:44,395 - **** Creating Content Certificate ****
2024-12-26 09:50:44,402 - **** Certificate file (context) creation has been completed successfully ****
2024-12-26 09:50:44,683 - Content Certificate Generation Utility started (Logging to sb_content_cert.log)
2024-12-26 09:50:44,683 - Parsing config file: cert/cfg/ICVSBContent.cfg
2024-12-26 09:50:44,683 - Parsed config items:
cert-keypair:	cert/key/ICVSBContent.pem
cert-keypair-pwd:	cert/key/ICVSBContent.pwd
load-verify-scheme:	0
crypto-type:	0
aes-ce-id:	0
aes-enc-key:	cert/key/KCEICV.txt
images-table:	cert/Images.txt
nvcounter-val:	1
cert-pkg:	cert/ICVSBContent.crt
2024-12-26 09:50:44,683 - **** Creating Content Certificate ****
2024-12-26 09:50:44,689 - **** Certificate file (context) creation has been completed successfully ****
2024-12-26 09:50:58,459 - Content Certificate Generation Utility started (Logging to sb_content_cert.log)
2024-12-26 09:50:58,460 - Parsing config file: cert/cfg/ICVSBContent.cfg
2024-12-26 09:50:58,460 - Parsed config items:
cert-keypair:	cert/key/ICVSBContent.pem
cert-keypair-pwd:	cert/key/ICVSBContent.pwd
load-verify-scheme:	0
crypto-type:	0
aes-ce-id:	0
aes-enc-key:	cert/key/KCEICV.txt
images-table:	cert/Images.txt
nvcounter-val:	1
cert-pkg:	cert/ICVSBContent.crt
2024-12-26 09:50:58,460 - **** Creating Content Certificate ****
2024-12-26 09:50:58,465 - **** Certificate file (context) creation has been completed successfully ****
2024-12-26 09:50:58,748 - Content Certificate Generation Utility started (Logging to sb_content_cert.log)
2024-12-26 09:50:58,748 - Parsing config file: cert/cfg/ICVSBContent.cfg
2024-12-26 09:50:58,748 - Parsed config items:
cert-keypair:	cert/key/ICVSBContent.pem
cert-keypair-pwd:	cert/key/ICVSBContent.pwd
load-verify-scheme:	0
crypto-type:	0
aes-ce-id:	0
aes-enc-key:	cert/key/KCEICV.txt
images-table:	cert/Images.txt
nvcounter-val:	1
cert-pkg:	cert/ICVSBContent.crt
2024-12-26 09:50:58,748 - **** Creating Content Certificate ****
2024-12-26 09:50:58,754 - **** Certificate file (context) creation has been completed successfully ****
2024-12-26 09:50:59,214 - Content Certificate Generation Utility started (Logging to sb_content_cert.log)
2024-12-26 09:50:59,215 - Parsing config file: cert/cfg/ICVSBContent.cfg
2024-12-26 09:50:59,215 - Parsed config items:
cert-keypair:	cert/key/ICVSBContent.pem
cert-keypair-pwd:	cert/key/ICVSBContent.pwd
load-verify-scheme:	0
crypto-type:	0
aes-ce-id:	0
aes-enc-key:	cert/key/KCEICV.txt
images-table:	cert/Images.txt
nvcounter-val:	1
cert-pkg:	cert/ICVSBContent.crt
2024-12-26 09:50:59,215 - **** Creating Content Certificate ****
2024-12-26 09:50:59,221 - **** Certificate file (context) creation has been completed successfully ****
2024-12-26 09:50:59,504 - Content Certificate Generation Utility started (Logging to sb_content_cert.log)
2024-12-26 09:50:59,504 - Parsing config file: cert/cfg/ICVSBContent.cfg
2024-12-26 09:50:59,505 - Parsed config items:
cert-keypair:	cert/key/ICVSBContent.pem
cert-keypair-pwd:	cert/key/ICVSBContent.pwd
load-verify-scheme:	0
crypto-type:	0
aes-ce-id:	0
aes-enc-key:	cert/key/KCEICV.txt
images-table:	cert/Images.txt
nvcounter-val:	1
cert-pkg:	cert/ICVSBContent.crt
2024-12-26 09:50:59,505 - **** Creating Content Certificate ****
2024-12-26 09:50:59,510 - **** Certificate file (context) creation has been completed successfully ****
2024-12-26 09:51:25,114 - Content Certificate Generation Utility started (Logging to sb_content_cert.log)
2024-12-26 09:51:25,114 - Parsing config file: cert/cfg/ICVSBContent.cfg
2024-12-26 09:51:25,114 - Parsed config items:
cert-keypair:	cert/key/ICVSBContent.pem
cert-keypair-pwd:	cert/key/ICVSBContent.pwd
load-verify-scheme:	0
crypto-type:	0
aes-ce-id:	0
aes-enc-key:	cert/key/KCEICV.txt
images-table:	cert/Images.txt
nvcounter-val:	1
cert-pkg:	cert/ICVSBContent.crt
2024-12-26 09:51:25,114 - **** Creating Content Certificate ****
2024-12-26 09:51:25,118 - **** Certificate file (context) creation has been completed successfully ****
2024-12-26 09:51:25,340 - Content Certificate Generation Utility started (Logging to sb_content_cert.log)
2024-12-26 09:51:25,340 - Parsing config file: cert/cfg/ICVSBContent.cfg
2024-12-26 09:51:25,340 - Parsed config items:
cert-keypair:	cert/key/ICVSBContent.pem
cert-keypair-pwd:	cert/key/ICVSBContent.pwd
load-verify-scheme:	0
crypto-type:	0
aes-ce-id:	0
aes-enc-key:	cert/key/KCEICV.txt
images-table:	cert/Images.txt
nvcounter-val:	1
cert-pkg:	cert/ICVSBContent.crt
2024-12-26 09:51:25,340 - **** Creating Content Certificate ****
2024-12-26 09:51:25,344 - **** Certificate file (context) creation has been completed successfully ****
2024-12-26 09:51:25,749 - Content Certificate Generation Utility started (Logging to sb_content_cert.log)
2024-12-26 09:51:25,750 - Parsing config file: cert/cfg/ICVSBContent.cfg
2024-12-26 09:51:25,750 - Parsed config items:
cert-keypair:	cert/key/ICVSBContent.pem
cert-keypair-pwd:	cert/key/ICVSBContent.pwd
load-verify-scheme:	0
crypto-type:	0
aes-ce-id:	0
aes-enc-key:	cert/key/KCEICV.txt
images-table:	cert/Images.txt
nvcounter-val:	1
cert-pkg:	cert/ICVSBContent.crt
2024-12-26 09:51:25,750 - **** Creating Content Certificate ****
2024-12-26 09:51:25,754 - **** Certificate file (context) creation has been completed successfully ****
2024-12-26 09:51:25,974 - Content Certificate Generation Utility started (Logging to sb_content_cert.log)
2024-12-26 09:51:25,974 - Parsing config file: cert/cfg/ICVSBContent.cfg
2024-12-26 09:51:25,974 - Parsed config items:
cert-keypair:	cert/key/ICVSBContent.pem
cert-keypair-pwd:	cert/key/ICVSBContent.pwd
load-verify-scheme:	0
crypto-type:	0
aes-ce-id:	0
aes-enc-key:	cert/key/KCEICV.txt
images-table:	cert/Images.txt
nvcounter-val:	1
cert-pkg:	cert/ICVSBContent.crt
2024-12-26 09:51:25,974 - **** Creating Content Certificate ****
2024-12-26 09:51:25,978 - **** Certificate file (context) creation has been completed successfully ****
2024-12-26 09:51:28,208 - Content Certificate Generation Utility started (Logging to sb_content_cert.log)
2024-12-26 09:51:28,208 - Parsing config file: cert/cfg/ICVSBContent.cfg
2024-12-26 09:51:28,208 - Parsed config items:
cert-keypair:	cert/key/ICVSBContent.pem
cert-keypair-pwd:	cert/key/ICVSBContent.pwd
load-verify-scheme:	0
crypto-type:	0
aes-ce-id:	0
aes-enc-key:	cert/key/KCEICV.txt
images-table:	cert/Images.txt
nvcounter-val:	1
cert-pkg:	cert/ICVSBContent.crt
2024-12-26 09:51:28,208 - **** Creating Content Certificate ****
2024-12-26 09:51:28,214 - **** Certificate file (context) creation has been completed successfully ****
2024-12-26 09:51:28,488 - Content Certificate Generation Utility started (Logging to sb_content_cert.log)
2024-12-26 09:51:28,488 - Parsing config file: cert/cfg/ICVSBContent.cfg
2024-12-26 09:51:28,489 - Parsed config items:
cert-keypair:	cert/key/ICVSBContent.pem
cert-keypair-pwd:	cert/key/ICVSBContent.pwd
load-verify-scheme:	0
crypto-type:	0
aes-ce-id:	0
aes-enc-key:	cert/key/KCEICV.txt
images-table:	cert/Images.txt
nvcounter-val:	1
cert-pkg:	cert/ICVSBContent.crt
2024-12-26 09:51:28,489 - **** Creating Content Certificate ****
2024-12-26 09:51:28,494 - **** Certificate file (context) creation has been completed successfully ****
2024-12-26 09:51:28,926 - Content Certificate Generation Utility started (Logging to sb_content_cert.log)
2024-12-26 09:51:28,926 - Parsing config file: cert/cfg/ICVSBContent.cfg
2024-12-26 09:51:28,927 - Parsed config items:
cert-keypair:	cert/key/ICVSBContent.pem
cert-keypair-pwd:	cert/key/ICVSBContent.pwd
load-verify-scheme:	0
crypto-type:	0
aes-ce-id:	0
aes-enc-key:	cert/key/KCEICV.txt
images-table:	cert/Images.txt
nvcounter-val:	1
cert-pkg:	cert/ICVSBContent.crt
2024-12-26 09:51:28,927 - **** Creating Content Certificate ****
2024-12-26 09:51:28,933 - **** Certificate file (context) creation has been completed successfully ****
2024-12-26 09:51:29,185 - Content Certificate Generation Utility started (Logging to sb_content_cert.log)
2024-12-26 09:51:29,185 - Parsing config file: cert/cfg/ICVSBContent.cfg
2024-12-26 09:51:29,186 - Parsed config items:
cert-keypair:	cert/key/ICVSBContent.pem
cert-keypair-pwd:	cert/key/ICVSBContent.pwd
load-verify-scheme:	0
crypto-type:	0
aes-ce-id:	0
aes-enc-key:	cert/key/KCEICV.txt
images-table:	cert/Images.txt
nvcounter-val:	1
cert-pkg:	cert/ICVSBContent.crt
2024-12-26 09:51:29,186 - **** Creating Content Certificate ****
2024-12-26 09:51:29,191 - **** Certificate file (context) creation has been completed successfully ****
2024-12-26 09:56:47,218 - Content Certificate Generation Utility started (Logging to sb_content_cert.log)
2024-12-26 09:56:47,219 - Parsing config file: cert/cfg/ICVSBContent.cfg
2024-12-26 09:56:47,219 - Parsed config items:
cert-keypair:	cert/key/ICVSBContent.pem
cert-keypair-pwd:	cert/key/ICVSBContent.pwd
load-verify-scheme:	0
crypto-type:	0
aes-ce-id:	0
aes-enc-key:	cert/key/KCEICV.txt
images-table:	cert/Images.txt
nvcounter-val:	1
cert-pkg:	cert/ICVSBContent.crt
2024-12-26 09:56:47,219 - **** Creating Content Certificate ****
2024-12-26 09:56:47,224 - **** Certificate file (context) creation has been completed successfully ****
2024-12-26 09:56:47,448 - Content Certificate Generation Utility started (Logging to sb_content_cert.log)
2024-12-26 09:56:47,448 - Parsing config file: cert/cfg/ICVSBContent.cfg
2024-12-26 09:56:47,449 - Parsed config items:
cert-keypair:	cert/key/ICVSBContent.pem
cert-keypair-pwd:	cert/key/ICVSBContent.pwd
load-verify-scheme:	0
crypto-type:	0
aes-ce-id:	0
aes-enc-key:	cert/key/KCEICV.txt
images-table:	cert/Images.txt
nvcounter-val:	1
cert-pkg:	cert/ICVSBContent.crt
2024-12-26 09:56:47,449 - **** Creating Content Certificate ****
2024-12-26 09:56:47,452 - **** Certificate file (context) creation has been completed successfully ****
2024-12-26 09:56:47,861 - Content Certificate Generation Utility started (Logging to sb_content_cert.log)
2024-12-26 09:56:47,861 - Parsing config file: cert/cfg/ICVSBContent.cfg
2024-12-26 09:56:47,861 - Parsed config items:
cert-keypair:	cert/key/ICVSBContent.pem
cert-keypair-pwd:	cert/key/ICVSBContent.pwd
load-verify-scheme:	0
crypto-type:	0
aes-ce-id:	0
aes-enc-key:	cert/key/KCEICV.txt
images-table:	cert/Images.txt
nvcounter-val:	1
cert-pkg:	cert/ICVSBContent.crt
2024-12-26 09:56:47,862 - **** Creating Content Certificate ****
2024-12-26 09:56:47,867 - **** Certificate file (context) creation has been completed successfully ****
2024-12-26 09:56:48,117 - Content Certificate Generation Utility started (Logging to sb_content_cert.log)
2024-12-26 09:56:48,117 - Parsing config file: cert/cfg/ICVSBContent.cfg
2024-12-26 09:56:48,117 - Parsed config items:
cert-keypair:	cert/key/ICVSBContent.pem
cert-keypair-pwd:	cert/key/ICVSBContent.pwd
load-verify-scheme:	0
crypto-type:	0
aes-ce-id:	0
aes-enc-key:	cert/key/KCEICV.txt
images-table:	cert/Images.txt
nvcounter-val:	1
cert-pkg:	cert/ICVSBContent.crt
2024-12-26 09:56:48,117 - **** Creating Content Certificate ****
2024-12-26 09:56:48,122 - **** Certificate file (context) creation has been completed successfully ****
2024-12-26 09:57:30,440 - Content Certificate Generation Utility started (Logging to sb_content_cert.log)
2024-12-26 09:57:30,440 - Parsing config file: cert/cfg/ICVSBContent.cfg
2024-12-26 09:57:30,441 - Parsed config items:
cert-keypair:	cert/key/ICVSBContent.pem
cert-keypair-pwd:	cert/key/ICVSBContent.pwd
load-verify-scheme:	0
crypto-type:	0
aes-ce-id:	0
aes-enc-key:	cert/key/KCEICV.txt
images-table:	cert/Images.txt
nvcounter-val:	1
cert-pkg:	cert/ICVSBContent.crt
2024-12-26 09:57:30,441 - **** Creating Content Certificate ****
2024-12-26 09:57:30,446 - **** Certificate file (context) creation has been completed successfully ****
2024-12-26 09:57:30,712 - Content Certificate Generation Utility started (Logging to sb_content_cert.log)
2024-12-26 09:57:30,712 - Parsing config file: cert/cfg/ICVSBContent.cfg
2024-12-26 09:57:30,712 - Parsed config items:
cert-keypair:	cert/key/ICVSBContent.pem
cert-keypair-pwd:	cert/key/ICVSBContent.pwd
load-verify-scheme:	0
crypto-type:	0
aes-ce-id:	0
aes-enc-key:	cert/key/KCEICV.txt
images-table:	cert/Images.txt
nvcounter-val:	1
cert-pkg:	cert/ICVSBContent.crt
2024-12-26 09:57:30,712 - **** Creating Content Certificate ****
2024-12-26 09:57:30,717 - **** Certificate file (context) creation has been completed successfully ****
2024-12-26 09:57:31,129 - Content Certificate Generation Utility started (Logging to sb_content_cert.log)
2024-12-26 09:57:31,129 - Parsing config file: cert/cfg/ICVSBContent.cfg
2024-12-26 09:57:31,130 - Parsed config items:
cert-keypair:	cert/key/ICVSBContent.pem
cert-keypair-pwd:	cert/key/ICVSBContent.pwd
load-verify-scheme:	0
crypto-type:	0
aes-ce-id:	0
aes-enc-key:	cert/key/KCEICV.txt
images-table:	cert/Images.txt
nvcounter-val:	1
cert-pkg:	cert/ICVSBContent.crt
2024-12-26 09:57:31,130 - **** Creating Content Certificate ****
2024-12-26 09:57:31,136 - **** Certificate file (context) creation has been completed successfully ****
2024-12-26 09:57:31,402 - Content Certificate Generation Utility started (Logging to sb_content_cert.log)
2024-12-26 09:57:31,402 - Parsing config file: cert/cfg/ICVSBContent.cfg
2024-12-26 09:57:31,403 - Parsed config items:
cert-keypair:	cert/key/ICVSBContent.pem
cert-keypair-pwd:	cert/key/ICVSBContent.pwd
load-verify-scheme:	0
crypto-type:	0
aes-ce-id:	0
aes-enc-key:	cert/key/KCEICV.txt
images-table:	cert/Images.txt
nvcounter-val:	1
cert-pkg:	cert/ICVSBContent.crt
2024-12-26 09:57:31,403 - **** Creating Content Certificate ****
2024-12-26 09:57:31,408 - **** Certificate file (context) creation has been completed successfully ****
2024-12-26 09:57:32,895 - Content Certificate Generation Utility started (Logging to sb_content_cert.log)
2024-12-26 09:57:32,895 - Parsing config file: cert/cfg/ICVSBContent.cfg
2024-12-26 09:57:32,895 - Parsed config items:
cert-keypair:	cert/key/ICVSBContent.pem
cert-keypair-pwd:	cert/key/ICVSBContent.pwd
load-verify-scheme:	0
crypto-type:	0
aes-ce-id:	0
aes-enc-key:	cert/key/KCEICV.txt
images-table:	cert/Images.txt
nvcounter-val:	1
cert-pkg:	cert/ICVSBContent.crt
2024-12-26 09:57:32,895 - **** Creating Content Certificate ****
2024-12-26 09:57:32,901 - **** Certificate file (context) creation has been completed successfully ****
2024-12-26 09:57:33,204 - Content Certificate Generation Utility started (Logging to sb_content_cert.log)
2024-12-26 09:57:33,204 - Parsing config file: cert/cfg/ICVSBContent.cfg
2024-12-26 09:57:33,205 - Parsed config items:
cert-keypair:	cert/key/ICVSBContent.pem
cert-keypair-pwd:	cert/key/ICVSBContent.pwd
load-verify-scheme:	0
crypto-type:	0
aes-ce-id:	0
aes-enc-key:	cert/key/KCEICV.txt
images-table:	cert/Images.txt
nvcounter-val:	1
cert-pkg:	cert/ICVSBContent.crt
2024-12-26 09:57:33,205 - **** Creating Content Certificate ****
2024-12-26 09:57:33,210 - **** Certificate file (context) creation has been completed successfully ****
2024-12-26 10:01:48,869 - Content Certificate Generation Utility started (Logging to sb_content_cert.log)
2024-12-26 10:01:48,869 - Parsing config file: cert/cfg/ICVSBContent.cfg
2024-12-26 10:01:48,869 - Parsed config items:
cert-keypair:	cert/key/ICVSBContent.pem
cert-keypair-pwd:	cert/key/ICVSBContent.pwd
load-verify-scheme:	0
crypto-type:	0
aes-ce-id:	0
aes-enc-key:	cert/key/KCEICV.txt
images-table:	cert/Images.txt
nvcounter-val:	1
cert-pkg:	cert/ICVSBContent.crt
2024-12-26 10:01:48,870 - **** Creating Content Certificate ****
2024-12-26 10:01:48,875 - **** Certificate file (context) creation has been completed successfully ****
2024-12-26 10:01:49,140 - Content Certificate Generation Utility started (Logging to sb_content_cert.log)
2024-12-26 10:01:49,140 - Parsing config file: cert/cfg/ICVSBContent.cfg
2024-12-26 10:01:49,140 - Parsed config items:
cert-keypair:	cert/key/ICVSBContent.pem
cert-keypair-pwd:	cert/key/ICVSBContent.pwd
load-verify-scheme:	0
crypto-type:	0
aes-ce-id:	0
aes-enc-key:	cert/key/KCEICV.txt
images-table:	cert/Images.txt
nvcounter-val:	1
cert-pkg:	cert/ICVSBContent.crt
2024-12-26 10:01:49,140 - **** Creating Content Certificate ****
2024-12-26 10:01:49,145 - **** Certificate file (context) creation has been completed successfully ****
2024-12-26 10:01:49,548 - Content Certificate Generation Utility started (Logging to sb_content_cert.log)
2024-12-26 10:01:49,548 - Parsing config file: cert/cfg/ICVSBContent.cfg
2024-12-26 10:01:49,549 - Parsed config items:
cert-keypair:	cert/key/ICVSBContent.pem
cert-keypair-pwd:	cert/key/ICVSBContent.pwd
load-verify-scheme:	0
crypto-type:	0
aes-ce-id:	0
aes-enc-key:	cert/key/KCEICV.txt
images-table:	cert/Images.txt
nvcounter-val:	1
cert-pkg:	cert/ICVSBContent.crt
2024-12-26 10:01:49,549 - **** Creating Content Certificate ****
2024-12-26 10:01:49,555 - **** Certificate file (context) creation has been completed successfully ****
2024-12-26 10:01:49,783 - Content Certificate Generation Utility started (Logging to sb_content_cert.log)
2024-12-26 10:01:49,783 - Parsing config file: cert/cfg/ICVSBContent.cfg
2024-12-26 10:01:49,783 - Parsed config items:
cert-keypair:	cert/key/ICVSBContent.pem
cert-keypair-pwd:	cert/key/ICVSBContent.pwd
load-verify-scheme:	0
crypto-type:	0
aes-ce-id:	0
aes-enc-key:	cert/key/KCEICV.txt
images-table:	cert/Images.txt
nvcounter-val:	1
cert-pkg:	cert/ICVSBContent.crt
2024-12-26 10:01:49,783 - **** Creating Content Certificate ****
2024-12-26 10:01:49,787 - **** Certificate file (context) creation has been completed successfully ****
2024-12-26 10:01:51,229 - Content Certificate Generation Utility started (Logging to sb_content_cert.log)
2024-12-26 10:01:51,230 - Parsing config file: cert/cfg/ICVSBContent.cfg
2024-12-26 10:01:51,230 - Parsed config items:
cert-keypair:	cert/key/ICVSBContent.pem
cert-keypair-pwd:	cert/key/ICVSBContent.pwd
load-verify-scheme:	0
crypto-type:	0
aes-ce-id:	0
aes-enc-key:	cert/key/KCEICV.txt
images-table:	cert/Images.txt
nvcounter-val:	1
cert-pkg:	cert/ICVSBContent.crt
2024-12-26 10:01:51,230 - **** Creating Content Certificate ****
2024-12-26 10:01:51,236 - **** Certificate file (context) creation has been completed successfully ****
2024-12-26 10:01:51,508 - Content Certificate Generation Utility started (Logging to sb_content_cert.log)
2024-12-26 10:01:51,508 - Parsing config file: cert/cfg/ICVSBContent.cfg
2024-12-26 10:01:51,508 - Parsed config items:
cert-keypair:	cert/key/ICVSBContent.pem
cert-keypair-pwd:	cert/key/ICVSBContent.pwd
load-verify-scheme:	0
crypto-type:	0
aes-ce-id:	0
aes-enc-key:	cert/key/KCEICV.txt
images-table:	cert/Images.txt
nvcounter-val:	1
cert-pkg:	cert/ICVSBContent.crt
2024-12-26 10:01:51,508 - **** Creating Content Certificate ****
2024-12-26 10:01:51,513 - **** Certificate file (context) creation has been completed successfully ****
2024-12-26 10:04:26,097 - Content Certificate Generation Utility started (Logging to sb_content_cert.log)
2024-12-26 10:04:26,097 - Parsing config file: cert/cfg/ICVSBContent.cfg
2024-12-26 10:04:26,097 - Parsed config items:
cert-keypair:	cert/key/ICVSBContent.pem
cert-keypair-pwd:	cert/key/ICVSBContent.pwd
load-verify-scheme:	0
crypto-type:	0
aes-ce-id:	0
aes-enc-key:	cert/key/KCEICV.txt
images-table:	cert/Images.txt
nvcounter-val:	1
cert-pkg:	cert/ICVSBContent.crt
2024-12-26 10:04:26,097 - **** Creating Content Certificate ****
2024-12-26 10:04:26,102 - **** Certificate file (context) creation has been completed successfully ****
2024-12-26 10:04:26,377 - Content Certificate Generation Utility started (Logging to sb_content_cert.log)
2024-12-26 10:04:26,377 - Parsing config file: cert/cfg/ICVSBContent.cfg
2024-12-26 10:04:26,377 - Parsed config items:
cert-keypair:	cert/key/ICVSBContent.pem
cert-keypair-pwd:	cert/key/ICVSBContent.pwd
load-verify-scheme:	0
crypto-type:	0
aes-ce-id:	0
aes-enc-key:	cert/key/KCEICV.txt
images-table:	cert/Images.txt
nvcounter-val:	1
cert-pkg:	cert/ICVSBContent.crt
2024-12-26 10:04:26,377 - **** Creating Content Certificate ****
2024-12-26 10:04:26,383 - **** Certificate file (context) creation has been completed successfully ****
2024-12-26 10:04:26,815 - Content Certificate Generation Utility started (Logging to sb_content_cert.log)
2024-12-26 10:04:26,816 - Parsing config file: cert/cfg/ICVSBContent.cfg
2024-12-26 10:04:26,816 - Parsed config items:
cert-keypair:	cert/key/ICVSBContent.pem
cert-keypair-pwd:	cert/key/ICVSBContent.pwd
load-verify-scheme:	0
crypto-type:	0
aes-ce-id:	0
aes-enc-key:	cert/key/KCEICV.txt
images-table:	cert/Images.txt
nvcounter-val:	1
cert-pkg:	cert/ICVSBContent.crt
2024-12-26 10:04:26,816 - **** Creating Content Certificate ****
2024-12-26 10:04:26,822 - **** Certificate file (context) creation has been completed successfully ****
2024-12-26 10:04:27,107 - Content Certificate Generation Utility started (Logging to sb_content_cert.log)
2024-12-26 10:04:27,108 - Parsing config file: cert/cfg/ICVSBContent.cfg
2024-12-26 10:04:27,108 - Parsed config items:
cert-keypair:	cert/key/ICVSBContent.pem
cert-keypair-pwd:	cert/key/ICVSBContent.pwd
load-verify-scheme:	0
crypto-type:	0
aes-ce-id:	0
aes-enc-key:	cert/key/KCEICV.txt
images-table:	cert/Images.txt
nvcounter-val:	1
cert-pkg:	cert/ICVSBContent.crt
2024-12-26 10:04:27,108 - **** Creating Content Certificate ****
2024-12-26 10:04:27,113 - **** Certificate file (context) creation has been completed successfully ****
2024-12-26 10:04:28,607 - Content Certificate Generation Utility started (Logging to sb_content_cert.log)
2024-12-26 10:04:28,607 - Parsing config file: cert/cfg/ICVSBContent.cfg
2024-12-26 10:04:28,607 - Parsed config items:
cert-keypair:	cert/key/ICVSBContent.pem
cert-keypair-pwd:	cert/key/ICVSBContent.pwd
load-verify-scheme:	0
crypto-type:	0
aes-ce-id:	0
aes-enc-key:	cert/key/KCEICV.txt
images-table:	cert/Images.txt
nvcounter-val:	1
cert-pkg:	cert/ICVSBContent.crt
2024-12-26 10:04:28,608 - **** Creating Content Certificate ****
2024-12-26 10:04:28,613 - **** Certificate file (context) creation has been completed successfully ****
2024-12-26 10:04:28,916 - Content Certificate Generation Utility started (Logging to sb_content_cert.log)
2024-12-26 10:04:28,916 - Parsing config file: cert/cfg/ICVSBContent.cfg
2024-12-26 10:04:28,916 - Parsed config items:
cert-keypair:	cert/key/ICVSBContent.pem
cert-keypair-pwd:	cert/key/ICVSBContent.pwd
load-verify-scheme:	0
crypto-type:	0
aes-ce-id:	0
aes-enc-key:	cert/key/KCEICV.txt
images-table:	cert/Images.txt
nvcounter-val:	1
cert-pkg:	cert/ICVSBContent.crt
2024-12-26 10:04:28,916 - **** Creating Content Certificate ****
2024-12-26 10:04:28,921 - **** Certificate file (context) creation has been completed successfully ****
2024-12-26 10:08:25,891 - Content Certificate Generation Utility started (Logging to sb_content_cert.log)
2024-12-26 10:08:25,891 - Parsing config file: cert/cfg/ICVSBContent.cfg
2024-12-26 10:08:25,891 - Parsed config items:
cert-keypair:	cert/key/ICVSBContent.pem
cert-keypair-pwd:	cert/key/ICVSBContent.pwd
load-verify-scheme:	0
crypto-type:	0
aes-ce-id:	0
aes-enc-key:	cert/key/KCEICV.txt
images-table:	cert/Images.txt
nvcounter-val:	1
cert-pkg:	cert/ICVSBContent.crt
2024-12-26 10:08:25,891 - **** Creating Content Certificate ****
2024-12-26 10:08:25,897 - **** Certificate file (context) creation has been completed successfully ****
2024-12-26 10:08:26,181 - Content Certificate Generation Utility started (Logging to sb_content_cert.log)
2024-12-26 10:08:26,181 - Parsing config file: cert/cfg/ICVSBContent.cfg
2024-12-26 10:08:26,181 - Parsed config items:
cert-keypair:	cert/key/ICVSBContent.pem
cert-keypair-pwd:	cert/key/ICVSBContent.pwd
load-verify-scheme:	0
crypto-type:	0
aes-ce-id:	0
aes-enc-key:	cert/key/KCEICV.txt
images-table:	cert/Images.txt
nvcounter-val:	1
cert-pkg:	cert/ICVSBContent.crt
2024-12-26 10:08:26,181 - **** Creating Content Certificate ****
2024-12-26 10:08:26,186 - **** Certificate file (context) creation has been completed successfully ****
2024-12-26 10:08:26,619 - Content Certificate Generation Utility started (Logging to sb_content_cert.log)
2024-12-26 10:08:26,619 - Parsing config file: cert/cfg/ICVSBContent.cfg
2024-12-26 10:08:26,620 - Parsed config items:
cert-keypair:	cert/key/ICVSBContent.pem
cert-keypair-pwd:	cert/key/ICVSBContent.pwd
load-verify-scheme:	0
crypto-type:	0
aes-ce-id:	0
aes-enc-key:	cert/key/KCEICV.txt
images-table:	cert/Images.txt
nvcounter-val:	1
cert-pkg:	cert/ICVSBContent.crt
2024-12-26 10:08:26,620 - **** Creating Content Certificate ****
2024-12-26 10:08:26,626 - **** Certificate file (context) creation has been completed successfully ****
2024-12-26 10:08:26,912 - Content Certificate Generation Utility started (Logging to sb_content_cert.log)
2024-12-26 10:08:26,912 - Parsing config file: cert/cfg/ICVSBContent.cfg
2024-12-26 10:08:26,912 - Parsed config items:
cert-keypair:	cert/key/ICVSBContent.pem
cert-keypair-pwd:	cert/key/ICVSBContent.pwd
load-verify-scheme:	0
crypto-type:	0
aes-ce-id:	0
aes-enc-key:	cert/key/KCEICV.txt
images-table:	cert/Images.txt
nvcounter-val:	1
cert-pkg:	cert/ICVSBContent.crt
2024-12-26 10:08:26,913 - **** Creating Content Certificate ****
2024-12-26 10:08:26,918 - **** Certificate file (context) creation has been completed successfully ****
2024-12-26 10:08:28,406 - Content Certificate Generation Utility started (Logging to sb_content_cert.log)
2024-12-26 10:08:28,407 - Parsing config file: cert/cfg/ICVSBContent.cfg
2024-12-26 10:08:28,407 - Parsed config items:
cert-keypair:	cert/key/ICVSBContent.pem
cert-keypair-pwd:	cert/key/ICVSBContent.pwd
load-verify-scheme:	0
crypto-type:	0
aes-ce-id:	0
aes-enc-key:	cert/key/KCEICV.txt
images-table:	cert/Images.txt
nvcounter-val:	1
cert-pkg:	cert/ICVSBContent.crt
2024-12-26 10:08:28,407 - **** Creating Content Certificate ****
2024-12-26 10:08:28,412 - **** Certificate file (context) creation has been completed successfully ****
2024-12-26 10:08:28,714 - Content Certificate Generation Utility started (Logging to sb_content_cert.log)
2024-12-26 10:08:28,714 - Parsing config file: cert/cfg/ICVSBContent.cfg
2024-12-26 10:08:28,714 - Parsed config items:
cert-keypair:	cert/key/ICVSBContent.pem
cert-keypair-pwd:	cert/key/ICVSBContent.pwd
load-verify-scheme:	0
crypto-type:	0
aes-ce-id:	0
aes-enc-key:	cert/key/KCEICV.txt
images-table:	cert/Images.txt
nvcounter-val:	1
cert-pkg:	cert/ICVSBContent.crt
2024-12-26 10:08:28,714 - **** Creating Content Certificate ****
2024-12-26 10:08:28,719 - **** Certificate file (context) creation has been completed successfully ****
2024-12-26 10:11:09,273 - Content Certificate Generation Utility started (Logging to sb_content_cert.log)
2024-12-26 10:11:09,273 - Parsing config file: cert/cfg/ICVSBContent.cfg
2024-12-26 10:11:09,273 - Parsed config items:
cert-keypair:	cert/key/ICVSBContent.pem
cert-keypair-pwd:	cert/key/ICVSBContent.pwd
load-verify-scheme:	0
crypto-type:	0
aes-ce-id:	0
aes-enc-key:	cert/key/KCEICV.txt
images-table:	cert/Images.txt
nvcounter-val:	1
cert-pkg:	cert/ICVSBContent.crt
2024-12-26 10:11:09,274 - **** Creating Content Certificate ****
2024-12-26 10:11:09,279 - **** Certificate file (context) creation has been completed successfully ****
2024-12-26 10:11:09,557 - Content Certificate Generation Utility started (Logging to sb_content_cert.log)
2024-12-26 10:11:09,557 - Parsing config file: cert/cfg/ICVSBContent.cfg
2024-12-26 10:11:09,558 - Parsed config items:
cert-keypair:	cert/key/ICVSBContent.pem
cert-keypair-pwd:	cert/key/ICVSBContent.pwd
load-verify-scheme:	0
crypto-type:	0
aes-ce-id:	0
aes-enc-key:	cert/key/KCEICV.txt
images-table:	cert/Images.txt
nvcounter-val:	1
cert-pkg:	cert/ICVSBContent.crt
2024-12-26 10:11:09,558 - **** Creating Content Certificate ****
2024-12-26 10:11:09,563 - **** Certificate file (context) creation has been completed successfully ****
2024-12-26 10:11:09,997 - Content Certificate Generation Utility started (Logging to sb_content_cert.log)
2024-12-26 10:11:09,998 - Parsing config file: cert/cfg/ICVSBContent.cfg
2024-12-26 10:11:09,998 - Parsed config items:
cert-keypair:	cert/key/ICVSBContent.pem
cert-keypair-pwd:	cert/key/ICVSBContent.pwd
load-verify-scheme:	0
crypto-type:	0
aes-ce-id:	0
aes-enc-key:	cert/key/KCEICV.txt
images-table:	cert/Images.txt
nvcounter-val:	1
cert-pkg:	cert/ICVSBContent.crt
2024-12-26 10:11:09,998 - **** Creating Content Certificate ****
2024-12-26 10:11:10,004 - **** Certificate file (context) creation has been completed successfully ****
2024-12-26 10:11:10,283 - Content Certificate Generation Utility started (Logging to sb_content_cert.log)
2024-12-26 10:11:10,283 - Parsing config file: cert/cfg/ICVSBContent.cfg
2024-12-26 10:11:10,284 - Parsed config items:
cert-keypair:	cert/key/ICVSBContent.pem
cert-keypair-pwd:	cert/key/ICVSBContent.pwd
load-verify-scheme:	0
crypto-type:	0
aes-ce-id:	0
aes-enc-key:	cert/key/KCEICV.txt
images-table:	cert/Images.txt
nvcounter-val:	1
cert-pkg:	cert/ICVSBContent.crt
2024-12-26 10:11:10,284 - **** Creating Content Certificate ****
2024-12-26 10:11:10,289 - **** Certificate file (context) creation has been completed successfully ****
2024-12-26 10:11:11,417 - Content Certificate Generation Utility started (Logging to sb_content_cert.log)
2024-12-26 10:11:11,417 - Parsing config file: cert/cfg/ICVSBContent.cfg
2024-12-26 10:11:11,418 - Parsed config items:
cert-keypair:	cert/key/ICVSBContent.pem
cert-keypair-pwd:	cert/key/ICVSBContent.pwd
load-verify-scheme:	0
crypto-type:	0
aes-ce-id:	0
aes-enc-key:	cert/key/KCEICV.txt
images-table:	cert/Images.txt
nvcounter-val:	1
cert-pkg:	cert/ICVSBContent.crt
2024-12-26 10:11:11,418 - **** Creating Content Certificate ****
2024-12-26 10:11:11,423 - **** Certificate file (context) creation has been completed successfully ****
2024-12-26 10:11:11,729 - Content Certificate Generation Utility started (Logging to sb_content_cert.log)
2024-12-26 10:11:11,729 - Parsing config file: cert/cfg/ICVSBContent.cfg
2024-12-26 10:11:11,729 - Parsed config items:
cert-keypair:	cert/key/ICVSBContent.pem
cert-keypair-pwd:	cert/key/ICVSBContent.pwd
load-verify-scheme:	0
crypto-type:	0
aes-ce-id:	0
aes-enc-key:	cert/key/KCEICV.txt
images-table:	cert/Images.txt
nvcounter-val:	1
cert-pkg:	cert/ICVSBContent.crt
2024-12-26 10:11:11,729 - **** Creating Content Certificate ****
2024-12-26 10:11:11,734 - **** Certificate file (context) creation has been completed successfully ****
2024-12-26 10:12:50,401 - Content Certificate Generation Utility started (Logging to sb_content_cert.log)
2024-12-26 10:12:50,401 - Parsing config file: cert/cfg/ICVSBContent.cfg
2024-12-26 10:12:50,401 - Parsed config items:
cert-keypair:	cert/key/ICVSBContent.pem
cert-keypair-pwd:	cert/key/ICVSBContent.pwd
load-verify-scheme:	0
crypto-type:	0
aes-ce-id:	0
aes-enc-key:	cert/key/KCEICV.txt
images-table:	cert/Images.txt
nvcounter-val:	1
cert-pkg:	cert/ICVSBContent.crt
2024-12-26 10:12:50,402 - **** Creating Content Certificate ****
2024-12-26 10:12:50,405 - **** Certificate file (context) creation has been completed successfully ****
2024-12-26 10:12:50,625 - Content Certificate Generation Utility started (Logging to sb_content_cert.log)
2024-12-26 10:12:50,626 - Parsing config file: cert/cfg/ICVSBContent.cfg
2024-12-26 10:12:50,626 - Parsed config items:
cert-keypair:	cert/key/ICVSBContent.pem
cert-keypair-pwd:	cert/key/ICVSBContent.pwd
load-verify-scheme:	0
crypto-type:	0
aes-ce-id:	0
aes-enc-key:	cert/key/KCEICV.txt
images-table:	cert/Images.txt
nvcounter-val:	1
cert-pkg:	cert/ICVSBContent.crt
2024-12-26 10:12:50,626 - **** Creating Content Certificate ****
2024-12-26 10:12:50,629 - **** Certificate file (context) creation has been completed successfully ****
2024-12-26 10:12:51,019 - Content Certificate Generation Utility started (Logging to sb_content_cert.log)
2024-12-26 10:12:51,019 - Parsing config file: cert/cfg/ICVSBContent.cfg
2024-12-26 10:12:51,020 - Parsed config items:
cert-keypair:	cert/key/ICVSBContent.pem
cert-keypair-pwd:	cert/key/ICVSBContent.pwd
load-verify-scheme:	0
crypto-type:	0
aes-ce-id:	0
aes-enc-key:	cert/key/KCEICV.txt
images-table:	cert/Images.txt
nvcounter-val:	1
cert-pkg:	cert/ICVSBContent.crt
2024-12-26 10:12:51,020 - **** Creating Content Certificate ****
2024-12-26 10:12:51,026 - **** Certificate file (context) creation has been completed successfully ****
2024-12-26 10:12:51,253 - Content Certificate Generation Utility started (Logging to sb_content_cert.log)
2024-12-26 10:12:51,253 - Parsing config file: cert/cfg/ICVSBContent.cfg
2024-12-26 10:12:51,253 - Parsed config items:
cert-keypair:	cert/key/ICVSBContent.pem
cert-keypair-pwd:	cert/key/ICVSBContent.pwd
load-verify-scheme:	0
crypto-type:	0
aes-ce-id:	0
aes-enc-key:	cert/key/KCEICV.txt
images-table:	cert/Images.txt
nvcounter-val:	1
cert-pkg:	cert/ICVSBContent.crt
2024-12-26 10:12:51,253 - **** Creating Content Certificate ****
2024-12-26 10:12:51,257 - **** Certificate file (context) creation has been completed successfully ****
2024-12-26 10:12:52,669 - Content Certificate Generation Utility started (Logging to sb_content_cert.log)
2024-12-26 10:12:52,669 - Parsing config file: cert/cfg/ICVSBContent.cfg
2024-12-26 10:12:52,669 - Parsed config items:
cert-keypair:	cert/key/ICVSBContent.pem
cert-keypair-pwd:	cert/key/ICVSBContent.pwd
load-verify-scheme:	0
crypto-type:	0
aes-ce-id:	0
aes-enc-key:	cert/key/KCEICV.txt
images-table:	cert/Images.txt
nvcounter-val:	1
cert-pkg:	cert/ICVSBContent.crt
2024-12-26 10:12:52,670 - **** Creating Content Certificate ****
2024-12-26 10:12:52,673 - **** Certificate file (context) creation has been completed successfully ****
2024-12-26 10:12:52,932 - Content Certificate Generation Utility started (Logging to sb_content_cert.log)
2024-12-26 10:12:52,932 - Parsing config file: cert/cfg/ICVSBContent.cfg
2024-12-26 10:12:52,932 - Parsed config items:
cert-keypair:	cert/key/ICVSBContent.pem
cert-keypair-pwd:	cert/key/ICVSBContent.pwd
load-verify-scheme:	0
crypto-type:	0
aes-ce-id:	0
aes-enc-key:	cert/key/KCEICV.txt
images-table:	cert/Images.txt
nvcounter-val:	1
cert-pkg:	cert/ICVSBContent.crt
2024-12-26 10:12:52,933 - **** Creating Content Certificate ****
2024-12-26 10:12:52,936 - **** Certificate file (context) creation has been completed successfully ****
2024-12-26 10:14:19,812 - Content Certificate Generation Utility started (Logging to sb_content_cert.log)
2024-12-26 10:14:19,813 - Parsing config file: cert/cfg/ICVSBContent.cfg
2024-12-26 10:14:19,813 - Parsed config items:
cert-keypair:	cert/key/ICVSBContent.pem
cert-keypair-pwd:	cert/key/ICVSBContent.pwd
load-verify-scheme:	0
crypto-type:	0
aes-ce-id:	0
aes-enc-key:	cert/key/KCEICV.txt
images-table:	cert/Images.txt
nvcounter-val:	1
cert-pkg:	cert/ICVSBContent.crt
2024-12-26 10:14:19,813 - **** Creating Content Certificate ****
2024-12-26 10:14:19,816 - **** Certificate file (context) creation has been completed successfully ****
2024-12-26 10:14:20,082 - Content Certificate Generation Utility started (Logging to sb_content_cert.log)
2024-12-26 10:14:20,083 - Parsing config file: cert/cfg/ICVSBContent.cfg
2024-12-26 10:14:20,083 - Parsed config items:
cert-keypair:	cert/key/ICVSBContent.pem
cert-keypair-pwd:	cert/key/ICVSBContent.pwd
load-verify-scheme:	0
crypto-type:	0
aes-ce-id:	0
aes-enc-key:	cert/key/KCEICV.txt
images-table:	cert/Images.txt
nvcounter-val:	1
cert-pkg:	cert/ICVSBContent.crt
2024-12-26 10:14:20,083 - **** Creating Content Certificate ****
2024-12-26 10:14:20,088 - **** Certificate file (context) creation has been completed successfully ****
2024-12-26 10:14:20,480 - Content Certificate Generation Utility started (Logging to sb_content_cert.log)
2024-12-26 10:14:20,480 - Parsing config file: cert/cfg/ICVSBContent.cfg
2024-12-26 10:14:20,480 - Parsed config items:
cert-keypair:	cert/key/ICVSBContent.pem
cert-keypair-pwd:	cert/key/ICVSBContent.pwd
load-verify-scheme:	0
crypto-type:	0
aes-ce-id:	0
aes-enc-key:	cert/key/KCEICV.txt
images-table:	cert/Images.txt
nvcounter-val:	1
cert-pkg:	cert/ICVSBContent.crt
2024-12-26 10:14:20,480 - **** Creating Content Certificate ****
2024-12-26 10:14:20,486 - **** Certificate file (context) creation has been completed successfully ****
2024-12-26 10:14:20,760 - Content Certificate Generation Utility started (Logging to sb_content_cert.log)
2024-12-26 10:14:20,760 - Parsing config file: cert/cfg/ICVSBContent.cfg
2024-12-26 10:14:20,761 - Parsed config items:
cert-keypair:	cert/key/ICVSBContent.pem
cert-keypair-pwd:	cert/key/ICVSBContent.pwd
load-verify-scheme:	0
crypto-type:	0
aes-ce-id:	0
aes-enc-key:	cert/key/KCEICV.txt
images-table:	cert/Images.txt
nvcounter-val:	1
cert-pkg:	cert/ICVSBContent.crt
2024-12-26 10:14:20,761 - **** Creating Content Certificate ****
2024-12-26 10:14:20,766 - **** Certificate file (context) creation has been completed successfully ****
2024-12-26 10:14:22,222 - Content Certificate Generation Utility started (Logging to sb_content_cert.log)
2024-12-26 10:14:22,222 - Parsing config file: cert/cfg/ICVSBContent.cfg
2024-12-26 10:14:22,223 - Parsed config items:
cert-keypair:	cert/key/ICVSBContent.pem
cert-keypair-pwd:	cert/key/ICVSBContent.pwd
load-verify-scheme:	0
crypto-type:	0
aes-ce-id:	0
aes-enc-key:	cert/key/KCEICV.txt
images-table:	cert/Images.txt
nvcounter-val:	1
cert-pkg:	cert/ICVSBContent.crt
2024-12-26 10:14:22,223 - **** Creating Content Certificate ****
2024-12-26 10:14:22,228 - **** Certificate file (context) creation has been completed successfully ****
2024-12-26 10:14:22,516 - Content Certificate Generation Utility started (Logging to sb_content_cert.log)
2024-12-26 10:14:22,516 - Parsing config file: cert/cfg/ICVSBContent.cfg
2024-12-26 10:14:22,517 - Parsed config items:
cert-keypair:	cert/key/ICVSBContent.pem
cert-keypair-pwd:	cert/key/ICVSBContent.pwd
load-verify-scheme:	0
crypto-type:	0
aes-ce-id:	0
aes-enc-key:	cert/key/KCEICV.txt
images-table:	cert/Images.txt
nvcounter-val:	1
cert-pkg:	cert/ICVSBContent.crt
2024-12-26 10:14:22,517 - **** Creating Content Certificate ****
2024-12-26 10:14:22,522 - **** Certificate file (context) creation has been completed successfully ****
2024-12-26 10:16:00,340 - Content Certificate Generation Utility started (Logging to sb_content_cert.log)
2024-12-26 10:16:00,340 - Parsing config file: cert/cfg/ICVSBContent.cfg
2024-12-26 10:16:00,340 - Parsed config items:
cert-keypair:	cert/key/ICVSBContent.pem
cert-keypair-pwd:	cert/key/ICVSBContent.pwd
load-verify-scheme:	0
crypto-type:	0
aes-ce-id:	0
aes-enc-key:	cert/key/KCEICV.txt
images-table:	cert/Images.txt
nvcounter-val:	1
cert-pkg:	cert/ICVSBContent.crt
2024-12-26 10:16:00,340 - **** Creating Content Certificate ****
2024-12-26 10:16:00,344 - **** Certificate file (context) creation has been completed successfully ****
2024-12-26 10:16:00,604 - Content Certificate Generation Utility started (Logging to sb_content_cert.log)
2024-12-26 10:16:00,604 - Parsing config file: cert/cfg/ICVSBContent.cfg
2024-12-26 10:16:00,604 - Parsed config items:
cert-keypair:	cert/key/ICVSBContent.pem
cert-keypair-pwd:	cert/key/ICVSBContent.pwd
load-verify-scheme:	0
crypto-type:	0
aes-ce-id:	0
aes-enc-key:	cert/key/KCEICV.txt
images-table:	cert/Images.txt
nvcounter-val:	1
cert-pkg:	cert/ICVSBContent.crt
2024-12-26 10:16:00,604 - **** Creating Content Certificate ****
2024-12-26 10:16:00,609 - **** Certificate file (context) creation has been completed successfully ****
2024-12-26 10:16:01,046 - Content Certificate Generation Utility started (Logging to sb_content_cert.log)
2024-12-26 10:16:01,046 - Parsing config file: cert/cfg/ICVSBContent.cfg
2024-12-26 10:16:01,046 - Parsed config items:
cert-keypair:	cert/key/ICVSBContent.pem
cert-keypair-pwd:	cert/key/ICVSBContent.pwd
load-verify-scheme:	0
crypto-type:	0
aes-ce-id:	0
aes-enc-key:	cert/key/KCEICV.txt
images-table:	cert/Images.txt
nvcounter-val:	1
cert-pkg:	cert/ICVSBContent.crt
2024-12-26 10:16:01,047 - **** Creating Content Certificate ****
2024-12-26 10:16:01,052 - **** Certificate file (context) creation has been completed successfully ****
2024-12-26 10:16:01,293 - Content Certificate Generation Utility started (Logging to sb_content_cert.log)
2024-12-26 10:16:01,293 - Parsing config file: cert/cfg/ICVSBContent.cfg
2024-12-26 10:16:01,293 - Parsed config items:
cert-keypair:	cert/key/ICVSBContent.pem
cert-keypair-pwd:	cert/key/ICVSBContent.pwd
load-verify-scheme:	0
crypto-type:	0
aes-ce-id:	0
aes-enc-key:	cert/key/KCEICV.txt
images-table:	cert/Images.txt
nvcounter-val:	1
cert-pkg:	cert/ICVSBContent.crt
2024-12-26 10:16:01,293 - **** Creating Content Certificate ****
2024-12-26 10:16:01,297 - **** Certificate file (context) creation has been completed successfully ****
2024-12-26 10:16:09,892 - Content Certificate Generation Utility started (Logging to sb_content_cert.log)
2024-12-26 10:16:09,892 - Parsing config file: cert/cfg/ICVSBContent.cfg
2024-12-26 10:16:09,892 - Parsed config items:
cert-keypair:	cert/key/ICVSBContent.pem
cert-keypair-pwd:	cert/key/ICVSBContent.pwd
load-verify-scheme:	0
crypto-type:	0
aes-ce-id:	0
aes-enc-key:	cert/key/KCEICV.txt
images-table:	cert/Images.txt
nvcounter-val:	1
cert-pkg:	cert/ICVSBContent.crt
2024-12-26 10:16:09,892 - **** Creating Content Certificate ****
2024-12-26 10:16:09,898 - **** Certificate file (context) creation has been completed successfully ****
2024-12-26 10:16:10,181 - Content Certificate Generation Utility started (Logging to sb_content_cert.log)
2024-12-26 10:16:10,181 - Parsing config file: cert/cfg/ICVSBContent.cfg
2024-12-26 10:16:10,181 - Parsed config items:
cert-keypair:	cert/key/ICVSBContent.pem
cert-keypair-pwd:	cert/key/ICVSBContent.pwd
load-verify-scheme:	0
crypto-type:	0
aes-ce-id:	0
aes-enc-key:	cert/key/KCEICV.txt
images-table:	cert/Images.txt
nvcounter-val:	1
cert-pkg:	cert/ICVSBContent.crt
2024-12-26 10:16:10,182 - **** Creating Content Certificate ****
2024-12-26 10:16:10,187 - **** Certificate file (context) creation has been completed successfully ****
2024-12-26 10:16:10,660 - Content Certificate Generation Utility started (Logging to sb_content_cert.log)
2024-12-26 10:16:10,660 - Parsing config file: cert/cfg/ICVSBContent.cfg
2024-12-26 10:16:10,661 - Parsed config items:
cert-keypair:	cert/key/ICVSBContent.pem
cert-keypair-pwd:	cert/key/ICVSBContent.pwd
load-verify-scheme:	0
crypto-type:	0
aes-ce-id:	0
aes-enc-key:	cert/key/KCEICV.txt
images-table:	cert/Images.txt
nvcounter-val:	1
cert-pkg:	cert/ICVSBContent.crt
2024-12-26 10:16:10,661 - **** Creating Content Certificate ****
2024-12-26 10:16:10,667 - **** Certificate file (context) creation has been completed successfully ****
2024-12-26 10:16:10,952 - Content Certificate Generation Utility started (Logging to sb_content_cert.log)
2024-12-26 10:16:10,952 - Parsing config file: cert/cfg/ICVSBContent.cfg
2024-12-26 10:16:10,952 - Parsed config items:
cert-keypair:	cert/key/ICVSBContent.pem
cert-keypair-pwd:	cert/key/ICVSBContent.pwd
load-verify-scheme:	0
crypto-type:	0
aes-ce-id:	0
aes-enc-key:	cert/key/KCEICV.txt
images-table:	cert/Images.txt
nvcounter-val:	1
cert-pkg:	cert/ICVSBContent.crt
2024-12-26 10:16:10,952 - **** Creating Content Certificate ****
2024-12-26 10:16:10,958 - **** Certificate file (context) creation has been completed successfully ****
2024-12-26 10:16:42,555 - Content Certificate Generation Utility started (Logging to sb_content_cert.log)
2024-12-26 10:16:42,555 - Parsing config file: cert/cfg/ICVSBContent.cfg
2024-12-26 10:16:42,555 - Parsed config items:
cert-keypair:	cert/key/ICVSBContent.pem
cert-keypair-pwd:	cert/key/ICVSBContent.pwd
load-verify-scheme:	0
crypto-type:	0
aes-ce-id:	0
aes-enc-key:	cert/key/KCEICV.txt
images-table:	cert/Images.txt
nvcounter-val:	1
cert-pkg:	cert/ICVSBContent.crt
2024-12-26 10:16:42,556 - **** Creating Content Certificate ****
2024-12-26 10:16:42,559 - **** Certificate file (context) creation has been completed successfully ****
2024-12-26 10:16:42,799 - Content Certificate Generation Utility started (Logging to sb_content_cert.log)
2024-12-26 10:16:42,799 - Parsing config file: cert/cfg/ICVSBContent.cfg
2024-12-26 10:16:42,799 - Parsed config items:
cert-keypair:	cert/key/ICVSBContent.pem
cert-keypair-pwd:	cert/key/ICVSBContent.pwd
load-verify-scheme:	0
crypto-type:	0
aes-ce-id:	0
aes-enc-key:	cert/key/KCEICV.txt
images-table:	cert/Images.txt
nvcounter-val:	1
cert-pkg:	cert/ICVSBContent.crt
2024-12-26 10:16:42,799 - **** Creating Content Certificate ****
2024-12-26 10:16:42,803 - **** Certificate file (context) creation has been completed successfully ****
2024-12-26 10:16:43,227 - Content Certificate Generation Utility started (Logging to sb_content_cert.log)
2024-12-26 10:16:43,227 - Parsing config file: cert/cfg/ICVSBContent.cfg
2024-12-26 10:16:43,227 - Parsed config items:
cert-keypair:	cert/key/ICVSBContent.pem
cert-keypair-pwd:	cert/key/ICVSBContent.pwd
load-verify-scheme:	0
crypto-type:	0
aes-ce-id:	0
aes-enc-key:	cert/key/KCEICV.txt
images-table:	cert/Images.txt
nvcounter-val:	1
cert-pkg:	cert/ICVSBContent.crt
2024-12-26 10:16:43,228 - **** Creating Content Certificate ****
2024-12-26 10:16:43,234 - **** Certificate file (context) creation has been completed successfully ****
2024-12-26 10:16:43,496 - Content Certificate Generation Utility started (Logging to sb_content_cert.log)
2024-12-26 10:16:43,496 - Parsing config file: cert/cfg/ICVSBContent.cfg
2024-12-26 10:16:43,496 - Parsed config items:
cert-keypair:	cert/key/ICVSBContent.pem
cert-keypair-pwd:	cert/key/ICVSBContent.pwd
load-verify-scheme:	0
crypto-type:	0
aes-ce-id:	0
aes-enc-key:	cert/key/KCEICV.txt
images-table:	cert/Images.txt
nvcounter-val:	1
cert-pkg:	cert/ICVSBContent.crt
2024-12-26 10:16:43,496 - **** Creating Content Certificate ****
2024-12-26 10:16:43,500 - **** Certificate file (context) creation has been completed successfully ****
2024-12-26 10:17:30,035 - Content Certificate Generation Utility started (Logging to sb_content_cert.log)
2024-12-26 10:17:30,036 - Parsing config file: cert/cfg/ICVSBContent.cfg
2024-12-26 10:17:30,036 - Parsed config items:
cert-keypair:	cert/key/ICVSBContent.pem
cert-keypair-pwd:	cert/key/ICVSBContent.pwd
load-verify-scheme:	0
crypto-type:	0
aes-ce-id:	0
aes-enc-key:	cert/key/KCEICV.txt
images-table:	cert/Images.txt
nvcounter-val:	1
cert-pkg:	cert/ICVSBContent.crt
2024-12-26 10:17:30,036 - **** Creating Content Certificate ****
2024-12-26 10:17:30,041 - **** Certificate file (context) creation has been completed successfully ****
2024-12-26 10:17:30,322 - Content Certificate Generation Utility started (Logging to sb_content_cert.log)
2024-12-26 10:17:30,323 - Parsing config file: cert/cfg/ICVSBContent.cfg
2024-12-26 10:17:30,323 - Parsed config items:
cert-keypair:	cert/key/ICVSBContent.pem
cert-keypair-pwd:	cert/key/ICVSBContent.pwd
load-verify-scheme:	0
crypto-type:	0
aes-ce-id:	0
aes-enc-key:	cert/key/KCEICV.txt
images-table:	cert/Images.txt
nvcounter-val:	1
cert-pkg:	cert/ICVSBContent.crt
2024-12-26 10:17:30,323 - **** Creating Content Certificate ****
2024-12-26 10:17:30,328 - **** Certificate file (context) creation has been completed successfully ****
2024-12-26 10:17:30,785 - Content Certificate Generation Utility started (Logging to sb_content_cert.log)
2024-12-26 10:17:30,785 - Parsing config file: cert/cfg/ICVSBContent.cfg
2024-12-26 10:17:30,785 - Parsed config items:
cert-keypair:	cert/key/ICVSBContent.pem
cert-keypair-pwd:	cert/key/ICVSBContent.pwd
load-verify-scheme:	0
crypto-type:	0
aes-ce-id:	0
aes-enc-key:	cert/key/KCEICV.txt
images-table:	cert/Images.txt
nvcounter-val:	1
cert-pkg:	cert/ICVSBContent.crt
2024-12-26 10:17:30,785 - **** Creating Content Certificate ****
2024-12-26 10:17:30,792 - **** Certificate file (context) creation has been completed successfully ****
2024-12-26 10:17:31,057 - Content Certificate Generation Utility started (Logging to sb_content_cert.log)
2024-12-26 10:17:31,057 - Parsing config file: cert/cfg/ICVSBContent.cfg
2024-12-26 10:17:31,057 - Parsed config items:
cert-keypair:	cert/key/ICVSBContent.pem
cert-keypair-pwd:	cert/key/ICVSBContent.pwd
load-verify-scheme:	0
crypto-type:	0
aes-ce-id:	0
aes-enc-key:	cert/key/KCEICV.txt
images-table:	cert/Images.txt
nvcounter-val:	1
cert-pkg:	cert/ICVSBContent.crt
2024-12-26 10:17:31,058 - **** Creating Content Certificate ****
2024-12-26 10:17:31,063 - **** Certificate file (context) creation has been completed successfully ****
2024-12-26 10:17:33,197 - Content Certificate Generation Utility started (Logging to sb_content_cert.log)
2024-12-26 10:17:33,197 - Parsing config file: cert/cfg/ICVSBContent.cfg
2024-12-26 10:17:33,198 - Parsed config items:
cert-keypair:	cert/key/ICVSBContent.pem
cert-keypair-pwd:	cert/key/ICVSBContent.pwd
load-verify-scheme:	0
crypto-type:	0
aes-ce-id:	0
aes-enc-key:	cert/key/KCEICV.txt
images-table:	cert/Images.txt
nvcounter-val:	1
cert-pkg:	cert/ICVSBContent.crt
2024-12-26 10:17:33,198 - **** Creating Content Certificate ****
2024-12-26 10:17:33,203 - **** Certificate file (context) creation has been completed successfully ****
2024-12-26 10:17:33,490 - Content Certificate Generation Utility started (Logging to sb_content_cert.log)
2024-12-26 10:17:33,490 - Parsing config file: cert/cfg/ICVSBContent.cfg
2024-12-26 10:17:33,490 - Parsed config items:
cert-keypair:	cert/key/ICVSBContent.pem
cert-keypair-pwd:	cert/key/ICVSBContent.pwd
load-verify-scheme:	0
crypto-type:	0
aes-ce-id:	0
aes-enc-key:	cert/key/KCEICV.txt
images-table:	cert/Images.txt
nvcounter-val:	1
cert-pkg:	cert/ICVSBContent.crt
2024-12-26 10:17:33,491 - **** Creating Content Certificate ****
2024-12-26 10:17:33,496 - **** Certificate file (context) creation has been completed successfully ****
2024-12-26 10:17:33,955 - Content Certificate Generation Utility started (Logging to sb_content_cert.log)
2024-12-26 10:17:33,955 - Parsing config file: cert/cfg/ICVSBContent.cfg
2024-12-26 10:17:33,955 - Parsed config items:
cert-keypair:	cert/key/ICVSBContent.pem
cert-keypair-pwd:	cert/key/ICVSBContent.pwd
load-verify-scheme:	0
crypto-type:	0
aes-ce-id:	0
aes-enc-key:	cert/key/KCEICV.txt
images-table:	cert/Images.txt
nvcounter-val:	1
cert-pkg:	cert/ICVSBContent.crt
2024-12-26 10:17:33,956 - **** Creating Content Certificate ****
2024-12-26 10:17:33,962 - **** Certificate file (context) creation has been completed successfully ****
2024-12-26 10:17:34,245 - Content Certificate Generation Utility started (Logging to sb_content_cert.log)
2024-12-26 10:17:34,245 - Parsing config file: cert/cfg/ICVSBContent.cfg
2024-12-26 10:17:34,245 - Parsed config items:
cert-keypair:	cert/key/ICVSBContent.pem
cert-keypair-pwd:	cert/key/ICVSBContent.pwd
load-verify-scheme:	0
crypto-type:	0
aes-ce-id:	0
aes-enc-key:	cert/key/KCEICV.txt
images-table:	cert/Images.txt
nvcounter-val:	1
cert-pkg:	cert/ICVSBContent.crt
2024-12-26 10:17:34,246 - **** Creating Content Certificate ****
2024-12-26 10:17:34,251 - **** Certificate file (context) creation has been completed successfully ****
2024-12-26 10:18:06,539 - Content Certificate Generation Utility started (Logging to sb_content_cert.log)
2024-12-26 10:18:06,539 - Parsing config file: cert/cfg/ICVSBContent.cfg
2024-12-26 10:18:06,540 - Parsed config items:
cert-keypair:	cert/key/ICVSBContent.pem
cert-keypair-pwd:	cert/key/ICVSBContent.pwd
load-verify-scheme:	0
crypto-type:	0
aes-ce-id:	0
aes-enc-key:	cert/key/KCEICV.txt
images-table:	cert/Images.txt
nvcounter-val:	1
cert-pkg:	cert/ICVSBContent.crt
2024-12-26 10:18:06,540 - **** Creating Content Certificate ****
2024-12-26 10:18:06,545 - **** Certificate file (context) creation has been completed successfully ****
2024-12-26 10:18:06,816 - Content Certificate Generation Utility started (Logging to sb_content_cert.log)
2024-12-26 10:18:06,817 - Parsing config file: cert/cfg/ICVSBContent.cfg
2024-12-26 10:18:06,817 - Parsed config items:
cert-keypair:	cert/key/ICVSBContent.pem
cert-keypair-pwd:	cert/key/ICVSBContent.pwd
load-verify-scheme:	0
crypto-type:	0
aes-ce-id:	0
aes-enc-key:	cert/key/KCEICV.txt
images-table:	cert/Images.txt
nvcounter-val:	1
cert-pkg:	cert/ICVSBContent.crt
2024-12-26 10:18:06,817 - **** Creating Content Certificate ****
2024-12-26 10:18:06,822 - **** Certificate file (context) creation has been completed successfully ****
2024-12-26 10:18:07,249 - Content Certificate Generation Utility started (Logging to sb_content_cert.log)
2024-12-26 10:18:07,250 - Parsing config file: cert/cfg/ICVSBContent.cfg
2024-12-26 10:18:07,250 - Parsed config items:
cert-keypair:	cert/key/ICVSBContent.pem
cert-keypair-pwd:	cert/key/ICVSBContent.pwd
load-verify-scheme:	0
crypto-type:	0
aes-ce-id:	0
aes-enc-key:	cert/key/KCEICV.txt
images-table:	cert/Images.txt
nvcounter-val:	1
cert-pkg:	cert/ICVSBContent.crt
2024-12-26 10:18:07,250 - **** Creating Content Certificate ****
2024-12-26 10:18:07,256 - **** Certificate file (context) creation has been completed successfully ****
2024-12-26 10:18:07,522 - Content Certificate Generation Utility started (Logging to sb_content_cert.log)
2024-12-26 10:18:07,522 - Parsing config file: cert/cfg/ICVSBContent.cfg
2024-12-26 10:18:07,522 - Parsed config items:
cert-keypair:	cert/key/ICVSBContent.pem
cert-keypair-pwd:	cert/key/ICVSBContent.pwd
load-verify-scheme:	0
crypto-type:	0
aes-ce-id:	0
aes-enc-key:	cert/key/KCEICV.txt
images-table:	cert/Images.txt
nvcounter-val:	1
cert-pkg:	cert/ICVSBContent.crt
2024-12-26 10:18:07,522 - **** Creating Content Certificate ****
2024-12-26 10:18:07,527 - **** Certificate file (context) creation has been completed successfully ****
2024-12-26 10:19:34,164 - Content Certificate Generation Utility started (Logging to sb_content_cert.log)
2024-12-26 10:19:34,165 - Parsing config file: cert/cfg/ICVSBContent.cfg
2024-12-26 10:19:34,165 - Parsed config items:
cert-keypair:	cert/key/ICVSBContent.pem
cert-keypair-pwd:	cert/key/ICVSBContent.pwd
load-verify-scheme:	0
crypto-type:	0
aes-ce-id:	0
aes-enc-key:	cert/key/KCEICV.txt
images-table:	cert/Images.txt
nvcounter-val:	1
cert-pkg:	cert/ICVSBContent.crt
2024-12-26 10:19:34,165 - **** Creating Content Certificate ****
2024-12-26 10:19:34,170 - **** Certificate file (context) creation has been completed successfully ****
2024-12-26 10:19:34,434 - Content Certificate Generation Utility started (Logging to sb_content_cert.log)
2024-12-26 10:19:34,435 - Parsing config file: cert/cfg/ICVSBContent.cfg
2024-12-26 10:19:34,435 - Parsed config items:
cert-keypair:	cert/key/ICVSBContent.pem
cert-keypair-pwd:	cert/key/ICVSBContent.pwd
load-verify-scheme:	0
crypto-type:	0
aes-ce-id:	0
aes-enc-key:	cert/key/KCEICV.txt
images-table:	cert/Images.txt
nvcounter-val:	1
cert-pkg:	cert/ICVSBContent.crt
2024-12-26 10:19:34,435 - **** Creating Content Certificate ****
2024-12-26 10:19:34,440 - **** Certificate file (context) creation has been completed successfully ****
2024-12-26 10:19:34,878 - Content Certificate Generation Utility started (Logging to sb_content_cert.log)
2024-12-26 10:19:34,878 - Parsing config file: cert/cfg/ICVSBContent.cfg
2024-12-26 10:19:34,878 - Parsed config items:
cert-keypair:	cert/key/ICVSBContent.pem
cert-keypair-pwd:	cert/key/ICVSBContent.pwd
load-verify-scheme:	0
crypto-type:	0
aes-ce-id:	0
aes-enc-key:	cert/key/KCEICV.txt
images-table:	cert/Images.txt
nvcounter-val:	1
cert-pkg:	cert/ICVSBContent.crt
2024-12-26 10:19:34,878 - **** Creating Content Certificate ****
2024-12-26 10:19:34,884 - **** Certificate file (context) creation has been completed successfully ****
2024-12-26 10:19:35,158 - Content Certificate Generation Utility started (Logging to sb_content_cert.log)
2024-12-26 10:19:35,159 - Parsing config file: cert/cfg/ICVSBContent.cfg
2024-12-26 10:19:35,159 - Parsed config items:
cert-keypair:	cert/key/ICVSBContent.pem
cert-keypair-pwd:	cert/key/ICVSBContent.pwd
load-verify-scheme:	0
crypto-type:	0
aes-ce-id:	0
aes-enc-key:	cert/key/KCEICV.txt
images-table:	cert/Images.txt
nvcounter-val:	1
cert-pkg:	cert/ICVSBContent.crt
2024-12-26 10:19:35,159 - **** Creating Content Certificate ****
2024-12-26 10:19:35,164 - **** Certificate file (context) creation has been completed successfully ****
2024-12-26 10:19:37,347 - Content Certificate Generation Utility started (Logging to sb_content_cert.log)
2024-12-26 10:19:37,347 - Parsing config file: cert/cfg/ICVSBContent.cfg
2024-12-26 10:19:37,347 - Parsed config items:
cert-keypair:	cert/key/ICVSBContent.pem
cert-keypair-pwd:	cert/key/ICVSBContent.pwd
load-verify-scheme:	0
crypto-type:	0
aes-ce-id:	0
aes-enc-key:	cert/key/KCEICV.txt
images-table:	cert/Images.txt
nvcounter-val:	1
cert-pkg:	cert/ICVSBContent.crt
2024-12-26 10:19:37,347 - **** Creating Content Certificate ****
2024-12-26 10:19:37,352 - **** Certificate file (context) creation has been completed successfully ****
2024-12-26 10:19:37,621 - Content Certificate Generation Utility started (Logging to sb_content_cert.log)
2024-12-26 10:19:37,621 - Parsing config file: cert/cfg/ICVSBContent.cfg
2024-12-26 10:19:37,622 - Parsed config items:
cert-keypair:	cert/key/ICVSBContent.pem
cert-keypair-pwd:	cert/key/ICVSBContent.pwd
load-verify-scheme:	0
crypto-type:	0
aes-ce-id:	0
aes-enc-key:	cert/key/KCEICV.txt
images-table:	cert/Images.txt
nvcounter-val:	1
cert-pkg:	cert/ICVSBContent.crt
2024-12-26 10:19:37,622 - **** Creating Content Certificate ****
2024-12-26 10:19:37,627 - **** Certificate file (context) creation has been completed successfully ****
2024-12-26 10:19:38,047 - Content Certificate Generation Utility started (Logging to sb_content_cert.log)
2024-12-26 10:19:38,047 - Parsing config file: cert/cfg/ICVSBContent.cfg
2024-12-26 10:19:38,047 - Parsed config items:
cert-keypair:	cert/key/ICVSBContent.pem
cert-keypair-pwd:	cert/key/ICVSBContent.pwd
load-verify-scheme:	0
crypto-type:	0
aes-ce-id:	0
aes-enc-key:	cert/key/KCEICV.txt
images-table:	cert/Images.txt
nvcounter-val:	1
cert-pkg:	cert/ICVSBContent.crt
2024-12-26 10:19:38,047 - **** Creating Content Certificate ****
2024-12-26 10:19:38,053 - **** Certificate file (context) creation has been completed successfully ****
2024-12-26 10:19:38,330 - Content Certificate Generation Utility started (Logging to sb_content_cert.log)
2024-12-26 10:19:38,330 - Parsing config file: cert/cfg/ICVSBContent.cfg
2024-12-26 10:19:38,330 - Parsed config items:
cert-keypair:	cert/key/ICVSBContent.pem
cert-keypair-pwd:	cert/key/ICVSBContent.pwd
load-verify-scheme:	0
crypto-type:	0
aes-ce-id:	0
aes-enc-key:	cert/key/KCEICV.txt
images-table:	cert/Images.txt
nvcounter-val:	1
cert-pkg:	cert/ICVSBContent.crt
2024-12-26 10:19:38,331 - **** Creating Content Certificate ****
2024-12-26 10:19:38,336 - **** Certificate file (context) creation has been completed successfully ****
2024-12-26 10:20:19,057 - Content Certificate Generation Utility started (Logging to sb_content_cert.log)
2024-12-26 10:20:19,057 - Parsing config file: cert/cfg/ICVSBContent.cfg
2024-12-26 10:20:19,057 - Parsed config items:
cert-keypair:	cert/key/ICVSBContent.pem
cert-keypair-pwd:	cert/key/ICVSBContent.pwd
load-verify-scheme:	0
crypto-type:	0
aes-ce-id:	0
aes-enc-key:	cert/key/KCEICV.txt
images-table:	cert/Images.txt
nvcounter-val:	1
cert-pkg:	cert/ICVSBContent.crt
2024-12-26 10:20:19,057 - **** Creating Content Certificate ****
2024-12-26 10:20:19,063 - **** Certificate file (context) creation has been completed successfully ****
2024-12-26 10:20:19,342 - Content Certificate Generation Utility started (Logging to sb_content_cert.log)
2024-12-26 10:20:19,342 - Parsing config file: cert/cfg/ICVSBContent.cfg
2024-12-26 10:20:19,342 - Parsed config items:
cert-keypair:	cert/key/ICVSBContent.pem
cert-keypair-pwd:	cert/key/ICVSBContent.pwd
load-verify-scheme:	0
crypto-type:	0
aes-ce-id:	0
aes-enc-key:	cert/key/KCEICV.txt
images-table:	cert/Images.txt
nvcounter-val:	1
cert-pkg:	cert/ICVSBContent.crt
2024-12-26 10:20:19,343 - **** Creating Content Certificate ****
2024-12-26 10:20:19,348 - **** Certificate file (context) creation has been completed successfully ****
2024-12-26 10:20:19,796 - Content Certificate Generation Utility started (Logging to sb_content_cert.log)
2024-12-26 10:20:19,797 - Parsing config file: cert/cfg/ICVSBContent.cfg
2024-12-26 10:20:19,797 - Parsed config items:
cert-keypair:	cert/key/ICVSBContent.pem
cert-keypair-pwd:	cert/key/ICVSBContent.pwd
load-verify-scheme:	0
crypto-type:	0
aes-ce-id:	0
aes-enc-key:	cert/key/KCEICV.txt
images-table:	cert/Images.txt
nvcounter-val:	1
cert-pkg:	cert/ICVSBContent.crt
2024-12-26 10:20:19,797 - **** Creating Content Certificate ****
2024-12-26 10:20:19,803 - **** Certificate file (context) creation has been completed successfully ****
2024-12-26 10:20:20,080 - Content Certificate Generation Utility started (Logging to sb_content_cert.log)
2024-12-26 10:20:20,080 - Parsing config file: cert/cfg/ICVSBContent.cfg
2024-12-26 10:20:20,081 - Parsed config items:
cert-keypair:	cert/key/ICVSBContent.pem
cert-keypair-pwd:	cert/key/ICVSBContent.pwd
load-verify-scheme:	0
crypto-type:	0
aes-ce-id:	0
aes-enc-key:	cert/key/KCEICV.txt
images-table:	cert/Images.txt
nvcounter-val:	1
cert-pkg:	cert/ICVSBContent.crt
2024-12-26 10:20:20,081 - **** Creating Content Certificate ****
2024-12-26 10:20:20,086 - **** Certificate file (context) creation has been completed successfully ****
2024-12-26 10:20:31,497 - Content Certificate Generation Utility started (Logging to sb_content_cert.log)
2024-12-26 10:20:31,497 - Parsing config file: cert/cfg/ICVSBContent.cfg
2024-12-26 10:20:31,498 - Parsed config items:
cert-keypair:	cert/key/ICVSBContent.pem
cert-keypair-pwd:	cert/key/ICVSBContent.pwd
load-verify-scheme:	0
crypto-type:	0
aes-ce-id:	0
aes-enc-key:	cert/key/KCEICV.txt
images-table:	cert/Images.txt
nvcounter-val:	1
cert-pkg:	cert/ICVSBContent.crt
2024-12-26 10:20:31,498 - **** Creating Content Certificate ****
2024-12-26 10:20:31,503 - **** Certificate file (context) creation has been completed successfully ****
2024-12-26 10:20:31,787 - Content Certificate Generation Utility started (Logging to sb_content_cert.log)
2024-12-26 10:20:31,787 - Parsing config file: cert/cfg/ICVSBContent.cfg
2024-12-26 10:20:31,787 - Parsed config items:
cert-keypair:	cert/key/ICVSBContent.pem
cert-keypair-pwd:	cert/key/ICVSBContent.pwd
load-verify-scheme:	0
crypto-type:	0
aes-ce-id:	0
aes-enc-key:	cert/key/KCEICV.txt
images-table:	cert/Images.txt
nvcounter-val:	1
cert-pkg:	cert/ICVSBContent.crt
2024-12-26 10:20:31,787 - **** Creating Content Certificate ****
2024-12-26 10:20:31,792 - **** Certificate file (context) creation has been completed successfully ****
2024-12-26 10:20:32,247 - Content Certificate Generation Utility started (Logging to sb_content_cert.log)
2024-12-26 10:20:32,248 - Parsing config file: cert/cfg/ICVSBContent.cfg
2024-12-26 10:20:32,248 - Parsed config items:
cert-keypair:	cert/key/ICVSBContent.pem
cert-keypair-pwd:	cert/key/ICVSBContent.pwd
load-verify-scheme:	0
crypto-type:	0
aes-ce-id:	0
aes-enc-key:	cert/key/KCEICV.txt
images-table:	cert/Images.txt
nvcounter-val:	1
cert-pkg:	cert/ICVSBContent.crt
2024-12-26 10:20:32,249 - **** Creating Content Certificate ****
2024-12-26 10:20:32,255 - **** Certificate file (context) creation has been completed successfully ****
2024-12-26 10:20:32,539 - Content Certificate Generation Utility started (Logging to sb_content_cert.log)
2024-12-26 10:20:32,539 - Parsing config file: cert/cfg/ICVSBContent.cfg
2024-12-26 10:20:32,539 - Parsed config items:
cert-keypair:	cert/key/ICVSBContent.pem
cert-keypair-pwd:	cert/key/ICVSBContent.pwd
load-verify-scheme:	0
crypto-type:	0
aes-ce-id:	0
aes-enc-key:	cert/key/KCEICV.txt
images-table:	cert/Images.txt
nvcounter-val:	1
cert-pkg:	cert/ICVSBContent.crt
2024-12-26 10:20:32,540 - **** Creating Content Certificate ****
2024-12-26 10:20:32,545 - **** Certificate file (context) creation has been completed successfully ****
2024-12-26 10:21:31,346 - Content Certificate Generation Utility started (Logging to sb_content_cert.log)
2024-12-26 10:21:31,346 - Parsing config file: cert/cfg/ICVSBContent.cfg
2024-12-26 10:21:31,346 - Parsed config items:
cert-keypair:	cert/key/ICVSBContent.pem
cert-keypair-pwd:	cert/key/ICVSBContent.pwd
load-verify-scheme:	0
crypto-type:	0
aes-ce-id:	0
aes-enc-key:	cert/key/KCEICV.txt
images-table:	cert/Images.txt
nvcounter-val:	1
cert-pkg:	cert/ICVSBContent.crt
2024-12-26 10:21:31,347 - **** Creating Content Certificate ****
2024-12-26 10:21:31,352 - **** Certificate file (context) creation has been completed successfully ****
2024-12-26 10:21:31,620 - Content Certificate Generation Utility started (Logging to sb_content_cert.log)
2024-12-26 10:21:31,620 - Parsing config file: cert/cfg/ICVSBContent.cfg
2024-12-26 10:21:31,620 - Parsed config items:
cert-keypair:	cert/key/ICVSBContent.pem
cert-keypair-pwd:	cert/key/ICVSBContent.pwd
load-verify-scheme:	0
crypto-type:	0
aes-ce-id:	0
aes-enc-key:	cert/key/KCEICV.txt
images-table:	cert/Images.txt
nvcounter-val:	1
cert-pkg:	cert/ICVSBContent.crt
2024-12-26 10:21:31,620 - **** Creating Content Certificate ****
2024-12-26 10:21:31,625 - **** Certificate file (context) creation has been completed successfully ****
2024-12-26 10:21:32,057 - Content Certificate Generation Utility started (Logging to sb_content_cert.log)
2024-12-26 10:21:32,057 - Parsing config file: cert/cfg/ICVSBContent.cfg
2024-12-26 10:21:32,058 - Parsed config items:
cert-keypair:	cert/key/ICVSBContent.pem
cert-keypair-pwd:	cert/key/ICVSBContent.pwd
load-verify-scheme:	0
crypto-type:	0
aes-ce-id:	0
aes-enc-key:	cert/key/KCEICV.txt
images-table:	cert/Images.txt
nvcounter-val:	1
cert-pkg:	cert/ICVSBContent.crt
2024-12-26 10:21:32,058 - **** Creating Content Certificate ****
2024-12-26 10:21:32,064 - **** Certificate file (context) creation has been completed successfully ****
2024-12-26 10:21:32,333 - Content Certificate Generation Utility started (Logging to sb_content_cert.log)
2024-12-26 10:21:32,333 - Parsing config file: cert/cfg/ICVSBContent.cfg
2024-12-26 10:21:32,333 - Parsed config items:
cert-keypair:	cert/key/ICVSBContent.pem
cert-keypair-pwd:	cert/key/ICVSBContent.pwd
load-verify-scheme:	0
crypto-type:	0
aes-ce-id:	0
aes-enc-key:	cert/key/KCEICV.txt
images-table:	cert/Images.txt
nvcounter-val:	1
cert-pkg:	cert/ICVSBContent.crt
2024-12-26 10:21:32,334 - **** Creating Content Certificate ****
2024-12-26 10:21:32,339 - **** Certificate file (context) creation has been completed successfully ****
2024-12-26 10:21:33,617 - Content Certificate Generation Utility started (Logging to sb_content_cert.log)
2024-12-26 10:21:33,617 - Parsing config file: cert/cfg/ICVSBContent.cfg
2024-12-26 10:21:33,617 - Parsed config items:
cert-keypair:	cert/key/ICVSBContent.pem
cert-keypair-pwd:	cert/key/ICVSBContent.pwd
load-verify-scheme:	0
crypto-type:	0
aes-ce-id:	0
aes-enc-key:	cert/key/KCEICV.txt
images-table:	cert/Images.txt
nvcounter-val:	1
cert-pkg:	cert/ICVSBContent.crt
2024-12-26 10:21:33,618 - **** Creating Content Certificate ****
2024-12-26 10:21:33,623 - **** Certificate file (context) creation has been completed successfully ****
2024-12-26 10:21:33,906 - Content Certificate Generation Utility started (Logging to sb_content_cert.log)
2024-12-26 10:21:33,907 - Parsing config file: cert/cfg/ICVSBContent.cfg
2024-12-26 10:21:33,907 - Parsed config items:
cert-keypair:	cert/key/ICVSBContent.pem
cert-keypair-pwd:	cert/key/ICVSBContent.pwd
load-verify-scheme:	0
crypto-type:	0
aes-ce-id:	0
aes-enc-key:	cert/key/KCEICV.txt
images-table:	cert/Images.txt
nvcounter-val:	1
cert-pkg:	cert/ICVSBContent.crt
2024-12-26 10:21:33,907 - **** Creating Content Certificate ****
2024-12-26 10:21:33,912 - **** Certificate file (context) creation has been completed successfully ****
2024-12-26 10:22:09,801 - Content Certificate Generation Utility started (Logging to sb_content_cert.log)
2024-12-26 10:22:09,801 - Parsing config file: cert/cfg/ICVSBContent.cfg
2024-12-26 10:22:09,802 - Parsed config items:
cert-keypair:	cert/key/ICVSBContent.pem
cert-keypair-pwd:	cert/key/ICVSBContent.pwd
load-verify-scheme:	0
crypto-type:	0
aes-ce-id:	0
aes-enc-key:	cert/key/KCEICV.txt
images-table:	cert/Images.txt
nvcounter-val:	1
cert-pkg:	cert/ICVSBContent.crt
2024-12-26 10:22:09,802 - **** Creating Content Certificate ****
2024-12-26 10:22:09,805 - **** Certificate file (context) creation has been completed successfully ****
2024-12-26 10:22:10,046 - Content Certificate Generation Utility started (Logging to sb_content_cert.log)
2024-12-26 10:22:10,046 - Parsing config file: cert/cfg/ICVSBContent.cfg
2024-12-26 10:22:10,046 - Parsed config items:
cert-keypair:	cert/key/ICVSBContent.pem
cert-keypair-pwd:	cert/key/ICVSBContent.pwd
load-verify-scheme:	0
crypto-type:	0
aes-ce-id:	0
aes-enc-key:	cert/key/KCEICV.txt
images-table:	cert/Images.txt
nvcounter-val:	1
cert-pkg:	cert/ICVSBContent.crt
2024-12-26 10:22:10,046 - **** Creating Content Certificate ****
2024-12-26 10:22:10,050 - **** Certificate file (context) creation has been completed successfully ****
2024-12-26 10:22:10,460 - Content Certificate Generation Utility started (Logging to sb_content_cert.log)
2024-12-26 10:22:10,460 - Parsing config file: cert/cfg/ICVSBContent.cfg
2024-12-26 10:22:10,460 - Parsed config items:
cert-keypair:	cert/key/ICVSBContent.pem
cert-keypair-pwd:	cert/key/ICVSBContent.pwd
load-verify-scheme:	0
crypto-type:	0
aes-ce-id:	0
aes-enc-key:	cert/key/KCEICV.txt
images-table:	cert/Images.txt
nvcounter-val:	1
cert-pkg:	cert/ICVSBContent.crt
2024-12-26 10:22:10,460 - **** Creating Content Certificate ****
2024-12-26 10:22:10,465 - **** Certificate file (context) creation has been completed successfully ****
2024-12-26 10:22:10,707 - Content Certificate Generation Utility started (Logging to sb_content_cert.log)
2024-12-26 10:22:10,707 - Parsing config file: cert/cfg/ICVSBContent.cfg
2024-12-26 10:22:10,708 - Parsed config items:
cert-keypair:	cert/key/ICVSBContent.pem
cert-keypair-pwd:	cert/key/ICVSBContent.pwd
load-verify-scheme:	0
crypto-type:	0
aes-ce-id:	0
aes-enc-key:	cert/key/KCEICV.txt
images-table:	cert/Images.txt
nvcounter-val:	1
cert-pkg:	cert/ICVSBContent.crt
2024-12-26 10:22:10,708 - **** Creating Content Certificate ****
2024-12-26 10:22:10,711 - **** Certificate file (context) creation has been completed successfully ****
2024-12-26 10:26:41,928 - Content Certificate Generation Utility started (Logging to sb_content_cert.log)
2024-12-26 10:26:41,928 - Parsing config file: cert/cfg/ICVSBContent.cfg
2024-12-26 10:26:41,928 - Parsed config items:
cert-keypair:	cert/key/ICVSBContent.pem
cert-keypair-pwd:	cert/key/ICVSBContent.pwd
load-verify-scheme:	0
crypto-type:	0
aes-ce-id:	0
aes-enc-key:	cert/key/KCEICV.txt
images-table:	cert/Images.txt
nvcounter-val:	1
cert-pkg:	cert/ICVSBContent.crt
2024-12-26 10:26:41,928 - **** Creating Content Certificate ****
2024-12-26 10:26:41,934 - **** Certificate file (context) creation has been completed successfully ****
2024-12-26 10:26:42,212 - Content Certificate Generation Utility started (Logging to sb_content_cert.log)
2024-12-26 10:26:42,212 - Parsing config file: cert/cfg/ICVSBContent.cfg
2024-12-26 10:26:42,212 - Parsed config items:
cert-keypair:	cert/key/ICVSBContent.pem
cert-keypair-pwd:	cert/key/ICVSBContent.pwd
load-verify-scheme:	0
crypto-type:	0
aes-ce-id:	0
aes-enc-key:	cert/key/KCEICV.txt
images-table:	cert/Images.txt
nvcounter-val:	1
cert-pkg:	cert/ICVSBContent.crt
2024-12-26 10:26:42,212 - **** Creating Content Certificate ****
2024-12-26 10:26:42,217 - **** Certificate file (context) creation has been completed successfully ****
2024-12-26 10:26:42,660 - Content Certificate Generation Utility started (Logging to sb_content_cert.log)
2024-12-26 10:26:42,660 - Parsing config file: cert/cfg/ICVSBContent.cfg
2024-12-26 10:26:42,660 - Parsed config items:
cert-keypair:	cert/key/ICVSBContent.pem
cert-keypair-pwd:	cert/key/ICVSBContent.pwd
load-verify-scheme:	0
crypto-type:	0
aes-ce-id:	0
aes-enc-key:	cert/key/KCEICV.txt
images-table:	cert/Images.txt
nvcounter-val:	1
cert-pkg:	cert/ICVSBContent.crt
2024-12-26 10:26:42,661 - **** Creating Content Certificate ****
2024-12-26 10:26:42,667 - **** Certificate file (context) creation has been completed successfully ****
2024-12-26 10:26:42,948 - Content Certificate Generation Utility started (Logging to sb_content_cert.log)
2024-12-26 10:26:42,948 - Parsing config file: cert/cfg/ICVSBContent.cfg
2024-12-26 10:26:42,948 - Parsed config items:
cert-keypair:	cert/key/ICVSBContent.pem
cert-keypair-pwd:	cert/key/ICVSBContent.pwd
load-verify-scheme:	0
crypto-type:	0
aes-ce-id:	0
aes-enc-key:	cert/key/KCEICV.txt
images-table:	cert/Images.txt
nvcounter-val:	1
cert-pkg:	cert/ICVSBContent.crt
2024-12-26 10:26:42,949 - **** Creating Content Certificate ****
2024-12-26 10:26:42,954 - **** Certificate file (context) creation has been completed successfully ****
2024-12-26 10:26:44,434 - Content Certificate Generation Utility started (Logging to sb_content_cert.log)
2024-12-26 10:26:44,435 - Parsing config file: cert/cfg/ICVSBContent.cfg
2024-12-26 10:26:44,435 - Parsed config items:
cert-keypair:	cert/key/ICVSBContent.pem
cert-keypair-pwd:	cert/key/ICVSBContent.pwd
load-verify-scheme:	0
crypto-type:	0
aes-ce-id:	0
aes-enc-key:	cert/key/KCEICV.txt
images-table:	cert/Images.txt
nvcounter-val:	1
cert-pkg:	cert/ICVSBContent.crt
2024-12-26 10:26:44,435 - **** Creating Content Certificate ****
2024-12-26 10:26:44,440 - **** Certificate file (context) creation has been completed successfully ****
2024-12-26 10:26:44,739 - Content Certificate Generation Utility started (Logging to sb_content_cert.log)
2024-12-26 10:26:44,739 - Parsing config file: cert/cfg/ICVSBContent.cfg
2024-12-26 10:26:44,739 - Parsed config items:
cert-keypair:	cert/key/ICVSBContent.pem
cert-keypair-pwd:	cert/key/ICVSBContent.pwd
load-verify-scheme:	0
crypto-type:	0
aes-ce-id:	0
aes-enc-key:	cert/key/KCEICV.txt
images-table:	cert/Images.txt
nvcounter-val:	1
cert-pkg:	cert/ICVSBContent.crt
2024-12-26 10:26:44,740 - **** Creating Content Certificate ****
2024-12-26 10:26:44,745 - **** Certificate file (context) creation has been completed successfully ****
2024-12-26 10:28:21,111 - Content Certificate Generation Utility started (Logging to sb_content_cert.log)
2024-12-26 10:28:21,111 - Parsing config file: cert/cfg/ICVSBContent.cfg
2024-12-26 10:28:21,111 - Parsed config items:
cert-keypair:	cert/key/ICVSBContent.pem
cert-keypair-pwd:	cert/key/ICVSBContent.pwd
load-verify-scheme:	0
crypto-type:	0
aes-ce-id:	0
aes-enc-key:	cert/key/KCEICV.txt
images-table:	cert/Images.txt
nvcounter-val:	1
cert-pkg:	cert/ICVSBContent.crt
2024-12-26 10:28:21,112 - **** Creating Content Certificate ****
2024-12-26 10:28:21,117 - **** Certificate file (context) creation has been completed successfully ****
2024-12-26 10:28:21,336 - Content Certificate Generation Utility started (Logging to sb_content_cert.log)
2024-12-26 10:28:21,336 - Parsing config file: cert/cfg/ICVSBContent.cfg
2024-12-26 10:28:21,337 - Parsed config items:
cert-keypair:	cert/key/ICVSBContent.pem
cert-keypair-pwd:	cert/key/ICVSBContent.pwd
load-verify-scheme:	0
crypto-type:	0
aes-ce-id:	0
aes-enc-key:	cert/key/KCEICV.txt
images-table:	cert/Images.txt
nvcounter-val:	1
cert-pkg:	cert/ICVSBContent.crt
2024-12-26 10:28:21,337 - **** Creating Content Certificate ****
2024-12-26 10:28:21,340 - **** Certificate file (context) creation has been completed successfully ****
2024-12-26 10:28:21,732 - Content Certificate Generation Utility started (Logging to sb_content_cert.log)
2024-12-26 10:28:21,732 - Parsing config file: cert/cfg/ICVSBContent.cfg
2024-12-26 10:28:21,732 - Parsed config items:
cert-keypair:	cert/key/ICVSBContent.pem
cert-keypair-pwd:	cert/key/ICVSBContent.pwd
load-verify-scheme:	0
crypto-type:	0
aes-ce-id:	0
aes-enc-key:	cert/key/KCEICV.txt
images-table:	cert/Images.txt
nvcounter-val:	1
cert-pkg:	cert/ICVSBContent.crt
2024-12-26 10:28:21,733 - **** Creating Content Certificate ****
2024-12-26 10:28:21,739 - **** Certificate file (context) creation has been completed successfully ****
2024-12-26 10:28:22,009 - Content Certificate Generation Utility started (Logging to sb_content_cert.log)
2024-12-26 10:28:22,009 - Parsing config file: cert/cfg/ICVSBContent.cfg
2024-12-26 10:28:22,009 - Parsed config items:
cert-keypair:	cert/key/ICVSBContent.pem
cert-keypair-pwd:	cert/key/ICVSBContent.pwd
load-verify-scheme:	0
crypto-type:	0
aes-ce-id:	0
aes-enc-key:	cert/key/KCEICV.txt
images-table:	cert/Images.txt
nvcounter-val:	1
cert-pkg:	cert/ICVSBContent.crt
2024-12-26 10:28:22,010 - **** Creating Content Certificate ****
2024-12-26 10:28:22,015 - **** Certificate file (context) creation has been completed successfully ****
2024-12-26 10:28:23,281 - Content Certificate Generation Utility started (Logging to sb_content_cert.log)
2024-12-26 10:28:23,282 - Parsing config file: cert/cfg/ICVSBContent.cfg
2024-12-26 10:28:23,282 - Parsed config items:
cert-keypair:	cert/key/ICVSBContent.pem
cert-keypair-pwd:	cert/key/ICVSBContent.pwd
load-verify-scheme:	0
crypto-type:	0
aes-ce-id:	0
aes-enc-key:	cert/key/KCEICV.txt
images-table:	cert/Images.txt
nvcounter-val:	1
cert-pkg:	cert/ICVSBContent.crt
2024-12-26 10:28:23,282 - **** Creating Content Certificate ****
2024-12-26 10:28:23,287 - **** Certificate file (context) creation has been completed successfully ****
2024-12-26 10:28:23,584 - Content Certificate Generation Utility started (Logging to sb_content_cert.log)
2024-12-26 10:28:23,584 - Parsing config file: cert/cfg/ICVSBContent.cfg
2024-12-26 10:28:23,584 - Parsed config items:
cert-keypair:	cert/key/ICVSBContent.pem
cert-keypair-pwd:	cert/key/ICVSBContent.pwd
load-verify-scheme:	0
crypto-type:	0
aes-ce-id:	0
aes-enc-key:	cert/key/KCEICV.txt
images-table:	cert/Images.txt
nvcounter-val:	1
cert-pkg:	cert/ICVSBContent.crt
2024-12-26 10:28:23,584 - **** Creating Content Certificate ****
2024-12-26 10:28:23,589 - **** Certificate file (context) creation has been completed successfully ****
2024-12-26 10:29:56,344 - Content Certificate Generation Utility started (Logging to sb_content_cert.log)
2024-12-26 10:29:56,344 - Parsing config file: cert/cfg/ICVSBContent.cfg
2024-12-26 10:29:56,344 - Parsed config items:
cert-keypair:	cert/key/ICVSBContent.pem
cert-keypair-pwd:	cert/key/ICVSBContent.pwd
load-verify-scheme:	0
crypto-type:	0
aes-ce-id:	0
aes-enc-key:	cert/key/KCEICV.txt
images-table:	cert/Images.txt
nvcounter-val:	1
cert-pkg:	cert/ICVSBContent.crt
2024-12-26 10:29:56,344 - **** Creating Content Certificate ****
2024-12-26 10:29:56,349 - **** Certificate file (context) creation has been completed successfully ****
2024-12-26 10:29:56,572 - Content Certificate Generation Utility started (Logging to sb_content_cert.log)
2024-12-26 10:29:56,572 - Parsing config file: cert/cfg/ICVSBContent.cfg
2024-12-26 10:29:56,573 - Parsed config items:
cert-keypair:	cert/key/ICVSBContent.pem
cert-keypair-pwd:	cert/key/ICVSBContent.pwd
load-verify-scheme:	0
crypto-type:	0
aes-ce-id:	0
aes-enc-key:	cert/key/KCEICV.txt
images-table:	cert/Images.txt
nvcounter-val:	1
cert-pkg:	cert/ICVSBContent.crt
2024-12-26 10:29:56,573 - **** Creating Content Certificate ****
2024-12-26 10:29:56,576 - **** Certificate file (context) creation has been completed successfully ****
2024-12-26 10:29:56,978 - Content Certificate Generation Utility started (Logging to sb_content_cert.log)
2024-12-26 10:29:56,978 - Parsing config file: cert/cfg/ICVSBContent.cfg
2024-12-26 10:29:56,979 - Parsed config items:
cert-keypair:	cert/key/ICVSBContent.pem
cert-keypair-pwd:	cert/key/ICVSBContent.pwd
load-verify-scheme:	0
crypto-type:	0
aes-ce-id:	0
aes-enc-key:	cert/key/KCEICV.txt
images-table:	cert/Images.txt
nvcounter-val:	1
cert-pkg:	cert/ICVSBContent.crt
2024-12-26 10:29:56,979 - **** Creating Content Certificate ****
2024-12-26 10:29:56,984 - **** Certificate file (context) creation has been completed successfully ****
2024-12-26 10:29:57,205 - Content Certificate Generation Utility started (Logging to sb_content_cert.log)
2024-12-26 10:29:57,205 - Parsing config file: cert/cfg/ICVSBContent.cfg
2024-12-26 10:29:57,206 - Parsed config items:
cert-keypair:	cert/key/ICVSBContent.pem
cert-keypair-pwd:	cert/key/ICVSBContent.pwd
load-verify-scheme:	0
crypto-type:	0
aes-ce-id:	0
aes-enc-key:	cert/key/KCEICV.txt
images-table:	cert/Images.txt
nvcounter-val:	1
cert-pkg:	cert/ICVSBContent.crt
2024-12-26 10:29:57,206 - **** Creating Content Certificate ****
2024-12-26 10:29:57,209 - **** Certificate file (context) creation has been completed successfully ****
2024-12-26 10:29:58,704 - Content Certificate Generation Utility started (Logging to sb_content_cert.log)
2024-12-26 10:29:58,704 - Parsing config file: cert/cfg/ICVSBContent.cfg
2024-12-26 10:29:58,705 - Parsed config items:
cert-keypair:	cert/key/ICVSBContent.pem
cert-keypair-pwd:	cert/key/ICVSBContent.pwd
load-verify-scheme:	0
crypto-type:	0
aes-ce-id:	0
aes-enc-key:	cert/key/KCEICV.txt
images-table:	cert/Images.txt
nvcounter-val:	1
cert-pkg:	cert/ICVSBContent.crt
2024-12-26 10:29:58,705 - **** Creating Content Certificate ****
2024-12-26 10:29:58,710 - **** Certificate file (context) creation has been completed successfully ****
2024-12-26 10:29:59,013 - Content Certificate Generation Utility started (Logging to sb_content_cert.log)
2024-12-26 10:29:59,014 - Parsing config file: cert/cfg/ICVSBContent.cfg
2024-12-26 10:29:59,014 - Parsed config items:
cert-keypair:	cert/key/ICVSBContent.pem
cert-keypair-pwd:	cert/key/ICVSBContent.pwd
load-verify-scheme:	0
crypto-type:	0
aes-ce-id:	0
aes-enc-key:	cert/key/KCEICV.txt
images-table:	cert/Images.txt
nvcounter-val:	1
cert-pkg:	cert/ICVSBContent.crt
2024-12-26 10:29:59,014 - **** Creating Content Certificate ****
2024-12-26 10:29:59,019 - **** Certificate file (context) creation has been completed successfully ****
2024-12-26 10:31:29,597 - Content Certificate Generation Utility started (Logging to sb_content_cert.log)
2024-12-26 10:31:29,597 - Parsing config file: cert/cfg/ICVSBContent.cfg
2024-12-26 10:31:29,597 - Parsed config items:
cert-keypair:	cert/key/ICVSBContent.pem
cert-keypair-pwd:	cert/key/ICVSBContent.pwd
load-verify-scheme:	0
crypto-type:	0
aes-ce-id:	0
aes-enc-key:	cert/key/KCEICV.txt
images-table:	cert/Images.txt
nvcounter-val:	1
cert-pkg:	cert/ICVSBContent.crt
2024-12-26 10:31:29,597 - **** Creating Content Certificate ****
2024-12-26 10:31:29,601 - **** Certificate file (context) creation has been completed successfully ****
2024-12-26 10:31:29,845 - Content Certificate Generation Utility started (Logging to sb_content_cert.log)
2024-12-26 10:31:29,845 - Parsing config file: cert/cfg/ICVSBContent.cfg
2024-12-26 10:31:29,845 - Parsed config items:
cert-keypair:	cert/key/ICVSBContent.pem
cert-keypair-pwd:	cert/key/ICVSBContent.pwd
load-verify-scheme:	0
crypto-type:	0
aes-ce-id:	0
aes-enc-key:	cert/key/KCEICV.txt
images-table:	cert/Images.txt
nvcounter-val:	1
cert-pkg:	cert/ICVSBContent.crt
2024-12-26 10:31:29,845 - **** Creating Content Certificate ****
2024-12-26 10:31:29,850 - **** Certificate file (context) creation has been completed successfully ****
2024-12-26 10:31:30,237 - Content Certificate Generation Utility started (Logging to sb_content_cert.log)
2024-12-26 10:31:30,238 - Parsing config file: cert/cfg/ICVSBContent.cfg
2024-12-26 10:31:30,238 - Parsed config items:
cert-keypair:	cert/key/ICVSBContent.pem
cert-keypair-pwd:	cert/key/ICVSBContent.pwd
load-verify-scheme:	0
crypto-type:	0
aes-ce-id:	0
aes-enc-key:	cert/key/KCEICV.txt
images-table:	cert/Images.txt
nvcounter-val:	1
cert-pkg:	cert/ICVSBContent.crt
2024-12-26 10:31:30,238 - **** Creating Content Certificate ****
2024-12-26 10:31:30,244 - **** Certificate file (context) creation has been completed successfully ****
2024-12-26 10:31:30,493 - Content Certificate Generation Utility started (Logging to sb_content_cert.log)
2024-12-26 10:31:30,493 - Parsing config file: cert/cfg/ICVSBContent.cfg
2024-12-26 10:31:30,494 - Parsed config items:
cert-keypair:	cert/key/ICVSBContent.pem
cert-keypair-pwd:	cert/key/ICVSBContent.pwd
load-verify-scheme:	0
crypto-type:	0
aes-ce-id:	0
aes-enc-key:	cert/key/KCEICV.txt
images-table:	cert/Images.txt
nvcounter-val:	1
cert-pkg:	cert/ICVSBContent.crt
2024-12-26 10:31:30,494 - **** Creating Content Certificate ****
2024-12-26 10:31:30,499 - **** Certificate file (context) creation has been completed successfully ****
2024-12-26 10:31:31,975 - Content Certificate Generation Utility started (Logging to sb_content_cert.log)
2024-12-26 10:31:31,975 - Parsing config file: cert/cfg/ICVSBContent.cfg
2024-12-26 10:31:31,976 - Parsed config items:
cert-keypair:	cert/key/ICVSBContent.pem
cert-keypair-pwd:	cert/key/ICVSBContent.pwd
load-verify-scheme:	0
crypto-type:	0
aes-ce-id:	0
aes-enc-key:	cert/key/KCEICV.txt
images-table:	cert/Images.txt
nvcounter-val:	1
cert-pkg:	cert/ICVSBContent.crt
2024-12-26 10:31:31,976 - **** Creating Content Certificate ****
2024-12-26 10:31:31,981 - **** Certificate file (context) creation has been completed successfully ****
2024-12-26 10:31:32,260 - Content Certificate Generation Utility started (Logging to sb_content_cert.log)
2024-12-26 10:31:32,260 - Parsing config file: cert/cfg/ICVSBContent.cfg
2024-12-26 10:31:32,261 - Parsed config items:
cert-keypair:	cert/key/ICVSBContent.pem
cert-keypair-pwd:	cert/key/ICVSBContent.pwd
load-verify-scheme:	0
crypto-type:	0
aes-ce-id:	0
aes-enc-key:	cert/key/KCEICV.txt
images-table:	cert/Images.txt
nvcounter-val:	1
cert-pkg:	cert/ICVSBContent.crt
2024-12-26 10:31:32,261 - **** Creating Content Certificate ****
2024-12-26 10:31:32,266 - **** Certificate file (context) creation has been completed successfully ****
2024-12-26 10:32:40,006 - Content Certificate Generation Utility started (Logging to sb_content_cert.log)
2024-12-26 10:32:40,006 - Parsing config file: cert/cfg/ICVSBContent.cfg
2024-12-26 10:32:40,007 - Parsed config items:
cert-keypair:	cert/key/ICVSBContent.pem
cert-keypair-pwd:	cert/key/ICVSBContent.pwd
load-verify-scheme:	0
crypto-type:	0
aes-ce-id:	0
aes-enc-key:	cert/key/KCEICV.txt
images-table:	cert/Images.txt
nvcounter-val:	1
cert-pkg:	cert/ICVSBContent.crt
2024-12-26 10:32:40,007 - **** Creating Content Certificate ****
2024-12-26 10:32:40,012 - **** Certificate file (context) creation has been completed successfully ****
2024-12-26 10:32:40,231 - Content Certificate Generation Utility started (Logging to sb_content_cert.log)
2024-12-26 10:32:40,231 - Parsing config file: cert/cfg/ICVSBContent.cfg
2024-12-26 10:32:40,231 - Parsed config items:
cert-keypair:	cert/key/ICVSBContent.pem
cert-keypair-pwd:	cert/key/ICVSBContent.pwd
load-verify-scheme:	0
crypto-type:	0
aes-ce-id:	0
aes-enc-key:	cert/key/KCEICV.txt
images-table:	cert/Images.txt
nvcounter-val:	1
cert-pkg:	cert/ICVSBContent.crt
2024-12-26 10:32:40,231 - **** Creating Content Certificate ****
2024-12-26 10:32:40,235 - **** Certificate file (context) creation has been completed successfully ****
2024-12-26 10:32:40,608 - Content Certificate Generation Utility started (Logging to sb_content_cert.log)
2024-12-26 10:32:40,608 - Parsing config file: cert/cfg/ICVSBContent.cfg
2024-12-26 10:32:40,608 - Parsed config items:
cert-keypair:	cert/key/ICVSBContent.pem
cert-keypair-pwd:	cert/key/ICVSBContent.pwd
load-verify-scheme:	0
crypto-type:	0
aes-ce-id:	0
aes-enc-key:	cert/key/KCEICV.txt
images-table:	cert/Images.txt
nvcounter-val:	1
cert-pkg:	cert/ICVSBContent.crt
2024-12-26 10:32:40,608 - **** Creating Content Certificate ****
2024-12-26 10:32:40,612 - **** Certificate file (context) creation has been completed successfully ****
2024-12-26 10:32:40,834 - Content Certificate Generation Utility started (Logging to sb_content_cert.log)
2024-12-26 10:32:40,834 - Parsing config file: cert/cfg/ICVSBContent.cfg
2024-12-26 10:32:40,834 - Parsed config items:
cert-keypair:	cert/key/ICVSBContent.pem
cert-keypair-pwd:	cert/key/ICVSBContent.pwd
load-verify-scheme:	0
crypto-type:	0
aes-ce-id:	0
aes-enc-key:	cert/key/KCEICV.txt
images-table:	cert/Images.txt
nvcounter-val:	1
cert-pkg:	cert/ICVSBContent.crt
2024-12-26 10:32:40,834 - **** Creating Content Certificate ****
2024-12-26 10:32:40,838 - **** Certificate file (context) creation has been completed successfully ****
2024-12-26 10:32:41,934 - Content Certificate Generation Utility started (Logging to sb_content_cert.log)
2024-12-26 10:32:41,934 - Parsing config file: cert/cfg/ICVSBContent.cfg
2024-12-26 10:32:41,934 - Parsed config items:
cert-keypair:	cert/key/ICVSBContent.pem
cert-keypair-pwd:	cert/key/ICVSBContent.pwd
load-verify-scheme:	0
crypto-type:	0
aes-ce-id:	0
aes-enc-key:	cert/key/KCEICV.txt
images-table:	cert/Images.txt
nvcounter-val:	1
cert-pkg:	cert/ICVSBContent.crt
2024-12-26 10:32:41,934 - **** Creating Content Certificate ****
2024-12-26 10:32:41,939 - **** Certificate file (context) creation has been completed successfully ****
2024-12-26 10:32:42,187 - Content Certificate Generation Utility started (Logging to sb_content_cert.log)
2024-12-26 10:32:42,187 - Parsing config file: cert/cfg/ICVSBContent.cfg
2024-12-26 10:32:42,187 - Parsed config items:
cert-keypair:	cert/key/ICVSBContent.pem
cert-keypair-pwd:	cert/key/ICVSBContent.pwd
load-verify-scheme:	0
crypto-type:	0
aes-ce-id:	0
aes-enc-key:	cert/key/KCEICV.txt
images-table:	cert/Images.txt
nvcounter-val:	1
cert-pkg:	cert/ICVSBContent.crt
2024-12-26 10:32:42,188 - **** Creating Content Certificate ****
2024-12-26 10:32:42,191 - **** Certificate file (context) creation has been completed successfully ****
2024-12-27 02:31:35,637 - Content Certificate Generation Utility started (Logging to sb_content_cert.log)
2024-12-27 02:31:35,637 - Parsing config file: cert/cfg/ICVSBContent.cfg
2024-12-27 02:31:35,637 - Parsed config items:
cert-keypair:	cert/key/ICVSBContent.pem
cert-keypair-pwd:	cert/key/ICVSBContent.pwd
load-verify-scheme:	0
crypto-type:	0
aes-ce-id:	0
aes-enc-key:	cert/key/KCEICV.txt
images-table:	cert/Images.txt
nvcounter-val:	1
cert-pkg:	cert/ICVSBContent.crt
2024-12-27 02:31:35,638 - **** Creating Content Certificate ****
2024-12-27 02:31:35,643 - **** Certificate file (context) creation has been completed successfully ****
2024-12-27 02:31:35,923 - Content Certificate Generation Utility started (Logging to sb_content_cert.log)
2024-12-27 02:31:35,923 - Parsing config file: cert/cfg/ICVSBContent.cfg
2024-12-27 02:31:35,923 - Parsed config items:
cert-keypair:	cert/key/ICVSBContent.pem
cert-keypair-pwd:	cert/key/ICVSBContent.pwd
load-verify-scheme:	0
crypto-type:	0
aes-ce-id:	0
aes-enc-key:	cert/key/KCEICV.txt
images-table:	cert/Images.txt
nvcounter-val:	1
cert-pkg:	cert/ICVSBContent.crt
2024-12-27 02:31:35,924 - **** Creating Content Certificate ****
2024-12-27 02:31:35,929 - **** Certificate file (context) creation has been completed successfully ****
2024-12-27 02:31:36,380 - Content Certificate Generation Utility started (Logging to sb_content_cert.log)
2024-12-27 02:31:36,380 - Parsing config file: cert/cfg/ICVSBContent.cfg
2024-12-27 02:31:36,380 - Parsed config items:
cert-keypair:	cert/key/ICVSBContent.pem
cert-keypair-pwd:	cert/key/ICVSBContent.pwd
load-verify-scheme:	0
crypto-type:	0
aes-ce-id:	0
aes-enc-key:	cert/key/KCEICV.txt
images-table:	cert/Images.txt
nvcounter-val:	1
cert-pkg:	cert/ICVSBContent.crt
2024-12-27 02:31:36,381 - **** Creating Content Certificate ****
2024-12-27 02:31:36,387 - **** Certificate file (context) creation has been completed successfully ****
2024-12-27 02:31:36,674 - Content Certificate Generation Utility started (Logging to sb_content_cert.log)
2024-12-27 02:31:36,674 - Parsing config file: cert/cfg/ICVSBContent.cfg
2024-12-27 02:31:36,675 - Parsed config items:
cert-keypair:	cert/key/ICVSBContent.pem
cert-keypair-pwd:	cert/key/ICVSBContent.pwd
load-verify-scheme:	0
crypto-type:	0
aes-ce-id:	0
aes-enc-key:	cert/key/KCEICV.txt
images-table:	cert/Images.txt
nvcounter-val:	1
cert-pkg:	cert/ICVSBContent.crt
2024-12-27 02:31:36,675 - **** Creating Content Certificate ****
2024-12-27 02:31:36,680 - **** Certificate file (context) creation has been completed successfully ****
2024-12-27 02:31:38,280 - Content Certificate Generation Utility started (Logging to sb_content_cert.log)
2024-12-27 02:31:38,280 - Parsing config file: cert/cfg/ICVSBContent.cfg
2024-12-27 02:31:38,280 - Parsed config items:
cert-keypair:	cert/key/ICVSBContent.pem
cert-keypair-pwd:	cert/key/ICVSBContent.pwd
load-verify-scheme:	0
crypto-type:	0
aes-ce-id:	0
aes-enc-key:	cert/key/KCEICV.txt
images-table:	cert/Images.txt
nvcounter-val:	1
cert-pkg:	cert/ICVSBContent.crt
2024-12-27 02:31:38,281 - **** Creating Content Certificate ****
2024-12-27 02:31:38,286 - **** Certificate file (context) creation has been completed successfully ****
2024-12-27 02:31:38,588 - Content Certificate Generation Utility started (Logging to sb_content_cert.log)
2024-12-27 02:31:38,588 - Parsing config file: cert/cfg/ICVSBContent.cfg
2024-12-27 02:31:38,588 - Parsed config items:
cert-keypair:	cert/key/ICVSBContent.pem
cert-keypair-pwd:	cert/key/ICVSBContent.pwd
load-verify-scheme:	0
crypto-type:	0
aes-ce-id:	0
aes-enc-key:	cert/key/KCEICV.txt
images-table:	cert/Images.txt
nvcounter-val:	1
cert-pkg:	cert/ICVSBContent.crt
2024-12-27 02:31:38,588 - **** Creating Content Certificate ****
2024-12-27 02:31:38,593 - **** Certificate file (context) creation has been completed successfully ****
2024-12-27 02:43:39,774 - Content Certificate Generation Utility started (Logging to sb_content_cert.log)
2024-12-27 02:43:39,774 - Parsing config file: cert/cfg/ICVSBContent.cfg
2024-12-27 02:43:39,775 - Parsed config items:
cert-keypair:	cert/key/ICVSBContent.pem
cert-keypair-pwd:	cert/key/ICVSBContent.pwd
load-verify-scheme:	0
crypto-type:	0
aes-ce-id:	0
aes-enc-key:	cert/key/KCEICV.txt
images-table:	cert/Images.txt
nvcounter-val:	1
cert-pkg:	cert/ICVSBContent.crt
2024-12-27 02:43:39,775 - **** Creating Content Certificate ****
2024-12-27 02:43:39,780 - **** Certificate file (context) creation has been completed successfully ****
2024-12-27 02:43:40,065 - Content Certificate Generation Utility started (Logging to sb_content_cert.log)
2024-12-27 02:43:40,065 - Parsing config file: cert/cfg/ICVSBContent.cfg
2024-12-27 02:43:40,065 - Parsed config items:
cert-keypair:	cert/key/ICVSBContent.pem
cert-keypair-pwd:	cert/key/ICVSBContent.pwd
load-verify-scheme:	0
crypto-type:	0
aes-ce-id:	0
aes-enc-key:	cert/key/KCEICV.txt
images-table:	cert/Images.txt
nvcounter-val:	1
cert-pkg:	cert/ICVSBContent.crt
2024-12-27 02:43:40,066 - **** Creating Content Certificate ****
2024-12-27 02:43:40,071 - **** Certificate file (context) creation has been completed successfully ****
2024-12-27 02:43:40,531 - Content Certificate Generation Utility started (Logging to sb_content_cert.log)
2024-12-27 02:43:40,531 - Parsing config file: cert/cfg/ICVSBContent.cfg
2024-12-27 02:43:40,532 - Parsed config items:
cert-keypair:	cert/key/ICVSBContent.pem
cert-keypair-pwd:	cert/key/ICVSBContent.pwd
load-verify-scheme:	0
crypto-type:	0
aes-ce-id:	0
aes-enc-key:	cert/key/KCEICV.txt
images-table:	cert/Images.txt
nvcounter-val:	1
cert-pkg:	cert/ICVSBContent.crt
2024-12-27 02:43:40,532 - **** Creating Content Certificate ****
2024-12-27 02:43:40,538 - **** Certificate file (context) creation has been completed successfully ****
2024-12-27 02:43:40,823 - Content Certificate Generation Utility started (Logging to sb_content_cert.log)
2024-12-27 02:43:40,823 - Parsing config file: cert/cfg/ICVSBContent.cfg
2024-12-27 02:43:40,824 - Parsed config items:
cert-keypair:	cert/key/ICVSBContent.pem
cert-keypair-pwd:	cert/key/ICVSBContent.pwd
load-verify-scheme:	0
crypto-type:	0
aes-ce-id:	0
aes-enc-key:	cert/key/KCEICV.txt
images-table:	cert/Images.txt
nvcounter-val:	1
cert-pkg:	cert/ICVSBContent.crt
2024-12-27 02:43:40,824 - **** Creating Content Certificate ****
2024-12-27 02:43:40,829 - **** Certificate file (context) creation has been completed successfully ****
2024-12-27 02:43:42,430 - Content Certificate Generation Utility started (Logging to sb_content_cert.log)
2024-12-27 02:43:42,430 - Parsing config file: cert/cfg/ICVSBContent.cfg
2024-12-27 02:43:42,430 - Parsed config items:
cert-keypair:	cert/key/ICVSBContent.pem
cert-keypair-pwd:	cert/key/ICVSBContent.pwd
load-verify-scheme:	0
crypto-type:	0
aes-ce-id:	0
aes-enc-key:	cert/key/KCEICV.txt
images-table:	cert/Images.txt
nvcounter-val:	1
cert-pkg:	cert/ICVSBContent.crt
2024-12-27 02:43:42,431 - **** Creating Content Certificate ****
2024-12-27 02:43:42,436 - **** Certificate file (context) creation has been completed successfully ****
2024-12-27 02:43:42,735 - Content Certificate Generation Utility started (Logging to sb_content_cert.log)
2024-12-27 02:43:42,735 - Parsing config file: cert/cfg/ICVSBContent.cfg
2024-12-27 02:43:42,735 - Parsed config items:
cert-keypair:	cert/key/ICVSBContent.pem
cert-keypair-pwd:	cert/key/ICVSBContent.pwd
load-verify-scheme:	0
crypto-type:	0
aes-ce-id:	0
aes-enc-key:	cert/key/KCEICV.txt
images-table:	cert/Images.txt
nvcounter-val:	1
cert-pkg:	cert/ICVSBContent.crt
2024-12-27 02:43:42,736 - **** Creating Content Certificate ****
2024-12-27 02:43:42,740 - **** Certificate file (context) creation has been completed successfully ****
2024-12-27 02:52:50,817 - Content Certificate Generation Utility started (Logging to sb_content_cert.log)
2024-12-27 02:52:50,818 - Parsing config file: cert/cfg/ICVSBContent.cfg
2024-12-27 02:52:50,818 - Parsed config items:
cert-keypair:	cert/key/ICVSBContent.pem
cert-keypair-pwd:	cert/key/ICVSBContent.pwd
load-verify-scheme:	0
crypto-type:	0
aes-ce-id:	0
aes-enc-key:	cert/key/KCEICV.txt
images-table:	cert/Images.txt
nvcounter-val:	1
cert-pkg:	cert/ICVSBContent.crt
2024-12-27 02:52:50,818 - **** Creating Content Certificate ****
2024-12-27 02:52:50,823 - **** Certificate file (context) creation has been completed successfully ****
2024-12-27 02:52:51,103 - Content Certificate Generation Utility started (Logging to sb_content_cert.log)
2024-12-27 02:52:51,104 - Parsing config file: cert/cfg/ICVSBContent.cfg
2024-12-27 02:52:51,104 - Parsed config items:
cert-keypair:	cert/key/ICVSBContent.pem
cert-keypair-pwd:	cert/key/ICVSBContent.pwd
load-verify-scheme:	0
crypto-type:	0
aes-ce-id:	0
aes-enc-key:	cert/key/KCEICV.txt
images-table:	cert/Images.txt
nvcounter-val:	1
cert-pkg:	cert/ICVSBContent.crt
2024-12-27 02:52:51,104 - **** Creating Content Certificate ****
2024-12-27 02:52:51,109 - **** Certificate file (context) creation has been completed successfully ****
2024-12-27 02:52:51,567 - Content Certificate Generation Utility started (Logging to sb_content_cert.log)
2024-12-27 02:52:51,568 - Parsing config file: cert/cfg/ICVSBContent.cfg
2024-12-27 02:52:51,568 - Parsed config items:
cert-keypair:	cert/key/ICVSBContent.pem
cert-keypair-pwd:	cert/key/ICVSBContent.pwd
load-verify-scheme:	0
crypto-type:	0
aes-ce-id:	0
aes-enc-key:	cert/key/KCEICV.txt
images-table:	cert/Images.txt
nvcounter-val:	1
cert-pkg:	cert/ICVSBContent.crt
2024-12-27 02:52:51,568 - **** Creating Content Certificate ****
2024-12-27 02:52:51,574 - **** Certificate file (context) creation has been completed successfully ****
2024-12-27 02:52:51,855 - Content Certificate Generation Utility started (Logging to sb_content_cert.log)
2024-12-27 02:52:51,856 - Parsing config file: cert/cfg/ICVSBContent.cfg
2024-12-27 02:52:51,856 - Parsed config items:
cert-keypair:	cert/key/ICVSBContent.pem
cert-keypair-pwd:	cert/key/ICVSBContent.pwd
load-verify-scheme:	0
crypto-type:	0
aes-ce-id:	0
aes-enc-key:	cert/key/KCEICV.txt
images-table:	cert/Images.txt
nvcounter-val:	1
cert-pkg:	cert/ICVSBContent.crt
2024-12-27 02:52:51,856 - **** Creating Content Certificate ****
2024-12-27 02:52:51,861 - **** Certificate file (context) creation has been completed successfully ****
2024-12-27 02:52:53,456 - Content Certificate Generation Utility started (Logging to sb_content_cert.log)
2024-12-27 02:52:53,456 - Parsing config file: cert/cfg/ICVSBContent.cfg
2024-12-27 02:52:53,456 - Parsed config items:
cert-keypair:	cert/key/ICVSBContent.pem
cert-keypair-pwd:	cert/key/ICVSBContent.pwd
load-verify-scheme:	0
crypto-type:	0
aes-ce-id:	0
aes-enc-key:	cert/key/KCEICV.txt
images-table:	cert/Images.txt
nvcounter-val:	1
cert-pkg:	cert/ICVSBContent.crt
2024-12-27 02:52:53,457 - **** Creating Content Certificate ****
2024-12-27 02:52:53,462 - **** Certificate file (context) creation has been completed successfully ****
2024-12-27 02:52:53,762 - Content Certificate Generation Utility started (Logging to sb_content_cert.log)
2024-12-27 02:52:53,762 - Parsing config file: cert/cfg/ICVSBContent.cfg
2024-12-27 02:52:53,762 - Parsed config items:
cert-keypair:	cert/key/ICVSBContent.pem
cert-keypair-pwd:	cert/key/ICVSBContent.pwd
load-verify-scheme:	0
crypto-type:	0
aes-ce-id:	0
aes-enc-key:	cert/key/KCEICV.txt
images-table:	cert/Images.txt
nvcounter-val:	1
cert-pkg:	cert/ICVSBContent.crt
2024-12-27 02:52:53,762 - **** Creating Content Certificate ****
2024-12-27 02:52:53,767 - **** Certificate file (context) creation has been completed successfully ****
2024-12-27 03:18:12,288 - Content Certificate Generation Utility started (Logging to sb_content_cert.log)
2024-12-27 03:18:12,288 - Parsing config file: cert/cfg/ICVSBContent.cfg
2024-12-27 03:18:12,288 - Parsed config items:
cert-keypair:	cert/key/ICVSBContent.pem
cert-keypair-pwd:	cert/key/ICVSBContent.pwd
load-verify-scheme:	0
crypto-type:	0
aes-ce-id:	0
aes-enc-key:	cert/key/KCEICV.txt
images-table:	cert/Images.txt
nvcounter-val:	1
cert-pkg:	cert/ICVSBContent.crt
2024-12-27 03:18:12,288 - **** Creating Content Certificate ****
2024-12-27 03:18:12,294 - **** Certificate file (context) creation has been completed successfully ****
2024-12-27 03:18:12,557 - Content Certificate Generation Utility started (Logging to sb_content_cert.log)
2024-12-27 03:18:12,557 - Parsing config file: cert/cfg/ICVSBContent.cfg
2024-12-27 03:18:12,557 - Parsed config items:
cert-keypair:	cert/key/ICVSBContent.pem
cert-keypair-pwd:	cert/key/ICVSBContent.pwd
load-verify-scheme:	0
crypto-type:	0
aes-ce-id:	0
aes-enc-key:	cert/key/KCEICV.txt
images-table:	cert/Images.txt
nvcounter-val:	1
cert-pkg:	cert/ICVSBContent.crt
2024-12-27 03:18:12,558 - **** Creating Content Certificate ****
2024-12-27 03:18:12,563 - **** Certificate file (context) creation has been completed successfully ****
2024-12-27 03:18:13,021 - Content Certificate Generation Utility started (Logging to sb_content_cert.log)
2024-12-27 03:18:13,021 - Parsing config file: cert/cfg/ICVSBContent.cfg
2024-12-27 03:18:13,021 - Parsed config items:
cert-keypair:	cert/key/ICVSBContent.pem
cert-keypair-pwd:	cert/key/ICVSBContent.pwd
load-verify-scheme:	0
crypto-type:	0
aes-ce-id:	0
aes-enc-key:	cert/key/KCEICV.txt
images-table:	cert/Images.txt
nvcounter-val:	1
cert-pkg:	cert/ICVSBContent.crt
2024-12-27 03:18:13,022 - **** Creating Content Certificate ****
2024-12-27 03:18:13,028 - **** Certificate file (context) creation has been completed successfully ****
2024-12-27 03:18:13,310 - Content Certificate Generation Utility started (Logging to sb_content_cert.log)
2024-12-27 03:18:13,311 - Parsing config file: cert/cfg/ICVSBContent.cfg
2024-12-27 03:18:13,311 - Parsed config items:
cert-keypair:	cert/key/ICVSBContent.pem
cert-keypair-pwd:	cert/key/ICVSBContent.pwd
load-verify-scheme:	0
crypto-type:	0
aes-ce-id:	0
aes-enc-key:	cert/key/KCEICV.txt
images-table:	cert/Images.txt
nvcounter-val:	1
cert-pkg:	cert/ICVSBContent.crt
2024-12-27 03:18:13,311 - **** Creating Content Certificate ****
2024-12-27 03:18:13,317 - **** Certificate file (context) creation has been completed successfully ****
2024-12-27 03:18:14,916 - Content Certificate Generation Utility started (Logging to sb_content_cert.log)
2024-12-27 03:18:14,916 - Parsing config file: cert/cfg/ICVSBContent.cfg
2024-12-27 03:18:14,917 - Parsed config items:
cert-keypair:	cert/key/ICVSBContent.pem
cert-keypair-pwd:	cert/key/ICVSBContent.pwd
load-verify-scheme:	0
crypto-type:	0
aes-ce-id:	0
aes-enc-key:	cert/key/KCEICV.txt
images-table:	cert/Images.txt
nvcounter-val:	1
cert-pkg:	cert/ICVSBContent.crt
2024-12-27 03:18:14,917 - **** Creating Content Certificate ****
2024-12-27 03:18:14,922 - **** Certificate file (context) creation has been completed successfully ****
2024-12-27 03:18:15,217 - Content Certificate Generation Utility started (Logging to sb_content_cert.log)
2024-12-27 03:18:15,217 - Parsing config file: cert/cfg/ICVSBContent.cfg
2024-12-27 03:18:15,217 - Parsed config items:
cert-keypair:	cert/key/ICVSBContent.pem
cert-keypair-pwd:	cert/key/ICVSBContent.pwd
load-verify-scheme:	0
crypto-type:	0
aes-ce-id:	0
aes-enc-key:	cert/key/KCEICV.txt
images-table:	cert/Images.txt
nvcounter-val:	1
cert-pkg:	cert/ICVSBContent.crt
2024-12-27 03:18:15,217 - **** Creating Content Certificate ****
2024-12-27 03:18:15,222 - **** Certificate file (context) creation has been completed successfully ****
2024-12-27 03:24:09,194 - Content Certificate Generation Utility started (Logging to sb_content_cert.log)
2024-12-27 03:24:09,194 - Parsing config file: cert/cfg/ICVSBContent.cfg
2024-12-27 03:24:09,195 - Parsed config items:
cert-keypair:	cert/key/ICVSBContent.pem
cert-keypair-pwd:	cert/key/ICVSBContent.pwd
load-verify-scheme:	0
crypto-type:	0
aes-ce-id:	0
aes-enc-key:	cert/key/KCEICV.txt
images-table:	cert/Images.txt
nvcounter-val:	1
cert-pkg:	cert/ICVSBContent.crt
2024-12-27 03:24:09,195 - **** Creating Content Certificate ****
2024-12-27 03:24:09,200 - **** Certificate file (context) creation has been completed successfully ****
2024-12-27 03:24:09,466 - Content Certificate Generation Utility started (Logging to sb_content_cert.log)
2024-12-27 03:24:09,466 - Parsing config file: cert/cfg/ICVSBContent.cfg
2024-12-27 03:24:09,466 - Parsed config items:
cert-keypair:	cert/key/ICVSBContent.pem
cert-keypair-pwd:	cert/key/ICVSBContent.pwd
load-verify-scheme:	0
crypto-type:	0
aes-ce-id:	0
aes-enc-key:	cert/key/KCEICV.txt
images-table:	cert/Images.txt
nvcounter-val:	1
cert-pkg:	cert/ICVSBContent.crt
2024-12-27 03:24:09,466 - **** Creating Content Certificate ****
2024-12-27 03:24:09,471 - **** Certificate file (context) creation has been completed successfully ****
2024-12-27 03:24:09,895 - Content Certificate Generation Utility started (Logging to sb_content_cert.log)
2024-12-27 03:24:09,896 - Parsing config file: cert/cfg/ICVSBContent.cfg
2024-12-27 03:24:09,896 - Parsed config items:
cert-keypair:	cert/key/ICVSBContent.pem
cert-keypair-pwd:	cert/key/ICVSBContent.pwd
load-verify-scheme:	0
crypto-type:	0
aes-ce-id:	0
aes-enc-key:	cert/key/KCEICV.txt
images-table:	cert/Images.txt
nvcounter-val:	1
cert-pkg:	cert/ICVSBContent.crt
2024-12-27 03:24:09,896 - **** Creating Content Certificate ****
2024-12-27 03:24:09,902 - **** Certificate file (context) creation has been completed successfully ****
2024-12-27 03:24:10,166 - Content Certificate Generation Utility started (Logging to sb_content_cert.log)
2024-12-27 03:24:10,166 - Parsing config file: cert/cfg/ICVSBContent.cfg
2024-12-27 03:24:10,166 - Parsed config items:
cert-keypair:	cert/key/ICVSBContent.pem
cert-keypair-pwd:	cert/key/ICVSBContent.pwd
load-verify-scheme:	0
crypto-type:	0
aes-ce-id:	0
aes-enc-key:	cert/key/KCEICV.txt
images-table:	cert/Images.txt
nvcounter-val:	1
cert-pkg:	cert/ICVSBContent.crt
2024-12-27 03:24:10,166 - **** Creating Content Certificate ****
2024-12-27 03:24:10,171 - **** Certificate file (context) creation has been completed successfully ****
2024-12-27 03:24:11,757 - Content Certificate Generation Utility started (Logging to sb_content_cert.log)
2024-12-27 03:24:11,757 - Parsing config file: cert/cfg/ICVSBContent.cfg
2024-12-27 03:24:11,758 - Parsed config items:
cert-keypair:	cert/key/ICVSBContent.pem
cert-keypair-pwd:	cert/key/ICVSBContent.pwd
load-verify-scheme:	0
crypto-type:	0
aes-ce-id:	0
aes-enc-key:	cert/key/KCEICV.txt
images-table:	cert/Images.txt
nvcounter-val:	1
cert-pkg:	cert/ICVSBContent.crt
2024-12-27 03:24:11,758 - **** Creating Content Certificate ****
2024-12-27 03:24:11,763 - **** Certificate file (context) creation has been completed successfully ****
2024-12-27 03:24:12,055 - Content Certificate Generation Utility started (Logging to sb_content_cert.log)
2024-12-27 03:24:12,055 - Parsing config file: cert/cfg/ICVSBContent.cfg
2024-12-27 03:24:12,056 - Parsed config items:
cert-keypair:	cert/key/ICVSBContent.pem
cert-keypair-pwd:	cert/key/ICVSBContent.pwd
load-verify-scheme:	0
crypto-type:	0
aes-ce-id:	0
aes-enc-key:	cert/key/KCEICV.txt
images-table:	cert/Images.txt
nvcounter-val:	1
cert-pkg:	cert/ICVSBContent.crt
2024-12-27 03:24:12,056 - **** Creating Content Certificate ****
2024-12-27 03:24:12,061 - **** Certificate file (context) creation has been completed successfully ****
2024-12-27 03:26:30,505 - Content Certificate Generation Utility started (Logging to sb_content_cert.log)
2024-12-27 03:26:30,506 - Parsing config file: cert/cfg/ICVSBContent.cfg
2024-12-27 03:26:30,506 - Parsed config items:
cert-keypair:	cert/key/ICVSBContent.pem
cert-keypair-pwd:	cert/key/ICVSBContent.pwd
load-verify-scheme:	0
crypto-type:	0
aes-ce-id:	0
aes-enc-key:	cert/key/KCEICV.txt
images-table:	cert/Images.txt
nvcounter-val:	1
cert-pkg:	cert/ICVSBContent.crt
2024-12-27 03:26:30,506 - **** Creating Content Certificate ****
2024-12-27 03:26:30,511 - **** Certificate file (context) creation has been completed successfully ****
2024-12-27 03:26:30,793 - Content Certificate Generation Utility started (Logging to sb_content_cert.log)
2024-12-27 03:26:30,793 - Parsing config file: cert/cfg/ICVSBContent.cfg
2024-12-27 03:26:30,794 - Parsed config items:
cert-keypair:	cert/key/ICVSBContent.pem
cert-keypair-pwd:	cert/key/ICVSBContent.pwd
load-verify-scheme:	0
crypto-type:	0
aes-ce-id:	0
aes-enc-key:	cert/key/KCEICV.txt
images-table:	cert/Images.txt
nvcounter-val:	1
cert-pkg:	cert/ICVSBContent.crt
2024-12-27 03:26:30,794 - **** Creating Content Certificate ****
2024-12-27 03:26:30,799 - **** Certificate file (context) creation has been completed successfully ****
2024-12-27 03:26:31,242 - Content Certificate Generation Utility started (Logging to sb_content_cert.log)
2024-12-27 03:26:31,242 - Parsing config file: cert/cfg/ICVSBContent.cfg
2024-12-27 03:26:31,242 - Parsed config items:
cert-keypair:	cert/key/ICVSBContent.pem
cert-keypair-pwd:	cert/key/ICVSBContent.pwd
load-verify-scheme:	0
crypto-type:	0
aes-ce-id:	0
aes-enc-key:	cert/key/KCEICV.txt
images-table:	cert/Images.txt
nvcounter-val:	1
cert-pkg:	cert/ICVSBContent.crt
2024-12-27 03:26:31,243 - **** Creating Content Certificate ****
2024-12-27 03:26:31,249 - **** Certificate file (context) creation has been completed successfully ****
2024-12-27 03:26:31,535 - Content Certificate Generation Utility started (Logging to sb_content_cert.log)
2024-12-27 03:26:31,535 - Parsing config file: cert/cfg/ICVSBContent.cfg
2024-12-27 03:26:31,536 - Parsed config items:
cert-keypair:	cert/key/ICVSBContent.pem
cert-keypair-pwd:	cert/key/ICVSBContent.pwd
load-verify-scheme:	0
crypto-type:	0
aes-ce-id:	0
aes-enc-key:	cert/key/KCEICV.txt
images-table:	cert/Images.txt
nvcounter-val:	1
cert-pkg:	cert/ICVSBContent.crt
2024-12-27 03:26:31,536 - **** Creating Content Certificate ****
2024-12-27 03:26:31,541 - **** Certificate file (context) creation has been completed successfully ****
2024-12-27 03:26:33,174 - Content Certificate Generation Utility started (Logging to sb_content_cert.log)
2024-12-27 03:26:33,174 - Parsing config file: cert/cfg/ICVSBContent.cfg
2024-12-27 03:26:33,175 - Parsed config items:
cert-keypair:	cert/key/ICVSBContent.pem
cert-keypair-pwd:	cert/key/ICVSBContent.pwd
load-verify-scheme:	0
crypto-type:	0
aes-ce-id:	0
aes-enc-key:	cert/key/KCEICV.txt
images-table:	cert/Images.txt
nvcounter-val:	1
cert-pkg:	cert/ICVSBContent.crt
2024-12-27 03:26:33,175 - **** Creating Content Certificate ****
2024-12-27 03:26:33,180 - **** Certificate file (context) creation has been completed successfully ****
2024-12-27 03:26:33,467 - Content Certificate Generation Utility started (Logging to sb_content_cert.log)
2024-12-27 03:26:33,467 - Parsing config file: cert/cfg/ICVSBContent.cfg
2024-12-27 03:26:33,467 - Parsed config items:
cert-keypair:	cert/key/ICVSBContent.pem
cert-keypair-pwd:	cert/key/ICVSBContent.pwd
load-verify-scheme:	0
crypto-type:	0
aes-ce-id:	0
aes-enc-key:	cert/key/KCEICV.txt
images-table:	cert/Images.txt
nvcounter-val:	1
cert-pkg:	cert/ICVSBContent.crt
2024-12-27 03:26:33,467 - **** Creating Content Certificate ****
2024-12-27 03:26:33,473 - **** Certificate file (context) creation has been completed successfully ****
2024-12-27 03:36:07,095 - Content Certificate Generation Utility started (Logging to sb_content_cert.log)
2024-12-27 03:36:07,095 - Parsing config file: cert/cfg/ICVSBContent.cfg
2024-12-27 03:36:07,095 - Parsed config items:
cert-keypair:	cert/key/ICVSBContent.pem
cert-keypair-pwd:	cert/key/ICVSBContent.pwd
load-verify-scheme:	0
crypto-type:	0
aes-ce-id:	0
aes-enc-key:	cert/key/KCEICV.txt
images-table:	cert/Images.txt
nvcounter-val:	1
cert-pkg:	cert/ICVSBContent.crt
2024-12-27 03:36:07,096 - **** Creating Content Certificate ****
2024-12-27 03:36:07,101 - **** Certificate file (context) creation has been completed successfully ****
2024-12-27 03:36:07,382 - Content Certificate Generation Utility started (Logging to sb_content_cert.log)
2024-12-27 03:36:07,382 - Parsing config file: cert/cfg/ICVSBContent.cfg
2024-12-27 03:36:07,383 - Parsed config items:
cert-keypair:	cert/key/ICVSBContent.pem
cert-keypair-pwd:	cert/key/ICVSBContent.pwd
load-verify-scheme:	0
crypto-type:	0
aes-ce-id:	0
aes-enc-key:	cert/key/KCEICV.txt
images-table:	cert/Images.txt
nvcounter-val:	1
cert-pkg:	cert/ICVSBContent.crt
2024-12-27 03:36:07,383 - **** Creating Content Certificate ****
2024-12-27 03:36:07,388 - **** Certificate file (context) creation has been completed successfully ****
2024-12-27 03:36:07,852 - Content Certificate Generation Utility started (Logging to sb_content_cert.log)
2024-12-27 03:36:07,852 - Parsing config file: cert/cfg/ICVSBContent.cfg
2024-12-27 03:36:07,852 - Parsed config items:
cert-keypair:	cert/key/ICVSBContent.pem
cert-keypair-pwd:	cert/key/ICVSBContent.pwd
load-verify-scheme:	0
crypto-type:	0
aes-ce-id:	0
aes-enc-key:	cert/key/KCEICV.txt
images-table:	cert/Images.txt
nvcounter-val:	1
cert-pkg:	cert/ICVSBContent.crt
2024-12-27 03:36:07,853 - **** Creating Content Certificate ****
2024-12-27 03:36:07,859 - **** Certificate file (context) creation has been completed successfully ****
2024-12-27 03:36:08,144 - Content Certificate Generation Utility started (Logging to sb_content_cert.log)
2024-12-27 03:36:08,145 - Parsing config file: cert/cfg/ICVSBContent.cfg
2024-12-27 03:36:08,145 - Parsed config items:
cert-keypair:	cert/key/ICVSBContent.pem
cert-keypair-pwd:	cert/key/ICVSBContent.pwd
load-verify-scheme:	0
crypto-type:	0
aes-ce-id:	0
aes-enc-key:	cert/key/KCEICV.txt
images-table:	cert/Images.txt
nvcounter-val:	1
cert-pkg:	cert/ICVSBContent.crt
2024-12-27 03:36:08,145 - **** Creating Content Certificate ****
2024-12-27 03:36:08,151 - **** Certificate file (context) creation has been completed successfully ****
2024-12-27 03:36:09,793 - Content Certificate Generation Utility started (Logging to sb_content_cert.log)
2024-12-27 03:36:09,793 - Parsing config file: cert/cfg/ICVSBContent.cfg
2024-12-27 03:36:09,793 - Parsed config items:
cert-keypair:	cert/key/ICVSBContent.pem
cert-keypair-pwd:	cert/key/ICVSBContent.pwd
load-verify-scheme:	0
crypto-type:	0
aes-ce-id:	0
aes-enc-key:	cert/key/KCEICV.txt
images-table:	cert/Images.txt
nvcounter-val:	1
cert-pkg:	cert/ICVSBContent.crt
2024-12-27 03:36:09,793 - **** Creating Content Certificate ****
2024-12-27 03:36:09,799 - **** Certificate file (context) creation has been completed successfully ****
2024-12-27 03:36:10,076 - Content Certificate Generation Utility started (Logging to sb_content_cert.log)
2024-12-27 03:36:10,076 - Parsing config file: cert/cfg/ICVSBContent.cfg
2024-12-27 03:36:10,076 - Parsed config items:
cert-keypair:	cert/key/ICVSBContent.pem
cert-keypair-pwd:	cert/key/ICVSBContent.pwd
load-verify-scheme:	0
crypto-type:	0
aes-ce-id:	0
aes-enc-key:	cert/key/KCEICV.txt
images-table:	cert/Images.txt
nvcounter-val:	1
cert-pkg:	cert/ICVSBContent.crt
2024-12-27 03:36:10,076 - **** Creating Content Certificate ****
2024-12-27 03:36:10,081 - **** Certificate file (context) creation has been completed successfully ****
2024-12-27 03:43:07,558 - Content Certificate Generation Utility started (Logging to sb_content_cert.log)
2024-12-27 03:43:07,558 - Parsing config file: cert/cfg/ICVSBContent.cfg
2024-12-27 03:43:07,558 - Parsed config items:
cert-keypair:	cert/key/ICVSBContent.pem
cert-keypair-pwd:	cert/key/ICVSBContent.pwd
load-verify-scheme:	0
crypto-type:	0
aes-ce-id:	0
aes-enc-key:	cert/key/KCEICV.txt
images-table:	cert/Images.txt
nvcounter-val:	1
cert-pkg:	cert/ICVSBContent.crt
2024-12-27 03:43:07,559 - **** Creating Content Certificate ****
2024-12-27 03:43:07,564 - **** Certificate file (context) creation has been completed successfully ****
2024-12-27 03:43:07,849 - Content Certificate Generation Utility started (Logging to sb_content_cert.log)
2024-12-27 03:43:07,849 - Parsing config file: cert/cfg/ICVSBContent.cfg
2024-12-27 03:43:07,849 - Parsed config items:
cert-keypair:	cert/key/ICVSBContent.pem
cert-keypair-pwd:	cert/key/ICVSBContent.pwd
load-verify-scheme:	0
crypto-type:	0
aes-ce-id:	0
aes-enc-key:	cert/key/KCEICV.txt
images-table:	cert/Images.txt
nvcounter-val:	1
cert-pkg:	cert/ICVSBContent.crt
2024-12-27 03:43:07,850 - **** Creating Content Certificate ****
2024-12-27 03:43:07,855 - **** Certificate file (context) creation has been completed successfully ****
2024-12-27 03:43:08,320 - Content Certificate Generation Utility started (Logging to sb_content_cert.log)
2024-12-27 03:43:08,320 - Parsing config file: cert/cfg/ICVSBContent.cfg
2024-12-27 03:43:08,321 - Parsed config items:
cert-keypair:	cert/key/ICVSBContent.pem
cert-keypair-pwd:	cert/key/ICVSBContent.pwd
load-verify-scheme:	0
crypto-type:	0
aes-ce-id:	0
aes-enc-key:	cert/key/KCEICV.txt
images-table:	cert/Images.txt
nvcounter-val:	1
cert-pkg:	cert/ICVSBContent.crt
2024-12-27 03:43:08,321 - **** Creating Content Certificate ****
2024-12-27 03:43:08,327 - **** Certificate file (context) creation has been completed successfully ****
2024-12-27 03:43:08,615 - Content Certificate Generation Utility started (Logging to sb_content_cert.log)
2024-12-27 03:43:08,615 - Parsing config file: cert/cfg/ICVSBContent.cfg
2024-12-27 03:43:08,615 - Parsed config items:
cert-keypair:	cert/key/ICVSBContent.pem
cert-keypair-pwd:	cert/key/ICVSBContent.pwd
load-verify-scheme:	0
crypto-type:	0
aes-ce-id:	0
aes-enc-key:	cert/key/KCEICV.txt
images-table:	cert/Images.txt
nvcounter-val:	1
cert-pkg:	cert/ICVSBContent.crt
2024-12-27 03:43:08,615 - **** Creating Content Certificate ****
2024-12-27 03:43:08,621 - **** Certificate file (context) creation has been completed successfully ****
2024-12-27 03:43:43,500 - Content Certificate Generation Utility started (Logging to sb_content_cert.log)
2024-12-27 03:43:43,501 - Parsing config file: cert/cfg/ICVSBContent.cfg
2024-12-27 03:43:43,501 - Parsed config items:
cert-keypair:	cert/key/ICVSBContent.pem
cert-keypair-pwd:	cert/key/ICVSBContent.pwd
load-verify-scheme:	0
crypto-type:	0
aes-ce-id:	0
aes-enc-key:	cert/key/KCEICV.txt
images-table:	cert/Images.txt
nvcounter-val:	1
cert-pkg:	cert/ICVSBContent.crt
2024-12-27 03:43:43,501 - **** Creating Content Certificate ****
2024-12-27 03:43:43,505 - **** Certificate file (context) creation has been completed successfully ****
2024-12-27 03:43:43,779 - Content Certificate Generation Utility started (Logging to sb_content_cert.log)
2024-12-27 03:43:43,779 - Parsing config file: cert/cfg/ICVSBContent.cfg
2024-12-27 03:43:43,779 - Parsed config items:
cert-keypair:	cert/key/ICVSBContent.pem
cert-keypair-pwd:	cert/key/ICVSBContent.pwd
load-verify-scheme:	0
crypto-type:	0
aes-ce-id:	0
aes-enc-key:	cert/key/KCEICV.txt
images-table:	cert/Images.txt
nvcounter-val:	1
cert-pkg:	cert/ICVSBContent.crt
2024-12-27 03:43:43,779 - **** Creating Content Certificate ****
2024-12-27 03:43:43,785 - **** Certificate file (context) creation has been completed successfully ****
2024-12-27 03:43:44,240 - Content Certificate Generation Utility started (Logging to sb_content_cert.log)
2024-12-27 03:43:44,241 - Parsing config file: cert/cfg/ICVSBContent.cfg
2024-12-27 03:43:44,241 - Parsed config items:
cert-keypair:	cert/key/ICVSBContent.pem
cert-keypair-pwd:	cert/key/ICVSBContent.pwd
load-verify-scheme:	0
crypto-type:	0
aes-ce-id:	0
aes-enc-key:	cert/key/KCEICV.txt
images-table:	cert/Images.txt
nvcounter-val:	1
cert-pkg:	cert/ICVSBContent.crt
2024-12-27 03:43:44,241 - **** Creating Content Certificate ****
2024-12-27 03:43:44,247 - **** Certificate file (context) creation has been completed successfully ****
2024-12-27 03:43:44,529 - Content Certificate Generation Utility started (Logging to sb_content_cert.log)
2024-12-27 03:43:44,529 - Parsing config file: cert/cfg/ICVSBContent.cfg
2024-12-27 03:43:44,529 - Parsed config items:
cert-keypair:	cert/key/ICVSBContent.pem
cert-keypair-pwd:	cert/key/ICVSBContent.pwd
load-verify-scheme:	0
crypto-type:	0
aes-ce-id:	0
aes-enc-key:	cert/key/KCEICV.txt
images-table:	cert/Images.txt
nvcounter-val:	1
cert-pkg:	cert/ICVSBContent.crt
2024-12-27 03:43:44,530 - **** Creating Content Certificate ****
2024-12-27 03:43:44,535 - **** Certificate file (context) creation has been completed successfully ****
2024-12-27 03:43:46,143 - Content Certificate Generation Utility started (Logging to sb_content_cert.log)
2024-12-27 03:43:46,144 - Parsing config file: cert/cfg/ICVSBContent.cfg
2024-12-27 03:43:46,144 - Parsed config items:
cert-keypair:	cert/key/ICVSBContent.pem
cert-keypair-pwd:	cert/key/ICVSBContent.pwd
load-verify-scheme:	0
crypto-type:	0
aes-ce-id:	0
aes-enc-key:	cert/key/KCEICV.txt
images-table:	cert/Images.txt
nvcounter-val:	1
cert-pkg:	cert/ICVSBContent.crt
2024-12-27 03:43:46,144 - **** Creating Content Certificate ****
2024-12-27 03:43:46,149 - **** Certificate file (context) creation has been completed successfully ****
2024-12-27 03:43:46,437 - Content Certificate Generation Utility started (Logging to sb_content_cert.log)
2024-12-27 03:43:46,437 - Parsing config file: cert/cfg/ICVSBContent.cfg
2024-12-27 03:43:46,438 - Parsed config items:
cert-keypair:	cert/key/ICVSBContent.pem
cert-keypair-pwd:	cert/key/ICVSBContent.pwd
load-verify-scheme:	0
crypto-type:	0
aes-ce-id:	0
aes-enc-key:	cert/key/KCEICV.txt
images-table:	cert/Images.txt
nvcounter-val:	1
cert-pkg:	cert/ICVSBContent.crt
2024-12-27 03:43:46,438 - **** Creating Content Certificate ****
2024-12-27 03:43:46,443 - **** Certificate file (context) creation has been completed successfully ****
2024-12-27 05:51:04,096 - Content Certificate Generation Utility started (Logging to sb_content_cert.log)
2024-12-27 05:51:04,096 - Parsing config file: cert/cfg/ICVSBContent.cfg
2024-12-27 05:51:04,096 - Parsed config items:
cert-keypair:	cert/key/ICVSBContent.pem
cert-keypair-pwd:	cert/key/ICVSBContent.pwd
load-verify-scheme:	0
crypto-type:	0
aes-ce-id:	0
aes-enc-key:	cert/key/KCEICV.txt
images-table:	cert/Images.txt
nvcounter-val:	1
cert-pkg:	cert/ICVSBContent.crt
2024-12-27 05:51:04,096 - **** Creating Content Certificate ****
2024-12-27 05:51:04,102 - **** Certificate file (context) creation has been completed successfully ****
2024-12-27 05:51:04,383 - Content Certificate Generation Utility started (Logging to sb_content_cert.log)
2024-12-27 05:51:04,383 - Parsing config file: cert/cfg/ICVSBContent.cfg
2024-12-27 05:51:04,383 - Parsed config items:
cert-keypair:	cert/key/ICVSBContent.pem
cert-keypair-pwd:	cert/key/ICVSBContent.pwd
load-verify-scheme:	0
crypto-type:	0
aes-ce-id:	0
aes-enc-key:	cert/key/KCEICV.txt
images-table:	cert/Images.txt
nvcounter-val:	1
cert-pkg:	cert/ICVSBContent.crt
2024-12-27 05:51:04,383 - **** Creating Content Certificate ****
2024-12-27 05:51:04,389 - **** Certificate file (context) creation has been completed successfully ****
2024-12-27 05:51:04,842 - Content Certificate Generation Utility started (Logging to sb_content_cert.log)
2024-12-27 05:51:04,842 - Parsing config file: cert/cfg/ICVSBContent.cfg
2024-12-27 05:51:04,843 - Parsed config items:
cert-keypair:	cert/key/ICVSBContent.pem
cert-keypair-pwd:	cert/key/ICVSBContent.pwd
load-verify-scheme:	0
crypto-type:	0
aes-ce-id:	0
aes-enc-key:	cert/key/KCEICV.txt
images-table:	cert/Images.txt
nvcounter-val:	1
cert-pkg:	cert/ICVSBContent.crt
2024-12-27 05:51:04,843 - **** Creating Content Certificate ****
2024-12-27 05:51:04,849 - **** Certificate file (context) creation has been completed successfully ****
2024-12-27 05:51:05,133 - Content Certificate Generation Utility started (Logging to sb_content_cert.log)
2024-12-27 05:51:05,133 - Parsing config file: cert/cfg/ICVSBContent.cfg
2024-12-27 05:51:05,134 - Parsed config items:
cert-keypair:	cert/key/ICVSBContent.pem
cert-keypair-pwd:	cert/key/ICVSBContent.pwd
load-verify-scheme:	0
crypto-type:	0
aes-ce-id:	0
aes-enc-key:	cert/key/KCEICV.txt
images-table:	cert/Images.txt
nvcounter-val:	1
cert-pkg:	cert/ICVSBContent.crt
2024-12-27 05:51:05,134 - **** Creating Content Certificate ****
2024-12-27 05:51:05,139 - **** Certificate file (context) creation has been completed successfully ****
2024-12-27 05:51:06,759 - Content Certificate Generation Utility started (Logging to sb_content_cert.log)
2024-12-27 05:51:06,759 - Parsing config file: cert/cfg/ICVSBContent.cfg
2024-12-27 05:51:06,760 - Parsed config items:
cert-keypair:	cert/key/ICVSBContent.pem
cert-keypair-pwd:	cert/key/ICVSBContent.pwd
load-verify-scheme:	0
crypto-type:	0
aes-ce-id:	0
aes-enc-key:	cert/key/KCEICV.txt
images-table:	cert/Images.txt
nvcounter-val:	1
cert-pkg:	cert/ICVSBContent.crt
2024-12-27 05:51:06,760 - **** Creating Content Certificate ****
2024-12-27 05:51:06,765 - **** Certificate file (context) creation has been completed successfully ****
2024-12-27 05:51:07,069 - Content Certificate Generation Utility started (Logging to sb_content_cert.log)
2024-12-27 05:51:07,070 - Parsing config file: cert/cfg/ICVSBContent.cfg
2024-12-27 05:51:07,070 - Parsed config items:
cert-keypair:	cert/key/ICVSBContent.pem
cert-keypair-pwd:	cert/key/ICVSBContent.pwd
load-verify-scheme:	0
crypto-type:	0
aes-ce-id:	0
aes-enc-key:	cert/key/KCEICV.txt
images-table:	cert/Images.txt
nvcounter-val:	1
cert-pkg:	cert/ICVSBContent.crt
2024-12-27 05:51:07,070 - **** Creating Content Certificate ****
2024-12-27 05:51:07,075 - **** Certificate file (context) creation has been completed successfully ****
2024-12-27 06:10:55,349 - Content Certificate Generation Utility started (Logging to sb_content_cert.log)
2024-12-27 06:10:55,350 - Parsing config file: cert/cfg/ICVSBContent.cfg
2024-12-27 06:10:55,350 - Parsed config items:
cert-keypair:	cert/key/ICVSBContent.pem
cert-keypair-pwd:	cert/key/ICVSBContent.pwd
load-verify-scheme:	0
crypto-type:	0
aes-ce-id:	0
aes-enc-key:	cert/key/KCEICV.txt
images-table:	cert/Images.txt
nvcounter-val:	1
cert-pkg:	cert/ICVSBContent.crt
2024-12-27 06:10:55,350 - **** Creating Content Certificate ****
2024-12-27 06:10:55,353 - **** Certificate file (context) creation has been completed successfully ****
2024-12-27 06:10:55,596 - Content Certificate Generation Utility started (Logging to sb_content_cert.log)
2024-12-27 06:10:55,596 - Parsing config file: cert/cfg/ICVSBContent.cfg
2024-12-27 06:10:55,596 - Parsed config items:
cert-keypair:	cert/key/ICVSBContent.pem
cert-keypair-pwd:	cert/key/ICVSBContent.pwd
load-verify-scheme:	0
crypto-type:	0
aes-ce-id:	0
aes-enc-key:	cert/key/KCEICV.txt
images-table:	cert/Images.txt
nvcounter-val:	1
cert-pkg:	cert/ICVSBContent.crt
2024-12-27 06:10:55,597 - **** Creating Content Certificate ****
2024-12-27 06:10:55,601 - **** Certificate file (context) creation has been completed successfully ****
2024-12-27 06:10:56,033 - Content Certificate Generation Utility started (Logging to sb_content_cert.log)
2024-12-27 06:10:56,033 - Parsing config file: cert/cfg/ICVSBContent.cfg
2024-12-27 06:10:56,033 - Parsed config items:
cert-keypair:	cert/key/ICVSBContent.pem
cert-keypair-pwd:	cert/key/ICVSBContent.pwd
load-verify-scheme:	0
crypto-type:	0
aes-ce-id:	0
aes-enc-key:	cert/key/KCEICV.txt
images-table:	cert/Images.txt
nvcounter-val:	1
cert-pkg:	cert/ICVSBContent.crt
2024-12-27 06:10:56,033 - **** Creating Content Certificate ****
2024-12-27 06:10:56,039 - **** Certificate file (context) creation has been completed successfully ****
2024-12-27 06:10:56,265 - Content Certificate Generation Utility started (Logging to sb_content_cert.log)
2024-12-27 06:10:56,265 - Parsing config file: cert/cfg/ICVSBContent.cfg
2024-12-27 06:10:56,265 - Parsed config items:
cert-keypair:	cert/key/ICVSBContent.pem
cert-keypair-pwd:	cert/key/ICVSBContent.pwd
load-verify-scheme:	0
crypto-type:	0
aes-ce-id:	0
aes-enc-key:	cert/key/KCEICV.txt
images-table:	cert/Images.txt
nvcounter-val:	1
cert-pkg:	cert/ICVSBContent.crt
2024-12-27 06:10:56,265 - **** Creating Content Certificate ****
2024-12-27 06:10:56,269 - **** Certificate file (context) creation has been completed successfully ****
2024-12-27 06:11:06,721 - Content Certificate Generation Utility started (Logging to sb_content_cert.log)
2024-12-27 06:11:06,721 - Parsing config file: cert/cfg/ICVSBContent.cfg
2024-12-27 06:11:06,721 - Parsed config items:
cert-keypair:	cert/key/ICVSBContent.pem
cert-keypair-pwd:	cert/key/ICVSBContent.pwd
load-verify-scheme:	0
crypto-type:	0
aes-ce-id:	0
aes-enc-key:	cert/key/KCEICV.txt
images-table:	cert/Images.txt
nvcounter-val:	1
cert-pkg:	cert/ICVSBContent.crt
2024-12-27 06:11:06,722 - **** Creating Content Certificate ****
2024-12-27 06:11:06,727 - **** Certificate file (context) creation has been completed successfully ****
2024-12-27 06:11:06,999 - Content Certificate Generation Utility started (Logging to sb_content_cert.log)
2024-12-27 06:11:06,999 - Parsing config file: cert/cfg/ICVSBContent.cfg
2024-12-27 06:11:07,000 - Parsed config items:
cert-keypair:	cert/key/ICVSBContent.pem
cert-keypair-pwd:	cert/key/ICVSBContent.pwd
load-verify-scheme:	0
crypto-type:	0
aes-ce-id:	0
aes-enc-key:	cert/key/KCEICV.txt
images-table:	cert/Images.txt
nvcounter-val:	1
cert-pkg:	cert/ICVSBContent.crt
2024-12-27 06:11:07,000 - **** Creating Content Certificate ****
2024-12-27 06:11:07,005 - **** Certificate file (context) creation has been completed successfully ****
2024-12-27 06:11:07,449 - Content Certificate Generation Utility started (Logging to sb_content_cert.log)
2024-12-27 06:11:07,449 - Parsing config file: cert/cfg/ICVSBContent.cfg
2024-12-27 06:11:07,450 - Parsed config items:
cert-keypair:	cert/key/ICVSBContent.pem
cert-keypair-pwd:	cert/key/ICVSBContent.pwd
load-verify-scheme:	0
crypto-type:	0
aes-ce-id:	0
aes-enc-key:	cert/key/KCEICV.txt
images-table:	cert/Images.txt
nvcounter-val:	1
cert-pkg:	cert/ICVSBContent.crt
2024-12-27 06:11:07,450 - **** Creating Content Certificate ****
2024-12-27 06:11:07,456 - **** Certificate file (context) creation has been completed successfully ****
2024-12-27 06:11:07,736 - Content Certificate Generation Utility started (Logging to sb_content_cert.log)
2024-12-27 06:11:07,736 - Parsing config file: cert/cfg/ICVSBContent.cfg
2024-12-27 06:11:07,737 - Parsed config items:
cert-keypair:	cert/key/ICVSBContent.pem
cert-keypair-pwd:	cert/key/ICVSBContent.pwd
load-verify-scheme:	0
crypto-type:	0
aes-ce-id:	0
aes-enc-key:	cert/key/KCEICV.txt
images-table:	cert/Images.txt
nvcounter-val:	1
cert-pkg:	cert/ICVSBContent.crt
2024-12-27 06:11:07,737 - **** Creating Content Certificate ****
2024-12-27 06:11:07,742 - **** Certificate file (context) creation has been completed successfully ****
2024-12-27 06:16:53,050 - Content Certificate Generation Utility started (Logging to sb_content_cert.log)
2024-12-27 06:16:53,050 - Parsing config file: cert/cfg/ICVSBContent.cfg
2024-12-27 06:16:53,050 - Parsed config items:
cert-keypair:	cert/key/ICVSBContent.pem
cert-keypair-pwd:	cert/key/ICVSBContent.pwd
load-verify-scheme:	0
crypto-type:	0
aes-ce-id:	0
aes-enc-key:	cert/key/KCEICV.txt
images-table:	cert/Images.txt
nvcounter-val:	1
cert-pkg:	cert/ICVSBContent.crt
2024-12-27 06:16:53,050 - **** Creating Content Certificate ****
2024-12-27 06:16:53,056 - **** Certificate file (context) creation has been completed successfully ****
2024-12-27 06:16:53,341 - Content Certificate Generation Utility started (Logging to sb_content_cert.log)
2024-12-27 06:16:53,341 - Parsing config file: cert/cfg/ICVSBContent.cfg
2024-12-27 06:16:53,342 - Parsed config items:
cert-keypair:	cert/key/ICVSBContent.pem
cert-keypair-pwd:	cert/key/ICVSBContent.pwd
load-verify-scheme:	0
crypto-type:	0
aes-ce-id:	0
aes-enc-key:	cert/key/KCEICV.txt
images-table:	cert/Images.txt
nvcounter-val:	1
cert-pkg:	cert/ICVSBContent.crt
2024-12-27 06:16:53,342 - **** Creating Content Certificate ****
2024-12-27 06:16:53,347 - **** Certificate file (context) creation has been completed successfully ****
2024-12-27 06:16:53,800 - Content Certificate Generation Utility started (Logging to sb_content_cert.log)
2024-12-27 06:16:53,800 - Parsing config file: cert/cfg/ICVSBContent.cfg
2024-12-27 06:16:53,800 - Parsed config items:
cert-keypair:	cert/key/ICVSBContent.pem
cert-keypair-pwd:	cert/key/ICVSBContent.pwd
load-verify-scheme:	0
crypto-type:	0
aes-ce-id:	0
aes-enc-key:	cert/key/KCEICV.txt
images-table:	cert/Images.txt
nvcounter-val:	1
cert-pkg:	cert/ICVSBContent.crt
2024-12-27 06:16:53,801 - **** Creating Content Certificate ****
2024-12-27 06:16:53,807 - **** Certificate file (context) creation has been completed successfully ****
2024-12-27 06:16:54,091 - Content Certificate Generation Utility started (Logging to sb_content_cert.log)
2024-12-27 06:16:54,092 - Parsing config file: cert/cfg/ICVSBContent.cfg
2024-12-27 06:16:54,092 - Parsed config items:
cert-keypair:	cert/key/ICVSBContent.pem
cert-keypair-pwd:	cert/key/ICVSBContent.pwd
load-verify-scheme:	0
crypto-type:	0
aes-ce-id:	0
aes-enc-key:	cert/key/KCEICV.txt
images-table:	cert/Images.txt
nvcounter-val:	1
cert-pkg:	cert/ICVSBContent.crt
2024-12-27 06:16:54,092 - **** Creating Content Certificate ****
2024-12-27 06:16:54,098 - **** Certificate file (context) creation has been completed successfully ****
2024-12-27 06:16:55,703 - Content Certificate Generation Utility started (Logging to sb_content_cert.log)
2024-12-27 06:16:55,703 - Parsing config file: cert/cfg/ICVSBContent.cfg
2024-12-27 06:16:55,703 - Parsed config items:
cert-keypair:	cert/key/ICVSBContent.pem
cert-keypair-pwd:	cert/key/ICVSBContent.pwd
load-verify-scheme:	0
crypto-type:	0
aes-ce-id:	0
aes-enc-key:	cert/key/KCEICV.txt
images-table:	cert/Images.txt
nvcounter-val:	1
cert-pkg:	cert/ICVSBContent.crt
2024-12-27 06:16:55,704 - **** Creating Content Certificate ****
2024-12-27 06:16:55,709 - **** Certificate file (context) creation has been completed successfully ****
2024-12-27 06:16:56,010 - Content Certificate Generation Utility started (Logging to sb_content_cert.log)
2024-12-27 06:16:56,010 - Parsing config file: cert/cfg/ICVSBContent.cfg
2024-12-27 06:16:56,011 - Parsed config items:
cert-keypair:	cert/key/ICVSBContent.pem
cert-keypair-pwd:	cert/key/ICVSBContent.pwd
load-verify-scheme:	0
crypto-type:	0
aes-ce-id:	0
aes-enc-key:	cert/key/KCEICV.txt
images-table:	cert/Images.txt
nvcounter-val:	1
cert-pkg:	cert/ICVSBContent.crt
2024-12-27 06:16:56,011 - **** Creating Content Certificate ****
2024-12-27 06:16:56,016 - **** Certificate file (context) creation has been completed successfully ****
2024-12-27 06:17:00,584 - Content Certificate Generation Utility started (Logging to sb_content_cert.log)
2024-12-27 06:17:00,584 - Parsing config file: cert/cfg/ICVSBContent.cfg
2024-12-27 06:17:00,584 - Parsed config items:
cert-keypair:	cert/key/ICVSBContent.pem
cert-keypair-pwd:	cert/key/ICVSBContent.pwd
load-verify-scheme:	0
crypto-type:	0
aes-ce-id:	0
aes-enc-key:	cert/key/KCEICV.txt
images-table:	cert/Images.txt
nvcounter-val:	1
cert-pkg:	cert/ICVSBContent.crt
2024-12-27 06:17:00,585 - **** Creating Content Certificate ****
2024-12-27 06:17:00,590 - **** Certificate file (context) creation has been completed successfully ****
2024-12-27 06:17:00,867 - Content Certificate Generation Utility started (Logging to sb_content_cert.log)
2024-12-27 06:17:00,867 - Parsing config file: cert/cfg/ICVSBContent.cfg
2024-12-27 06:17:00,868 - Parsed config items:
cert-keypair:	cert/key/ICVSBContent.pem
cert-keypair-pwd:	cert/key/ICVSBContent.pwd
load-verify-scheme:	0
crypto-type:	0
aes-ce-id:	0
aes-enc-key:	cert/key/KCEICV.txt
images-table:	cert/Images.txt
nvcounter-val:	1
cert-pkg:	cert/ICVSBContent.crt
2024-12-27 06:17:00,868 - **** Creating Content Certificate ****
2024-12-27 06:17:00,873 - **** Certificate file (context) creation has been completed successfully ****
2024-12-27 06:17:01,326 - Content Certificate Generation Utility started (Logging to sb_content_cert.log)
2024-12-27 06:17:01,327 - Parsing config file: cert/cfg/ICVSBContent.cfg
2024-12-27 06:17:01,327 - Parsed config items:
cert-keypair:	cert/key/ICVSBContent.pem
cert-keypair-pwd:	cert/key/ICVSBContent.pwd
load-verify-scheme:	0
crypto-type:	0
aes-ce-id:	0
aes-enc-key:	cert/key/KCEICV.txt
images-table:	cert/Images.txt
nvcounter-val:	1
cert-pkg:	cert/ICVSBContent.crt
2024-12-27 06:17:01,327 - **** Creating Content Certificate ****
2024-12-27 06:17:01,333 - **** Certificate file (context) creation has been completed successfully ****
2024-12-27 06:17:01,615 - Content Certificate Generation Utility started (Logging to sb_content_cert.log)
2024-12-27 06:17:01,615 - Parsing config file: cert/cfg/ICVSBContent.cfg
2024-12-27 06:17:01,616 - Parsed config items:
cert-keypair:	cert/key/ICVSBContent.pem
cert-keypair-pwd:	cert/key/ICVSBContent.pwd
load-verify-scheme:	0
crypto-type:	0
aes-ce-id:	0
aes-enc-key:	cert/key/KCEICV.txt
images-table:	cert/Images.txt
nvcounter-val:	1
cert-pkg:	cert/ICVSBContent.crt
2024-12-27 06:17:01,616 - **** Creating Content Certificate ****
2024-12-27 06:17:01,621 - **** Certificate file (context) creation has been completed successfully ****
2024-12-27 06:17:05,710 - Content Certificate Generation Utility started (Logging to sb_content_cert.log)
2024-12-27 06:17:05,710 - Parsing config file: cert/cfg/ICVSBContent.cfg
2024-12-27 06:17:05,710 - Parsed config items:
cert-keypair:	cert/key/ICVSBContent.pem
cert-keypair-pwd:	cert/key/ICVSBContent.pwd
load-verify-scheme:	0
crypto-type:	0
aes-ce-id:	0
aes-enc-key:	cert/key/KCEICV.txt
images-table:	cert/Images.txt
nvcounter-val:	1
cert-pkg:	cert/ICVSBContent.crt
2024-12-27 06:17:05,711 - **** Creating Content Certificate ****
2024-12-27 06:17:05,716 - **** Certificate file (context) creation has been completed successfully ****
2024-12-27 06:17:06,000 - Content Certificate Generation Utility started (Logging to sb_content_cert.log)
2024-12-27 06:17:06,001 - Parsing config file: cert/cfg/ICVSBContent.cfg
2024-12-27 06:17:06,001 - Parsed config items:
cert-keypair:	cert/key/ICVSBContent.pem
cert-keypair-pwd:	cert/key/ICVSBContent.pwd
load-verify-scheme:	0
crypto-type:	0
aes-ce-id:	0
aes-enc-key:	cert/key/KCEICV.txt
images-table:	cert/Images.txt
nvcounter-val:	1
cert-pkg:	cert/ICVSBContent.crt
2024-12-27 06:17:06,001 - **** Creating Content Certificate ****
2024-12-27 06:17:06,006 - **** Certificate file (context) creation has been completed successfully ****
2024-12-27 06:17:06,477 - Content Certificate Generation Utility started (Logging to sb_content_cert.log)
2024-12-27 06:17:06,478 - Parsing config file: cert/cfg/ICVSBContent.cfg
2024-12-27 06:17:06,478 - Parsed config items:
cert-keypair:	cert/key/ICVSBContent.pem
cert-keypair-pwd:	cert/key/ICVSBContent.pwd
load-verify-scheme:	0
crypto-type:	0
aes-ce-id:	0
aes-enc-key:	cert/key/KCEICV.txt
images-table:	cert/Images.txt
nvcounter-val:	1
cert-pkg:	cert/ICVSBContent.crt
2024-12-27 06:17:06,478 - **** Creating Content Certificate ****
2024-12-27 06:17:06,484 - **** Certificate file (context) creation has been completed successfully ****
2024-12-27 06:17:06,769 - Content Certificate Generation Utility started (Logging to sb_content_cert.log)
2024-12-27 06:17:06,770 - Parsing config file: cert/cfg/ICVSBContent.cfg
2024-12-27 06:17:06,770 - Parsed config items:
cert-keypair:	cert/key/ICVSBContent.pem
cert-keypair-pwd:	cert/key/ICVSBContent.pwd
load-verify-scheme:	0
crypto-type:	0
aes-ce-id:	0
aes-enc-key:	cert/key/KCEICV.txt
images-table:	cert/Images.txt
nvcounter-val:	1
cert-pkg:	cert/ICVSBContent.crt
2024-12-27 06:17:06,770 - **** Creating Content Certificate ****
2024-12-27 06:17:06,775 - **** Certificate file (context) creation has been completed successfully ****
2024-12-27 06:17:16,848 - Content Certificate Generation Utility started (Logging to sb_content_cert.log)
2024-12-27 06:17:16,848 - Parsing config file: cert/cfg/ICVSBContent.cfg
2024-12-27 06:17:16,849 - Parsed config items:
cert-keypair:	cert/key/ICVSBContent.pem
cert-keypair-pwd:	cert/key/ICVSBContent.pwd
load-verify-scheme:	0
crypto-type:	0
aes-ce-id:	0
aes-enc-key:	cert/key/KCEICV.txt
images-table:	cert/Images.txt
nvcounter-val:	1
cert-pkg:	cert/ICVSBContent.crt
2024-12-27 06:17:16,849 - **** Creating Content Certificate ****
2024-12-27 06:17:16,854 - **** Certificate file (context) creation has been completed successfully ****
2024-12-27 06:17:17,135 - Content Certificate Generation Utility started (Logging to sb_content_cert.log)
2024-12-27 06:17:17,135 - Parsing config file: cert/cfg/ICVSBContent.cfg
2024-12-27 06:17:17,136 - Parsed config items:
cert-keypair:	cert/key/ICVSBContent.pem
cert-keypair-pwd:	cert/key/ICVSBContent.pwd
load-verify-scheme:	0
crypto-type:	0
aes-ce-id:	0
aes-enc-key:	cert/key/KCEICV.txt
images-table:	cert/Images.txt
nvcounter-val:	1
cert-pkg:	cert/ICVSBContent.crt
2024-12-27 06:17:17,136 - **** Creating Content Certificate ****
2024-12-27 06:17:17,141 - **** Certificate file (context) creation has been completed successfully ****
2024-12-27 06:17:17,594 - Content Certificate Generation Utility started (Logging to sb_content_cert.log)
2024-12-27 06:17:17,595 - Parsing config file: cert/cfg/ICVSBContent.cfg
2024-12-27 06:17:17,595 - Parsed config items:
cert-keypair:	cert/key/ICVSBContent.pem
cert-keypair-pwd:	cert/key/ICVSBContent.pwd
load-verify-scheme:	0
crypto-type:	0
aes-ce-id:	0
aes-enc-key:	cert/key/KCEICV.txt
images-table:	cert/Images.txt
nvcounter-val:	1
cert-pkg:	cert/ICVSBContent.crt
2024-12-27 06:17:17,595 - **** Creating Content Certificate ****
2024-12-27 06:17:17,601 - **** Certificate file (context) creation has been completed successfully ****
2024-12-27 06:17:17,882 - Content Certificate Generation Utility started (Logging to sb_content_cert.log)
2024-12-27 06:17:17,883 - Parsing config file: cert/cfg/ICVSBContent.cfg
2024-12-27 06:17:17,883 - Parsed config items:
cert-keypair:	cert/key/ICVSBContent.pem
cert-keypair-pwd:	cert/key/ICVSBContent.pwd
load-verify-scheme:	0
crypto-type:	0
aes-ce-id:	0
aes-enc-key:	cert/key/KCEICV.txt
images-table:	cert/Images.txt
nvcounter-val:	1
cert-pkg:	cert/ICVSBContent.crt
2024-12-27 06:17:17,883 - **** Creating Content Certificate ****
2024-12-27 06:17:17,888 - **** Certificate file (context) creation has been completed successfully ****
2024-12-27 06:17:19,491 - Content Certificate Generation Utility started (Logging to sb_content_cert.log)
2024-12-27 06:17:19,491 - Parsing config file: cert/cfg/ICVSBContent.cfg
2024-12-27 06:17:19,492 - Parsed config items:
cert-keypair:	cert/key/ICVSBContent.pem
cert-keypair-pwd:	cert/key/ICVSBContent.pwd
load-verify-scheme:	0
crypto-type:	0
aes-ce-id:	0
aes-enc-key:	cert/key/KCEICV.txt
images-table:	cert/Images.txt
nvcounter-val:	1
cert-pkg:	cert/ICVSBContent.crt
2024-12-27 06:17:19,492 - **** Creating Content Certificate ****
2024-12-27 06:17:19,497 - **** Certificate file (context) creation has been completed successfully ****
2024-12-27 06:17:19,799 - Content Certificate Generation Utility started (Logging to sb_content_cert.log)
2024-12-27 06:17:19,799 - Parsing config file: cert/cfg/ICVSBContent.cfg
2024-12-27 06:17:19,799 - Parsed config items:
cert-keypair:	cert/key/ICVSBContent.pem
cert-keypair-pwd:	cert/key/ICVSBContent.pwd
load-verify-scheme:	0
crypto-type:	0
aes-ce-id:	0
aes-enc-key:	cert/key/KCEICV.txt
images-table:	cert/Images.txt
nvcounter-val:	1
cert-pkg:	cert/ICVSBContent.crt
2024-12-27 06:17:19,800 - **** Creating Content Certificate ****
2024-12-27 06:17:19,805 - **** Certificate file (context) creation has been completed successfully ****
2024-12-27 06:17:32,088 - Content Certificate Generation Utility started (Logging to sb_content_cert.log)
2024-12-27 06:17:32,088 - Parsing config file: cert/cfg/ICVSBContent.cfg
2024-12-27 06:17:32,088 - Parsed config items:
cert-keypair:	cert/key/ICVSBContent.pem
cert-keypair-pwd:	cert/key/ICVSBContent.pwd
load-verify-scheme:	0
crypto-type:	0
aes-ce-id:	0
aes-enc-key:	cert/key/KCEICV.txt
images-table:	cert/Images.txt
nvcounter-val:	1
cert-pkg:	cert/ICVSBContent.crt
2024-12-27 06:17:32,089 - **** Creating Content Certificate ****
2024-12-27 06:17:32,094 - **** Certificate file (context) creation has been completed successfully ****
2024-12-27 06:17:32,371 - Content Certificate Generation Utility started (Logging to sb_content_cert.log)
2024-12-27 06:17:32,371 - Parsing config file: cert/cfg/ICVSBContent.cfg
2024-12-27 06:17:32,372 - Parsed config items:
cert-keypair:	cert/key/ICVSBContent.pem
cert-keypair-pwd:	cert/key/ICVSBContent.pwd
load-verify-scheme:	0
crypto-type:	0
aes-ce-id:	0
aes-enc-key:	cert/key/KCEICV.txt
images-table:	cert/Images.txt
nvcounter-val:	1
cert-pkg:	cert/ICVSBContent.crt
2024-12-27 06:17:32,372 - **** Creating Content Certificate ****
2024-12-27 06:17:32,377 - **** Certificate file (context) creation has been completed successfully ****
2024-12-27 06:17:32,830 - Content Certificate Generation Utility started (Logging to sb_content_cert.log)
2024-12-27 06:17:32,830 - Parsing config file: cert/cfg/ICVSBContent.cfg
2024-12-27 06:17:32,830 - Parsed config items:
cert-keypair:	cert/key/ICVSBContent.pem
cert-keypair-pwd:	cert/key/ICVSBContent.pwd
load-verify-scheme:	0
crypto-type:	0
aes-ce-id:	0
aes-enc-key:	cert/key/KCEICV.txt
images-table:	cert/Images.txt
nvcounter-val:	1
cert-pkg:	cert/ICVSBContent.crt
2024-12-27 06:17:32,831 - **** Creating Content Certificate ****
2024-12-27 06:17:32,837 - **** Certificate file (context) creation has been completed successfully ****
2024-12-27 06:17:33,123 - Content Certificate Generation Utility started (Logging to sb_content_cert.log)
2024-12-27 06:17:33,123 - Parsing config file: cert/cfg/ICVSBContent.cfg
2024-12-27 06:17:33,124 - Parsed config items:
cert-keypair:	cert/key/ICVSBContent.pem
cert-keypair-pwd:	cert/key/ICVSBContent.pwd
load-verify-scheme:	0
crypto-type:	0
aes-ce-id:	0
aes-enc-key:	cert/key/KCEICV.txt
images-table:	cert/Images.txt
nvcounter-val:	1
cert-pkg:	cert/ICVSBContent.crt
2024-12-27 06:17:33,124 - **** Creating Content Certificate ****
2024-12-27 06:17:33,129 - **** Certificate file (context) creation has been completed successfully ****
2024-12-27 06:17:34,738 - Content Certificate Generation Utility started (Logging to sb_content_cert.log)
2024-12-27 06:17:34,738 - Parsing config file: cert/cfg/ICVSBContent.cfg
2024-12-27 06:17:34,738 - Parsed config items:
cert-keypair:	cert/key/ICVSBContent.pem
cert-keypair-pwd:	cert/key/ICVSBContent.pwd
load-verify-scheme:	0
crypto-type:	0
aes-ce-id:	0
aes-enc-key:	cert/key/KCEICV.txt
images-table:	cert/Images.txt
nvcounter-val:	1
cert-pkg:	cert/ICVSBContent.crt
2024-12-27 06:17:34,739 - **** Creating Content Certificate ****
2024-12-27 06:17:34,744 - **** Certificate file (context) creation has been completed successfully ****
2024-12-27 06:17:35,043 - Content Certificate Generation Utility started (Logging to sb_content_cert.log)
2024-12-27 06:17:35,044 - Parsing config file: cert/cfg/ICVSBContent.cfg
2024-12-27 06:17:35,044 - Parsed config items:
cert-keypair:	cert/key/ICVSBContent.pem
cert-keypair-pwd:	cert/key/ICVSBContent.pwd
load-verify-scheme:	0
crypto-type:	0
aes-ce-id:	0
aes-enc-key:	cert/key/KCEICV.txt
images-table:	cert/Images.txt
nvcounter-val:	1
cert-pkg:	cert/ICVSBContent.crt
2024-12-27 06:17:35,044 - **** Creating Content Certificate ****
2024-12-27 06:17:35,049 - **** Certificate file (context) creation has been completed successfully ****
2024-12-27 06:17:48,537 - Content Certificate Generation Utility started (Logging to sb_content_cert.log)
2024-12-27 06:17:48,537 - Parsing config file: cert/cfg/ICVSBContent.cfg
2024-12-27 06:17:48,537 - Parsed config items:
cert-keypair:	cert/key/ICVSBContent.pem
cert-keypair-pwd:	cert/key/ICVSBContent.pwd
load-verify-scheme:	0
crypto-type:	0
aes-ce-id:	0
aes-enc-key:	cert/key/KCEICV.txt
images-table:	cert/Images.txt
nvcounter-val:	1
cert-pkg:	cert/ICVSBContent.crt
2024-12-27 06:17:48,537 - **** Creating Content Certificate ****
2024-12-27 06:17:48,543 - **** Certificate file (context) creation has been completed successfully ****
2024-12-27 06:17:48,823 - Content Certificate Generation Utility started (Logging to sb_content_cert.log)
2024-12-27 06:17:48,823 - Parsing config file: cert/cfg/ICVSBContent.cfg
2024-12-27 06:17:48,823 - Parsed config items:
cert-keypair:	cert/key/ICVSBContent.pem
cert-keypair-pwd:	cert/key/ICVSBContent.pwd
load-verify-scheme:	0
crypto-type:	0
aes-ce-id:	0
aes-enc-key:	cert/key/KCEICV.txt
images-table:	cert/Images.txt
nvcounter-val:	1
cert-pkg:	cert/ICVSBContent.crt
2024-12-27 06:17:48,824 - **** Creating Content Certificate ****
2024-12-27 06:17:48,829 - **** Certificate file (context) creation has been completed successfully ****
2024-12-27 06:17:49,284 - Content Certificate Generation Utility started (Logging to sb_content_cert.log)
2024-12-27 06:17:49,285 - Parsing config file: cert/cfg/ICVSBContent.cfg
2024-12-27 06:17:49,285 - Parsed config items:
cert-keypair:	cert/key/ICVSBContent.pem
cert-keypair-pwd:	cert/key/ICVSBContent.pwd
load-verify-scheme:	0
crypto-type:	0
aes-ce-id:	0
aes-enc-key:	cert/key/KCEICV.txt
images-table:	cert/Images.txt
nvcounter-val:	1
cert-pkg:	cert/ICVSBContent.crt
2024-12-27 06:17:49,285 - **** Creating Content Certificate ****
2024-12-27 06:17:49,291 - **** Certificate file (context) creation has been completed successfully ****
2024-12-27 06:17:49,574 - Content Certificate Generation Utility started (Logging to sb_content_cert.log)
2024-12-27 06:17:49,574 - Parsing config file: cert/cfg/ICVSBContent.cfg
2024-12-27 06:17:49,574 - Parsed config items:
cert-keypair:	cert/key/ICVSBContent.pem
cert-keypair-pwd:	cert/key/ICVSBContent.pwd
load-verify-scheme:	0
crypto-type:	0
aes-ce-id:	0
aes-enc-key:	cert/key/KCEICV.txt
images-table:	cert/Images.txt
nvcounter-val:	1
cert-pkg:	cert/ICVSBContent.crt
2024-12-27 06:17:49,574 - **** Creating Content Certificate ****
2024-12-27 06:17:49,580 - **** Certificate file (context) creation has been completed successfully ****
2024-12-27 06:17:51,186 - Content Certificate Generation Utility started (Logging to sb_content_cert.log)
2024-12-27 06:17:51,186 - Parsing config file: cert/cfg/ICVSBContent.cfg
2024-12-27 06:17:51,186 - Parsed config items:
cert-keypair:	cert/key/ICVSBContent.pem
cert-keypair-pwd:	cert/key/ICVSBContent.pwd
load-verify-scheme:	0
crypto-type:	0
aes-ce-id:	0
aes-enc-key:	cert/key/KCEICV.txt
images-table:	cert/Images.txt
nvcounter-val:	1
cert-pkg:	cert/ICVSBContent.crt
2024-12-27 06:17:51,187 - **** Creating Content Certificate ****
2024-12-27 06:17:51,192 - **** Certificate file (context) creation has been completed successfully ****
2024-12-27 06:17:51,492 - Content Certificate Generation Utility started (Logging to sb_content_cert.log)
2024-12-27 06:17:51,493 - Parsing config file: cert/cfg/ICVSBContent.cfg
2024-12-27 06:17:51,493 - Parsed config items:
cert-keypair:	cert/key/ICVSBContent.pem
cert-keypair-pwd:	cert/key/ICVSBContent.pwd
load-verify-scheme:	0
crypto-type:	0
aes-ce-id:	0
aes-enc-key:	cert/key/KCEICV.txt
images-table:	cert/Images.txt
nvcounter-val:	1
cert-pkg:	cert/ICVSBContent.crt
2024-12-27 06:17:51,493 - **** Creating Content Certificate ****
2024-12-27 06:17:51,498 - **** Certificate file (context) creation has been completed successfully ****
2024-12-30 01:28:19,864 - Content Certificate Generation Utility started (Logging to sb_content_cert.log)
2024-12-30 01:28:19,864 - Parsing config file: cert/cfg/ICVSBContent.cfg
2024-12-30 01:28:19,864 - Parsed config items:
cert-keypair:	cert/key/ICVSBContent.pem
cert-keypair-pwd:	cert/key/ICVSBContent.pwd
load-verify-scheme:	0
crypto-type:	0
aes-ce-id:	0
aes-enc-key:	cert/key/KCEICV.txt
images-table:	cert/Images.txt
nvcounter-val:	1
cert-pkg:	cert/ICVSBContent.crt
2024-12-30 01:28:19,865 - **** Creating Content Certificate ****
2024-12-30 01:28:19,870 - **** Certificate file (context) creation has been completed successfully ****
2024-12-30 01:28:20,147 - Content Certificate Generation Utility started (Logging to sb_content_cert.log)
2024-12-30 01:28:20,147 - Parsing config file: cert/cfg/ICVSBContent.cfg
2024-12-30 01:28:20,147 - Parsed config items:
cert-keypair:	cert/key/ICVSBContent.pem
cert-keypair-pwd:	cert/key/ICVSBContent.pwd
load-verify-scheme:	0
crypto-type:	0
aes-ce-id:	0
aes-enc-key:	cert/key/KCEICV.txt
images-table:	cert/Images.txt
nvcounter-val:	1
cert-pkg:	cert/ICVSBContent.crt
2024-12-30 01:28:20,147 - **** Creating Content Certificate ****
2024-12-30 01:28:20,153 - **** Certificate file (context) creation has been completed successfully ****
2024-12-30 01:28:20,606 - Content Certificate Generation Utility started (Logging to sb_content_cert.log)
2024-12-30 01:28:20,607 - Parsing config file: cert/cfg/ICVSBContent.cfg
2024-12-30 01:28:20,607 - Parsed config items:
cert-keypair:	cert/key/ICVSBContent.pem
cert-keypair-pwd:	cert/key/ICVSBContent.pwd
load-verify-scheme:	0
crypto-type:	0
aes-ce-id:	0
aes-enc-key:	cert/key/KCEICV.txt
images-table:	cert/Images.txt
nvcounter-val:	1
cert-pkg:	cert/ICVSBContent.crt
2024-12-30 01:28:20,607 - **** Creating Content Certificate ****
2024-12-30 01:28:20,613 - **** Certificate file (context) creation has been completed successfully ****
2024-12-30 01:28:20,898 - Content Certificate Generation Utility started (Logging to sb_content_cert.log)
2024-12-30 01:28:20,898 - Parsing config file: cert/cfg/ICVSBContent.cfg
2024-12-30 01:28:20,898 - Parsed config items:
cert-keypair:	cert/key/ICVSBContent.pem
cert-keypair-pwd:	cert/key/ICVSBContent.pwd
load-verify-scheme:	0
crypto-type:	0
aes-ce-id:	0
aes-enc-key:	cert/key/KCEICV.txt
images-table:	cert/Images.txt
nvcounter-val:	1
cert-pkg:	cert/ICVSBContent.crt
2024-12-30 01:28:20,899 - **** Creating Content Certificate ****
2024-12-30 01:28:20,904 - **** Certificate file (context) creation has been completed successfully ****
2024-12-30 01:30:47,532 - Content Certificate Generation Utility started (Logging to sb_content_cert.log)
2024-12-30 01:30:47,532 - Parsing config file: cert/cfg/ICVSBContent.cfg
2024-12-30 01:30:47,533 - Parsed config items:
cert-keypair:	cert/key/ICVSBContent.pem
cert-keypair-pwd:	cert/key/ICVSBContent.pwd
load-verify-scheme:	0
crypto-type:	0
aes-ce-id:	0
aes-enc-key:	cert/key/KCEICV.txt
images-table:	cert/Images.txt
nvcounter-val:	1
cert-pkg:	cert/ICVSBContent.crt
2024-12-30 01:30:47,533 - **** Creating Content Certificate ****
2024-12-30 01:30:47,538 - **** Certificate file (context) creation has been completed successfully ****
2024-12-30 01:30:47,823 - Content Certificate Generation Utility started (Logging to sb_content_cert.log)
2024-12-30 01:30:47,823 - Parsing config file: cert/cfg/ICVSBContent.cfg
2024-12-30 01:30:47,824 - Parsed config items:
cert-keypair:	cert/key/ICVSBContent.pem
cert-keypair-pwd:	cert/key/ICVSBContent.pwd
load-verify-scheme:	0
crypto-type:	0
aes-ce-id:	0
aes-enc-key:	cert/key/KCEICV.txt
images-table:	cert/Images.txt
nvcounter-val:	1
cert-pkg:	cert/ICVSBContent.crt
2024-12-30 01:30:47,824 - **** Creating Content Certificate ****
2024-12-30 01:30:47,829 - **** Certificate file (context) creation has been completed successfully ****
2024-12-30 01:30:48,272 - Content Certificate Generation Utility started (Logging to sb_content_cert.log)
2024-12-30 01:30:48,272 - Parsing config file: cert/cfg/ICVSBContent.cfg
2024-12-30 01:30:48,272 - Parsed config items:
cert-keypair:	cert/key/ICVSBContent.pem
cert-keypair-pwd:	cert/key/ICVSBContent.pwd
load-verify-scheme:	0
crypto-type:	0
aes-ce-id:	0
aes-enc-key:	cert/key/KCEICV.txt
images-table:	cert/Images.txt
nvcounter-val:	1
cert-pkg:	cert/ICVSBContent.crt
2024-12-30 01:30:48,273 - **** Creating Content Certificate ****
2024-12-30 01:30:48,279 - **** Certificate file (context) creation has been completed successfully ****
2024-12-30 01:30:48,562 - Content Certificate Generation Utility started (Logging to sb_content_cert.log)
2024-12-30 01:30:48,562 - Parsing config file: cert/cfg/ICVSBContent.cfg
2024-12-30 01:30:48,562 - Parsed config items:
cert-keypair:	cert/key/ICVSBContent.pem
cert-keypair-pwd:	cert/key/ICVSBContent.pwd
load-verify-scheme:	0
crypto-type:	0
aes-ce-id:	0
aes-enc-key:	cert/key/KCEICV.txt
images-table:	cert/Images.txt
nvcounter-val:	1
cert-pkg:	cert/ICVSBContent.crt
2024-12-30 01:30:48,562 - **** Creating Content Certificate ****
2024-12-30 01:30:48,568 - **** Certificate file (context) creation has been completed successfully ****
2024-12-30 01:30:59,796 - Content Certificate Generation Utility started (Logging to sb_content_cert.log)
2024-12-30 01:30:59,796 - Parsing config file: cert/cfg/ICVSBContent.cfg
2024-12-30 01:30:59,796 - Parsed config items:
cert-keypair:	cert/key/ICVSBContent.pem
cert-keypair-pwd:	cert/key/ICVSBContent.pwd
load-verify-scheme:	0
crypto-type:	0
aes-ce-id:	0
aes-enc-key:	cert/key/KCEICV.txt
images-table:	cert/Images.txt
nvcounter-val:	1
cert-pkg:	cert/ICVSBContent.crt
2024-12-30 01:30:59,797 - **** Creating Content Certificate ****
2024-12-30 01:30:59,802 - **** Certificate file (context) creation has been completed successfully ****
2024-12-30 01:31:00,082 - Content Certificate Generation Utility started (Logging to sb_content_cert.log)
2024-12-30 01:31:00,082 - Parsing config file: cert/cfg/ICVSBContent.cfg
2024-12-30 01:31:00,082 - Parsed config items:
cert-keypair:	cert/key/ICVSBContent.pem
cert-keypair-pwd:	cert/key/ICVSBContent.pwd
load-verify-scheme:	0
crypto-type:	0
aes-ce-id:	0
aes-enc-key:	cert/key/KCEICV.txt
images-table:	cert/Images.txt
nvcounter-val:	1
cert-pkg:	cert/ICVSBContent.crt
2024-12-30 01:31:00,083 - **** Creating Content Certificate ****
2024-12-30 01:31:00,088 - **** Certificate file (context) creation has been completed successfully ****
2024-12-30 01:31:00,544 - Content Certificate Generation Utility started (Logging to sb_content_cert.log)
2024-12-30 01:31:00,544 - Parsing config file: cert/cfg/ICVSBContent.cfg
2024-12-30 01:31:00,545 - Parsed config items:
cert-keypair:	cert/key/ICVSBContent.pem
cert-keypair-pwd:	cert/key/ICVSBContent.pwd
load-verify-scheme:	0
crypto-type:	0
aes-ce-id:	0
aes-enc-key:	cert/key/KCEICV.txt
images-table:	cert/Images.txt
nvcounter-val:	1
cert-pkg:	cert/ICVSBContent.crt
2024-12-30 01:31:00,545 - **** Creating Content Certificate ****
2024-12-30 01:31:00,551 - **** Certificate file (context) creation has been completed successfully ****
2024-12-30 01:31:00,831 - Content Certificate Generation Utility started (Logging to sb_content_cert.log)
2024-12-30 01:31:00,831 - Parsing config file: cert/cfg/ICVSBContent.cfg
2024-12-30 01:31:00,832 - Parsed config items:
cert-keypair:	cert/key/ICVSBContent.pem
cert-keypair-pwd:	cert/key/ICVSBContent.pwd
load-verify-scheme:	0
crypto-type:	0
aes-ce-id:	0
aes-enc-key:	cert/key/KCEICV.txt
images-table:	cert/Images.txt
nvcounter-val:	1
cert-pkg:	cert/ICVSBContent.crt
2024-12-30 01:31:00,832 - **** Creating Content Certificate ****
2024-12-30 01:31:00,837 - **** Certificate file (context) creation has been completed successfully ****
2024-12-30 01:31:02,430 - Content Certificate Generation Utility started (Logging to sb_content_cert.log)
2024-12-30 01:31:02,430 - Parsing config file: cert/cfg/ICVSBContent.cfg
2024-12-30 01:31:02,430 - Parsed config items:
cert-keypair:	cert/key/ICVSBContent.pem
cert-keypair-pwd:	cert/key/ICVSBContent.pwd
load-verify-scheme:	0
crypto-type:	0
aes-ce-id:	0
aes-enc-key:	cert/key/KCEICV.txt
images-table:	cert/Images.txt
nvcounter-val:	1
cert-pkg:	cert/ICVSBContent.crt
2024-12-30 01:31:02,431 - **** Creating Content Certificate ****
2024-12-30 01:31:02,436 - **** Certificate file (context) creation has been completed successfully ****
2024-12-30 01:31:02,732 - Content Certificate Generation Utility started (Logging to sb_content_cert.log)
2024-12-30 01:31:02,733 - Parsing config file: cert/cfg/ICVSBContent.cfg
2024-12-30 01:31:02,733 - Parsed config items:
cert-keypair:	cert/key/ICVSBContent.pem
cert-keypair-pwd:	cert/key/ICVSBContent.pwd
load-verify-scheme:	0
crypto-type:	0
aes-ce-id:	0
aes-enc-key:	cert/key/KCEICV.txt
images-table:	cert/Images.txt
nvcounter-val:	1
cert-pkg:	cert/ICVSBContent.crt
2024-12-30 01:31:02,733 - **** Creating Content Certificate ****
2024-12-30 01:31:02,738 - **** Certificate file (context) creation has been completed successfully ****
2024-12-30 01:55:27,458 - Content Certificate Generation Utility started (Logging to sb_content_cert.log)
2024-12-30 01:55:27,459 - Parsing config file: cert/cfg/ICVSBContent.cfg
2024-12-30 01:55:27,459 - Parsed config items:
cert-keypair:	cert/key/ICVSBContent.pem
cert-keypair-pwd:	cert/key/ICVSBContent.pwd
load-verify-scheme:	0
crypto-type:	0
aes-ce-id:	0
aes-enc-key:	cert/key/KCEICV.txt
images-table:	cert/Images.txt
nvcounter-val:	1
cert-pkg:	cert/ICVSBContent.crt
2024-12-30 01:55:27,459 - **** Creating Content Certificate ****
2024-12-30 01:55:27,464 - **** Certificate file (context) creation has been completed successfully ****
2024-12-30 01:55:27,723 - Content Certificate Generation Utility started (Logging to sb_content_cert.log)
2024-12-30 01:55:27,723 - Parsing config file: cert/cfg/ICVSBContent.cfg
2024-12-30 01:55:27,724 - Parsed config items:
cert-keypair:	cert/key/ICVSBContent.pem
cert-keypair-pwd:	cert/key/ICVSBContent.pwd
load-verify-scheme:	0
crypto-type:	0
aes-ce-id:	0
aes-enc-key:	cert/key/KCEICV.txt
images-table:	cert/Images.txt
nvcounter-val:	1
cert-pkg:	cert/ICVSBContent.crt
2024-12-30 01:55:27,724 - **** Creating Content Certificate ****
2024-12-30 01:55:27,729 - **** Certificate file (context) creation has been completed successfully ****
2024-12-30 01:55:28,183 - Content Certificate Generation Utility started (Logging to sb_content_cert.log)
2024-12-30 01:55:28,183 - Parsing config file: cert/cfg/ICVSBContent.cfg
2024-12-30 01:55:28,183 - Parsed config items:
cert-keypair:	cert/key/ICVSBContent.pem
cert-keypair-pwd:	cert/key/ICVSBContent.pwd
load-verify-scheme:	0
crypto-type:	0
aes-ce-id:	0
aes-enc-key:	cert/key/KCEICV.txt
images-table:	cert/Images.txt
nvcounter-val:	1
cert-pkg:	cert/ICVSBContent.crt
2024-12-30 01:55:28,183 - **** Creating Content Certificate ****
2024-12-30 01:55:28,189 - **** Certificate file (context) creation has been completed successfully ****
2024-12-30 01:55:28,475 - Content Certificate Generation Utility started (Logging to sb_content_cert.log)
2024-12-30 01:55:28,475 - Parsing config file: cert/cfg/ICVSBContent.cfg
2024-12-30 01:55:28,475 - Parsed config items:
cert-keypair:	cert/key/ICVSBContent.pem
cert-keypair-pwd:	cert/key/ICVSBContent.pwd
load-verify-scheme:	0
crypto-type:	0
aes-ce-id:	0
aes-enc-key:	cert/key/KCEICV.txt
images-table:	cert/Images.txt
nvcounter-val:	1
cert-pkg:	cert/ICVSBContent.crt
2024-12-30 01:55:28,475 - **** Creating Content Certificate ****
2024-12-30 01:55:28,481 - **** Certificate file (context) creation has been completed successfully ****
2024-12-30 01:55:41,734 - Content Certificate Generation Utility started (Logging to sb_content_cert.log)
2024-12-30 01:55:41,734 - Parsing config file: cert/cfg/ICVSBContent.cfg
2024-12-30 01:55:41,734 - Parsed config items:
cert-keypair:	cert/key/ICVSBContent.pem
cert-keypair-pwd:	cert/key/ICVSBContent.pwd
load-verify-scheme:	0
crypto-type:	0
aes-ce-id:	0
aes-enc-key:	cert/key/KCEICV.txt
images-table:	cert/Images.txt
nvcounter-val:	1
cert-pkg:	cert/ICVSBContent.crt
2024-12-30 01:55:41,735 - **** Creating Content Certificate ****
2024-12-30 01:55:41,740 - **** Certificate file (context) creation has been completed successfully ****
2024-12-30 01:55:42,018 - Content Certificate Generation Utility started (Logging to sb_content_cert.log)
2024-12-30 01:55:42,018 - Parsing config file: cert/cfg/ICVSBContent.cfg
2024-12-30 01:55:42,018 - Parsed config items:
cert-keypair:	cert/key/ICVSBContent.pem
cert-keypair-pwd:	cert/key/ICVSBContent.pwd
load-verify-scheme:	0
crypto-type:	0
aes-ce-id:	0
aes-enc-key:	cert/key/KCEICV.txt
images-table:	cert/Images.txt
nvcounter-val:	1
cert-pkg:	cert/ICVSBContent.crt
2024-12-30 01:55:42,019 - **** Creating Content Certificate ****
2024-12-30 01:55:42,024 - **** Certificate file (context) creation has been completed successfully ****
2024-12-30 01:55:42,487 - Content Certificate Generation Utility started (Logging to sb_content_cert.log)
2024-12-30 01:55:42,487 - Parsing config file: cert/cfg/ICVSBContent.cfg
2024-12-30 01:55:42,487 - Parsed config items:
cert-keypair:	cert/key/ICVSBContent.pem
cert-keypair-pwd:	cert/key/ICVSBContent.pwd
load-verify-scheme:	0
crypto-type:	0
aes-ce-id:	0
aes-enc-key:	cert/key/KCEICV.txt
images-table:	cert/Images.txt
nvcounter-val:	1
cert-pkg:	cert/ICVSBContent.crt
2024-12-30 01:55:42,487 - **** Creating Content Certificate ****
2024-12-30 01:55:42,494 - **** Certificate file (context) creation has been completed successfully ****
2024-12-30 01:55:42,778 - Content Certificate Generation Utility started (Logging to sb_content_cert.log)
2024-12-30 01:55:42,778 - Parsing config file: cert/cfg/ICVSBContent.cfg
2024-12-30 01:55:42,778 - Parsed config items:
cert-keypair:	cert/key/ICVSBContent.pem
cert-keypair-pwd:	cert/key/ICVSBContent.pwd
load-verify-scheme:	0
crypto-type:	0
aes-ce-id:	0
aes-enc-key:	cert/key/KCEICV.txt
images-table:	cert/Images.txt
nvcounter-val:	1
cert-pkg:	cert/ICVSBContent.crt
2024-12-30 01:55:42,778 - **** Creating Content Certificate ****
2024-12-30 01:55:42,784 - **** Certificate file (context) creation has been completed successfully ****
2024-12-30 01:55:44,380 - Content Certificate Generation Utility started (Logging to sb_content_cert.log)
2024-12-30 01:55:44,380 - Parsing config file: cert/cfg/ICVSBContent.cfg
2024-12-30 01:55:44,381 - Parsed config items:
cert-keypair:	cert/key/ICVSBContent.pem
cert-keypair-pwd:	cert/key/ICVSBContent.pwd
load-verify-scheme:	0
crypto-type:	0
aes-ce-id:	0
aes-enc-key:	cert/key/KCEICV.txt
images-table:	cert/Images.txt
nvcounter-val:	1
cert-pkg:	cert/ICVSBContent.crt
2024-12-30 01:55:44,381 - **** Creating Content Certificate ****
2024-12-30 01:55:44,386 - **** Certificate file (context) creation has been completed successfully ****
2024-12-30 01:55:44,698 - Content Certificate Generation Utility started (Logging to sb_content_cert.log)
2024-12-30 01:55:44,698 - Parsing config file: cert/cfg/ICVSBContent.cfg
2024-12-30 01:55:44,698 - Parsed config items:
cert-keypair:	cert/key/ICVSBContent.pem
cert-keypair-pwd:	cert/key/ICVSBContent.pwd
load-verify-scheme:	0
crypto-type:	0
aes-ce-id:	0
aes-enc-key:	cert/key/KCEICV.txt
images-table:	cert/Images.txt
nvcounter-val:	1
cert-pkg:	cert/ICVSBContent.crt
2024-12-30 01:55:44,699 - **** Creating Content Certificate ****
2024-12-30 01:55:44,704 - **** Certificate file (context) creation has been completed successfully ****
2024-12-30 01:59:24,701 - Content Certificate Generation Utility started (Logging to sb_content_cert.log)
2024-12-30 01:59:24,701 - Parsing config file: cert/cfg/ICVSBContent.cfg
2024-12-30 01:59:24,702 - Parsed config items:
cert-keypair:	cert/key/ICVSBContent.pem
cert-keypair-pwd:	cert/key/ICVSBContent.pwd
load-verify-scheme:	0
crypto-type:	0
aes-ce-id:	0
aes-enc-key:	cert/key/KCEICV.txt
images-table:	cert/Images.txt
nvcounter-val:	1
cert-pkg:	cert/ICVSBContent.crt
2024-12-30 01:59:24,702 - **** Creating Content Certificate ****
2024-12-30 01:59:24,707 - **** Certificate file (context) creation has been completed successfully ****
2024-12-30 01:59:24,988 - Content Certificate Generation Utility started (Logging to sb_content_cert.log)
2024-12-30 01:59:24,988 - Parsing config file: cert/cfg/ICVSBContent.cfg
2024-12-30 01:59:24,988 - Parsed config items:
cert-keypair:	cert/key/ICVSBContent.pem
cert-keypair-pwd:	cert/key/ICVSBContent.pwd
load-verify-scheme:	0
crypto-type:	0
aes-ce-id:	0
aes-enc-key:	cert/key/KCEICV.txt
images-table:	cert/Images.txt
nvcounter-val:	1
cert-pkg:	cert/ICVSBContent.crt
2024-12-30 01:59:24,989 - **** Creating Content Certificate ****
2024-12-30 01:59:24,994 - **** Certificate file (context) creation has been completed successfully ****
2024-12-30 01:59:25,444 - Content Certificate Generation Utility started (Logging to sb_content_cert.log)
2024-12-30 01:59:25,444 - Parsing config file: cert/cfg/ICVSBContent.cfg
2024-12-30 01:59:25,445 - Parsed config items:
cert-keypair:	cert/key/ICVSBContent.pem
cert-keypair-pwd:	cert/key/ICVSBContent.pwd
load-verify-scheme:	0
crypto-type:	0
aes-ce-id:	0
aes-enc-key:	cert/key/KCEICV.txt
images-table:	cert/Images.txt
nvcounter-val:	1
cert-pkg:	cert/ICVSBContent.crt
2024-12-30 01:59:25,445 - **** Creating Content Certificate ****
2024-12-30 01:59:25,451 - **** Certificate file (context) creation has been completed successfully ****
2024-12-30 01:59:25,732 - Content Certificate Generation Utility started (Logging to sb_content_cert.log)
2024-12-30 01:59:25,732 - Parsing config file: cert/cfg/ICVSBContent.cfg
2024-12-30 01:59:25,732 - Parsed config items:
cert-keypair:	cert/key/ICVSBContent.pem
cert-keypair-pwd:	cert/key/ICVSBContent.pwd
load-verify-scheme:	0
crypto-type:	0
aes-ce-id:	0
aes-enc-key:	cert/key/KCEICV.txt
images-table:	cert/Images.txt
nvcounter-val:	1
cert-pkg:	cert/ICVSBContent.crt
2024-12-30 01:59:25,732 - **** Creating Content Certificate ****
2024-12-30 01:59:25,737 - **** Certificate file (context) creation has been completed successfully ****
2024-12-30 01:59:27,335 - Content Certificate Generation Utility started (Logging to sb_content_cert.log)
2024-12-30 01:59:27,335 - Parsing config file: cert/cfg/ICVSBContent.cfg
2024-12-30 01:59:27,335 - Parsed config items:
cert-keypair:	cert/key/ICVSBContent.pem
cert-keypair-pwd:	cert/key/ICVSBContent.pwd
load-verify-scheme:	0
crypto-type:	0
aes-ce-id:	0
aes-enc-key:	cert/key/KCEICV.txt
images-table:	cert/Images.txt
nvcounter-val:	1
cert-pkg:	cert/ICVSBContent.crt
2024-12-30 01:59:27,336 - **** Creating Content Certificate ****
2024-12-30 01:59:27,341 - **** Certificate file (context) creation has been completed successfully ****
2024-12-30 01:59:27,634 - Content Certificate Generation Utility started (Logging to sb_content_cert.log)
2024-12-30 01:59:27,634 - Parsing config file: cert/cfg/ICVSBContent.cfg
2024-12-30 01:59:27,634 - Parsed config items:
cert-keypair:	cert/key/ICVSBContent.pem
cert-keypair-pwd:	cert/key/ICVSBContent.pwd
load-verify-scheme:	0
crypto-type:	0
aes-ce-id:	0
aes-enc-key:	cert/key/KCEICV.txt
images-table:	cert/Images.txt
nvcounter-val:	1
cert-pkg:	cert/ICVSBContent.crt
2024-12-30 01:59:27,634 - **** Creating Content Certificate ****
2024-12-30 01:59:27,639 - **** Certificate file (context) creation has been completed successfully ****
2024-12-30 02:01:59,098 - Content Certificate Generation Utility started (Logging to sb_content_cert.log)
2024-12-30 02:01:59,098 - Parsing config file: cert/cfg/ICVSBContent.cfg
2024-12-30 02:01:59,098 - Parsed config items:
cert-keypair:	cert/key/ICVSBContent.pem
cert-keypair-pwd:	cert/key/ICVSBContent.pwd
load-verify-scheme:	0
crypto-type:	0
aes-ce-id:	0
aes-enc-key:	cert/key/KCEICV.txt
images-table:	cert/Images.txt
nvcounter-val:	1
cert-pkg:	cert/ICVSBContent.crt
2024-12-30 02:01:59,099 - **** Creating Content Certificate ****
2024-12-30 02:01:59,104 - **** Certificate file (context) creation has been completed successfully ****
2024-12-30 02:01:59,383 - Content Certificate Generation Utility started (Logging to sb_content_cert.log)
2024-12-30 02:01:59,383 - Parsing config file: cert/cfg/ICVSBContent.cfg
2024-12-30 02:01:59,383 - Parsed config items:
cert-keypair:	cert/key/ICVSBContent.pem
cert-keypair-pwd:	cert/key/ICVSBContent.pwd
load-verify-scheme:	0
crypto-type:	0
aes-ce-id:	0
aes-enc-key:	cert/key/KCEICV.txt
images-table:	cert/Images.txt
nvcounter-val:	1
cert-pkg:	cert/ICVSBContent.crt
2024-12-30 02:01:59,384 - **** Creating Content Certificate ****
2024-12-30 02:01:59,389 - **** Certificate file (context) creation has been completed successfully ****
2024-12-30 02:01:59,852 - Content Certificate Generation Utility started (Logging to sb_content_cert.log)
2024-12-30 02:01:59,852 - Parsing config file: cert/cfg/ICVSBContent.cfg
2024-12-30 02:01:59,853 - Parsed config items:
cert-keypair:	cert/key/ICVSBContent.pem
cert-keypair-pwd:	cert/key/ICVSBContent.pwd
load-verify-scheme:	0
crypto-type:	0
aes-ce-id:	0
aes-enc-key:	cert/key/KCEICV.txt
images-table:	cert/Images.txt
nvcounter-val:	1
cert-pkg:	cert/ICVSBContent.crt
2024-12-30 02:01:59,853 - **** Creating Content Certificate ****
2024-12-30 02:01:59,859 - **** Certificate file (context) creation has been completed successfully ****
2024-12-30 02:02:00,143 - Content Certificate Generation Utility started (Logging to sb_content_cert.log)
2024-12-30 02:02:00,144 - Parsing config file: cert/cfg/ICVSBContent.cfg
2024-12-30 02:02:00,144 - Parsed config items:
cert-keypair:	cert/key/ICVSBContent.pem
cert-keypair-pwd:	cert/key/ICVSBContent.pwd
load-verify-scheme:	0
crypto-type:	0
aes-ce-id:	0
aes-enc-key:	cert/key/KCEICV.txt
images-table:	cert/Images.txt
nvcounter-val:	1
cert-pkg:	cert/ICVSBContent.crt
2024-12-30 02:02:00,144 - **** Creating Content Certificate ****
2024-12-30 02:02:00,149 - **** Certificate file (context) creation has been completed successfully ****
2024-12-30 02:02:22,092 - Content Certificate Generation Utility started (Logging to sb_content_cert.log)
2024-12-30 02:02:22,092 - Parsing config file: cert/cfg/ICVSBContent.cfg
2024-12-30 02:02:22,093 - Parsed config items:
cert-keypair:	cert/key/ICVSBContent.pem
cert-keypair-pwd:	cert/key/ICVSBContent.pwd
load-verify-scheme:	0
crypto-type:	0
aes-ce-id:	0
aes-enc-key:	cert/key/KCEICV.txt
images-table:	cert/Images.txt
nvcounter-val:	1
cert-pkg:	cert/ICVSBContent.crt
2024-12-30 02:02:22,093 - **** Creating Content Certificate ****
2024-12-30 02:02:22,098 - **** Certificate file (context) creation has been completed successfully ****
2024-12-30 02:02:22,381 - Content Certificate Generation Utility started (Logging to sb_content_cert.log)
2024-12-30 02:02:22,382 - Parsing config file: cert/cfg/ICVSBContent.cfg
2024-12-30 02:02:22,382 - Parsed config items:
cert-keypair:	cert/key/ICVSBContent.pem
cert-keypair-pwd:	cert/key/ICVSBContent.pwd
load-verify-scheme:	0
crypto-type:	0
aes-ce-id:	0
aes-enc-key:	cert/key/KCEICV.txt
images-table:	cert/Images.txt
nvcounter-val:	1
cert-pkg:	cert/ICVSBContent.crt
2024-12-30 02:02:22,382 - **** Creating Content Certificate ****
2024-12-30 02:02:22,387 - **** Certificate file (context) creation has been completed successfully ****
2024-12-30 02:02:22,835 - Content Certificate Generation Utility started (Logging to sb_content_cert.log)
2024-12-30 02:02:22,835 - Parsing config file: cert/cfg/ICVSBContent.cfg
2024-12-30 02:02:22,836 - Parsed config items:
cert-keypair:	cert/key/ICVSBContent.pem
cert-keypair-pwd:	cert/key/ICVSBContent.pwd
load-verify-scheme:	0
crypto-type:	0
aes-ce-id:	0
aes-enc-key:	cert/key/KCEICV.txt
images-table:	cert/Images.txt
nvcounter-val:	1
cert-pkg:	cert/ICVSBContent.crt
2024-12-30 02:02:22,836 - **** Creating Content Certificate ****
2024-12-30 02:02:22,842 - **** Certificate file (context) creation has been completed successfully ****
2024-12-30 02:02:23,126 - Content Certificate Generation Utility started (Logging to sb_content_cert.log)
2024-12-30 02:02:23,126 - Parsing config file: cert/cfg/ICVSBContent.cfg
2024-12-30 02:02:23,127 - Parsed config items:
cert-keypair:	cert/key/ICVSBContent.pem
cert-keypair-pwd:	cert/key/ICVSBContent.pwd
load-verify-scheme:	0
crypto-type:	0
aes-ce-id:	0
aes-enc-key:	cert/key/KCEICV.txt
images-table:	cert/Images.txt
nvcounter-val:	1
cert-pkg:	cert/ICVSBContent.crt
2024-12-30 02:02:23,127 - **** Creating Content Certificate ****
2024-12-30 02:02:23,132 - **** Certificate file (context) creation has been completed successfully ****
2024-12-30 02:02:35,826 - Content Certificate Generation Utility started (Logging to sb_content_cert.log)
2024-12-30 02:02:35,827 - Parsing config file: cert/cfg/ICVSBContent.cfg
2024-12-30 02:02:35,827 - Parsed config items:
cert-keypair:	cert/key/ICVSBContent.pem
cert-keypair-pwd:	cert/key/ICVSBContent.pwd
load-verify-scheme:	0
crypto-type:	0
aes-ce-id:	0
aes-enc-key:	cert/key/KCEICV.txt
images-table:	cert/Images.txt
nvcounter-val:	1
cert-pkg:	cert/ICVSBContent.crt
2024-12-30 02:02:35,827 - **** Creating Content Certificate ****
2024-12-30 02:02:35,832 - **** Certificate file (context) creation has been completed successfully ****
2024-12-30 02:02:36,115 - Content Certificate Generation Utility started (Logging to sb_content_cert.log)
2024-12-30 02:02:36,116 - Parsing config file: cert/cfg/ICVSBContent.cfg
2024-12-30 02:02:36,116 - Parsed config items:
cert-keypair:	cert/key/ICVSBContent.pem
cert-keypair-pwd:	cert/key/ICVSBContent.pwd
load-verify-scheme:	0
crypto-type:	0
aes-ce-id:	0
aes-enc-key:	cert/key/KCEICV.txt
images-table:	cert/Images.txt
nvcounter-val:	1
cert-pkg:	cert/ICVSBContent.crt
2024-12-30 02:02:36,116 - **** Creating Content Certificate ****
2024-12-30 02:02:36,121 - **** Certificate file (context) creation has been completed successfully ****
2024-12-30 02:02:36,575 - Content Certificate Generation Utility started (Logging to sb_content_cert.log)
2024-12-30 02:02:36,575 - Parsing config file: cert/cfg/ICVSBContent.cfg
2024-12-30 02:02:36,575 - Parsed config items:
cert-keypair:	cert/key/ICVSBContent.pem
cert-keypair-pwd:	cert/key/ICVSBContent.pwd
load-verify-scheme:	0
crypto-type:	0
aes-ce-id:	0
aes-enc-key:	cert/key/KCEICV.txt
images-table:	cert/Images.txt
nvcounter-val:	1
cert-pkg:	cert/ICVSBContent.crt
2024-12-30 02:02:36,576 - **** Creating Content Certificate ****
2024-12-30 02:02:36,582 - **** Certificate file (context) creation has been completed successfully ****
2024-12-30 02:02:36,868 - Content Certificate Generation Utility started (Logging to sb_content_cert.log)
2024-12-30 02:02:36,868 - Parsing config file: cert/cfg/ICVSBContent.cfg
2024-12-30 02:02:36,868 - Parsed config items:
cert-keypair:	cert/key/ICVSBContent.pem
cert-keypair-pwd:	cert/key/ICVSBContent.pwd
load-verify-scheme:	0
crypto-type:	0
aes-ce-id:	0
aes-enc-key:	cert/key/KCEICV.txt
images-table:	cert/Images.txt
nvcounter-val:	1
cert-pkg:	cert/ICVSBContent.crt
2024-12-30 02:02:36,868 - **** Creating Content Certificate ****
2024-12-30 02:02:36,874 - **** Certificate file (context) creation has been completed successfully ****
2024-12-30 02:02:45,201 - Content Certificate Generation Utility started (Logging to sb_content_cert.log)
2024-12-30 02:02:45,201 - Parsing config file: cert/cfg/ICVSBContent.cfg
2024-12-30 02:02:45,201 - Parsed config items:
cert-keypair:	cert/key/ICVSBContent.pem
cert-keypair-pwd:	cert/key/ICVSBContent.pwd
load-verify-scheme:	0
crypto-type:	0
aes-ce-id:	0
aes-enc-key:	cert/key/KCEICV.txt
images-table:	cert/Images.txt
nvcounter-val:	1
cert-pkg:	cert/ICVSBContent.crt
2024-12-30 02:02:45,202 - **** Creating Content Certificate ****
2024-12-30 02:02:45,207 - **** Certificate file (context) creation has been completed successfully ****
2024-12-30 02:02:45,483 - Content Certificate Generation Utility started (Logging to sb_content_cert.log)
2024-12-30 02:02:45,484 - Parsing config file: cert/cfg/ICVSBContent.cfg
2024-12-30 02:02:45,484 - Parsed config items:
cert-keypair:	cert/key/ICVSBContent.pem
cert-keypair-pwd:	cert/key/ICVSBContent.pwd
load-verify-scheme:	0
crypto-type:	0
aes-ce-id:	0
aes-enc-key:	cert/key/KCEICV.txt
images-table:	cert/Images.txt
nvcounter-val:	1
cert-pkg:	cert/ICVSBContent.crt
2024-12-30 02:02:45,484 - **** Creating Content Certificate ****
2024-12-30 02:02:45,489 - **** Certificate file (context) creation has been completed successfully ****
2024-12-30 02:02:45,945 - Content Certificate Generation Utility started (Logging to sb_content_cert.log)
2024-12-30 02:02:45,946 - Parsing config file: cert/cfg/ICVSBContent.cfg
2024-12-30 02:02:45,946 - Parsed config items:
cert-keypair:	cert/key/ICVSBContent.pem
cert-keypair-pwd:	cert/key/ICVSBContent.pwd
load-verify-scheme:	0
crypto-type:	0
aes-ce-id:	0
aes-enc-key:	cert/key/KCEICV.txt
images-table:	cert/Images.txt
nvcounter-val:	1
cert-pkg:	cert/ICVSBContent.crt
2024-12-30 02:02:45,946 - **** Creating Content Certificate ****
2024-12-30 02:02:45,952 - **** Certificate file (context) creation has been completed successfully ****
2024-12-30 02:02:46,234 - Content Certificate Generation Utility started (Logging to sb_content_cert.log)
2024-12-30 02:02:46,234 - Parsing config file: cert/cfg/ICVSBContent.cfg
2024-12-30 02:02:46,235 - Parsed config items:
cert-keypair:	cert/key/ICVSBContent.pem
cert-keypair-pwd:	cert/key/ICVSBContent.pwd
load-verify-scheme:	0
crypto-type:	0
aes-ce-id:	0
aes-enc-key:	cert/key/KCEICV.txt
images-table:	cert/Images.txt
nvcounter-val:	1
cert-pkg:	cert/ICVSBContent.crt
2024-12-30 02:02:46,235 - **** Creating Content Certificate ****
2024-12-30 02:02:46,240 - **** Certificate file (context) creation has been completed successfully ****
2024-12-30 02:02:47,836 - Content Certificate Generation Utility started (Logging to sb_content_cert.log)
2024-12-30 02:02:47,836 - Parsing config file: cert/cfg/ICVSBContent.cfg
2024-12-30 02:02:47,836 - Parsed config items:
cert-keypair:	cert/key/ICVSBContent.pem
cert-keypair-pwd:	cert/key/ICVSBContent.pwd
load-verify-scheme:	0
crypto-type:	0
aes-ce-id:	0
aes-enc-key:	cert/key/KCEICV.txt
images-table:	cert/Images.txt
nvcounter-val:	1
cert-pkg:	cert/ICVSBContent.crt
2024-12-30 02:02:47,837 - **** Creating Content Certificate ****
2024-12-30 02:02:47,842 - **** Certificate file (context) creation has been completed successfully ****
2024-12-30 02:02:48,137 - Content Certificate Generation Utility started (Logging to sb_content_cert.log)
2024-12-30 02:02:48,138 - Parsing config file: cert/cfg/ICVSBContent.cfg
2024-12-30 02:02:48,138 - Parsed config items:
cert-keypair:	cert/key/ICVSBContent.pem
cert-keypair-pwd:	cert/key/ICVSBContent.pwd
load-verify-scheme:	0
crypto-type:	0
aes-ce-id:	0
aes-enc-key:	cert/key/KCEICV.txt
images-table:	cert/Images.txt
nvcounter-val:	1
cert-pkg:	cert/ICVSBContent.crt
2024-12-30 02:02:48,138 - **** Creating Content Certificate ****
2024-12-30 02:02:48,143 - **** Certificate file (context) creation has been completed successfully ****
2024-12-30 02:09:02,348 - Content Certificate Generation Utility started (Logging to sb_content_cert.log)
2024-12-30 02:09:02,348 - Parsing config file: cert/cfg/ICVSBContent.cfg
2024-12-30 02:09:02,348 - Parsed config items:
cert-keypair:	cert/key/ICVSBContent.pem
cert-keypair-pwd:	cert/key/ICVSBContent.pwd
load-verify-scheme:	0
crypto-type:	0
aes-ce-id:	0
aes-enc-key:	cert/key/KCEICV.txt
images-table:	cert/Images.txt
nvcounter-val:	1
cert-pkg:	cert/ICVSBContent.crt
2024-12-30 02:09:02,349 - **** Creating Content Certificate ****
2024-12-30 02:09:02,354 - **** Certificate file (context) creation has been completed successfully ****
2024-12-30 02:09:02,632 - Content Certificate Generation Utility started (Logging to sb_content_cert.log)
2024-12-30 02:09:02,633 - Parsing config file: cert/cfg/ICVSBContent.cfg
2024-12-30 02:09:02,633 - Parsed config items:
cert-keypair:	cert/key/ICVSBContent.pem
cert-keypair-pwd:	cert/key/ICVSBContent.pwd
load-verify-scheme:	0
crypto-type:	0
aes-ce-id:	0
aes-enc-key:	cert/key/KCEICV.txt
images-table:	cert/Images.txt
nvcounter-val:	1
cert-pkg:	cert/ICVSBContent.crt
2024-12-30 02:09:02,633 - **** Creating Content Certificate ****
2024-12-30 02:09:02,638 - **** Certificate file (context) creation has been completed successfully ****
2024-12-30 02:09:03,082 - Content Certificate Generation Utility started (Logging to sb_content_cert.log)
2024-12-30 02:09:03,082 - Parsing config file: cert/cfg/ICVSBContent.cfg
2024-12-30 02:09:03,082 - Parsed config items:
cert-keypair:	cert/key/ICVSBContent.pem
cert-keypair-pwd:	cert/key/ICVSBContent.pwd
load-verify-scheme:	0
crypto-type:	0
aes-ce-id:	0
aes-enc-key:	cert/key/KCEICV.txt
images-table:	cert/Images.txt
nvcounter-val:	1
cert-pkg:	cert/ICVSBContent.crt
2024-12-30 02:09:03,083 - **** Creating Content Certificate ****
2024-12-30 02:09:03,089 - **** Certificate file (context) creation has been completed successfully ****
2024-12-30 02:09:03,371 - Content Certificate Generation Utility started (Logging to sb_content_cert.log)
2024-12-30 02:09:03,371 - Parsing config file: cert/cfg/ICVSBContent.cfg
2024-12-30 02:09:03,371 - Parsed config items:
cert-keypair:	cert/key/ICVSBContent.pem
cert-keypair-pwd:	cert/key/ICVSBContent.pwd
load-verify-scheme:	0
crypto-type:	0
aes-ce-id:	0
aes-enc-key:	cert/key/KCEICV.txt
images-table:	cert/Images.txt
nvcounter-val:	1
cert-pkg:	cert/ICVSBContent.crt
2024-12-30 02:09:03,371 - **** Creating Content Certificate ****
2024-12-30 02:09:03,377 - **** Certificate file (context) creation has been completed successfully ****
2024-12-30 02:09:06,270 - Content Certificate Generation Utility started (Logging to sb_content_cert.log)
2024-12-30 02:09:06,270 - Parsing config file: cert/cfg/ICVSBContent.cfg
2024-12-30 02:09:06,270 - Parsed config items:
cert-keypair:	cert/key/ICVSBContent.pem
cert-keypair-pwd:	cert/key/ICVSBContent.pwd
load-verify-scheme:	0
crypto-type:	0
aes-ce-id:	0
aes-enc-key:	cert/key/KCEICV.txt
images-table:	cert/Images.txt
nvcounter-val:	1
cert-pkg:	cert/ICVSBContent.crt
2024-12-30 02:09:06,271 - **** Creating Content Certificate ****
2024-12-30 02:09:06,276 - **** Certificate file (context) creation has been completed successfully ****
2024-12-30 02:09:15,996 - Content Certificate Generation Utility started (Logging to sb_content_cert.log)
2024-12-30 02:09:15,997 - Parsing config file: cert/cfg/ICVSBContent.cfg
2024-12-30 02:09:15,998 - Parsed config items:
cert-keypair:	cert/key/ICVSBContent.pem
cert-keypair-pwd:	cert/key/ICVSBContent.pwd
load-verify-scheme:	0
crypto-type:	0
aes-ce-id:	0
aes-enc-key:	cert/key/KCEICV.txt
images-table:	cert/Images.txt
nvcounter-val:	1
cert-pkg:	cert/ICVSBContent.crt
2024-12-30 02:09:15,999 - **** Creating Content Certificate ****
2024-12-30 02:09:16,013 - **** Certificate file (context) creation has been completed successfully ****
2024-12-30 02:09:16,482 - Content Certificate Generation Utility started (Logging to sb_content_cert.log)
2024-12-30 02:09:16,482 - Parsing config file: cert/cfg/ICVSBContent.cfg
2024-12-30 02:09:16,483 - Parsed config items:
cert-keypair:	cert/key/ICVSBContent.pem
cert-keypair-pwd:	cert/key/ICVSBContent.pwd
load-verify-scheme:	0
crypto-type:	0
aes-ce-id:	0
aes-enc-key:	cert/key/KCEICV.txt
images-table:	cert/Images.txt
nvcounter-val:	1
cert-pkg:	cert/ICVSBContent.crt
2024-12-30 02:09:16,483 - **** Creating Content Certificate ****
2024-12-30 02:09:16,489 - **** Certificate file (context) creation has been completed successfully ****
2024-12-30 02:09:16,775 - Content Certificate Generation Utility started (Logging to sb_content_cert.log)
2024-12-30 02:09:16,775 - Parsing config file: cert/cfg/ICVSBContent.cfg
2024-12-30 02:09:16,776 - Parsed config items:
cert-keypair:	cert/key/ICVSBContent.pem
cert-keypair-pwd:	cert/key/ICVSBContent.pwd
load-verify-scheme:	0
crypto-type:	0
aes-ce-id:	0
aes-enc-key:	cert/key/KCEICV.txt
images-table:	cert/Images.txt
nvcounter-val:	1
cert-pkg:	cert/ICVSBContent.crt
2024-12-30 02:09:16,776 - **** Creating Content Certificate ****
2024-12-30 02:09:16,781 - **** Certificate file (context) creation has been completed successfully ****
2024-12-30 02:09:29,134 - Content Certificate Generation Utility started (Logging to sb_content_cert.log)
2024-12-30 02:09:29,134 - Parsing config file: cert/cfg/ICVSBContent.cfg
2024-12-30 02:09:29,134 - Parsed config items:
cert-keypair:	cert/key/ICVSBContent.pem
cert-keypair-pwd:	cert/key/ICVSBContent.pwd
load-verify-scheme:	0
crypto-type:	0
aes-ce-id:	0
aes-enc-key:	cert/key/KCEICV.txt
images-table:	cert/Images.txt
nvcounter-val:	1
cert-pkg:	cert/ICVSBContent.crt
2024-12-30 02:09:29,135 - **** Creating Content Certificate ****
2024-12-30 02:09:29,140 - **** Certificate file (context) creation has been completed successfully ****
2024-12-30 02:09:29,424 - Content Certificate Generation Utility started (Logging to sb_content_cert.log)
2024-12-30 02:09:29,424 - Parsing config file: cert/cfg/ICVSBContent.cfg
2024-12-30 02:09:29,425 - Parsed config items:
cert-keypair:	cert/key/ICVSBContent.pem
cert-keypair-pwd:	cert/key/ICVSBContent.pwd
load-verify-scheme:	0
crypto-type:	0
aes-ce-id:	0
aes-enc-key:	cert/key/KCEICV.txt
images-table:	cert/Images.txt
nvcounter-val:	1
cert-pkg:	cert/ICVSBContent.crt
2024-12-30 02:09:29,425 - **** Creating Content Certificate ****
2024-12-30 02:09:29,430 - **** Certificate file (context) creation has been completed successfully ****
2024-12-30 02:09:29,872 - Content Certificate Generation Utility started (Logging to sb_content_cert.log)
2024-12-30 02:09:29,872 - Parsing config file: cert/cfg/ICVSBContent.cfg
2024-12-30 02:09:29,872 - Parsed config items:
cert-keypair:	cert/key/ICVSBContent.pem
cert-keypair-pwd:	cert/key/ICVSBContent.pwd
load-verify-scheme:	0
crypto-type:	0
aes-ce-id:	0
aes-enc-key:	cert/key/KCEICV.txt
images-table:	cert/Images.txt
nvcounter-val:	1
cert-pkg:	cert/ICVSBContent.crt
2024-12-30 02:09:29,872 - **** Creating Content Certificate ****
2024-12-30 02:09:29,878 - **** Certificate file (context) creation has been completed successfully ****
2024-12-30 02:09:30,165 - Content Certificate Generation Utility started (Logging to sb_content_cert.log)
2024-12-30 02:09:30,165 - Parsing config file: cert/cfg/ICVSBContent.cfg
2024-12-30 02:09:30,165 - Parsed config items:
cert-keypair:	cert/key/ICVSBContent.pem
cert-keypair-pwd:	cert/key/ICVSBContent.pwd
load-verify-scheme:	0
crypto-type:	0
aes-ce-id:	0
aes-enc-key:	cert/key/KCEICV.txt
images-table:	cert/Images.txt
nvcounter-val:	1
cert-pkg:	cert/ICVSBContent.crt
2024-12-30 02:09:30,165 - **** Creating Content Certificate ****
2024-12-30 02:09:30,171 - **** Certificate file (context) creation has been completed successfully ****
2024-12-30 02:09:31,784 - Content Certificate Generation Utility started (Logging to sb_content_cert.log)
2024-12-30 02:09:31,784 - Parsing config file: cert/cfg/ICVSBContent.cfg
2024-12-30 02:09:31,784 - Parsed config items:
cert-keypair:	cert/key/ICVSBContent.pem
cert-keypair-pwd:	cert/key/ICVSBContent.pwd
load-verify-scheme:	0
crypto-type:	0
aes-ce-id:	0
aes-enc-key:	cert/key/KCEICV.txt
images-table:	cert/Images.txt
nvcounter-val:	1
cert-pkg:	cert/ICVSBContent.crt
2024-12-30 02:09:31,784 - **** Creating Content Certificate ****
2024-12-30 02:09:31,789 - **** Certificate file (context) creation has been completed successfully ****
2024-12-30 02:09:32,091 - Content Certificate Generation Utility started (Logging to sb_content_cert.log)
2024-12-30 02:09:32,091 - Parsing config file: cert/cfg/ICVSBContent.cfg
2024-12-30 02:09:32,092 - Parsed config items:
cert-keypair:	cert/key/ICVSBContent.pem
cert-keypair-pwd:	cert/key/ICVSBContent.pwd
load-verify-scheme:	0
crypto-type:	0
aes-ce-id:	0
aes-enc-key:	cert/key/KCEICV.txt
images-table:	cert/Images.txt
nvcounter-val:	1
cert-pkg:	cert/ICVSBContent.crt
2024-12-30 02:09:32,092 - **** Creating Content Certificate ****
2024-12-30 02:09:32,097 - **** Certificate file (context) creation has been completed successfully ****
2024-12-30 02:14:54,302 - Content Certificate Generation Utility started (Logging to sb_content_cert.log)
2024-12-30 02:14:54,302 - Parsing config file: cert/cfg/ICVSBContent.cfg
2024-12-30 02:14:54,303 - Parsed config items:
cert-keypair:	cert/key/ICVSBContent.pem
cert-keypair-pwd:	cert/key/ICVSBContent.pwd
load-verify-scheme:	0
crypto-type:	0
aes-ce-id:	0
aes-enc-key:	cert/key/KCEICV.txt
images-table:	cert/Images.txt
nvcounter-val:	1
cert-pkg:	cert/ICVSBContent.crt
2024-12-30 02:14:54,303 - **** Creating Content Certificate ****
2024-12-30 02:14:54,308 - **** Certificate file (context) creation has been completed successfully ****
2024-12-30 02:14:54,589 - Content Certificate Generation Utility started (Logging to sb_content_cert.log)
2024-12-30 02:14:54,589 - Parsing config file: cert/cfg/ICVSBContent.cfg
2024-12-30 02:14:54,590 - Parsed config items:
cert-keypair:	cert/key/ICVSBContent.pem
cert-keypair-pwd:	cert/key/ICVSBContent.pwd
load-verify-scheme:	0
crypto-type:	0
aes-ce-id:	0
aes-enc-key:	cert/key/KCEICV.txt
images-table:	cert/Images.txt
nvcounter-val:	1
cert-pkg:	cert/ICVSBContent.crt
2024-12-30 02:14:54,590 - **** Creating Content Certificate ****
2024-12-30 02:14:54,595 - **** Certificate file (context) creation has been completed successfully ****
2024-12-30 02:14:55,066 - Content Certificate Generation Utility started (Logging to sb_content_cert.log)
2024-12-30 02:14:55,066 - Parsing config file: cert/cfg/ICVSBContent.cfg
2024-12-30 02:14:55,066 - Parsed config items:
cert-keypair:	cert/key/ICVSBContent.pem
cert-keypair-pwd:	cert/key/ICVSBContent.pwd
load-verify-scheme:	0
crypto-type:	0
aes-ce-id:	0
aes-enc-key:	cert/key/KCEICV.txt
images-table:	cert/Images.txt
nvcounter-val:	1
cert-pkg:	cert/ICVSBContent.crt
2024-12-30 02:14:55,066 - **** Creating Content Certificate ****
2024-12-30 02:14:55,073 - **** Certificate file (context) creation has been completed successfully ****
2024-12-30 02:14:55,355 - Content Certificate Generation Utility started (Logging to sb_content_cert.log)
2024-12-30 02:14:55,356 - Parsing config file: cert/cfg/ICVSBContent.cfg
2024-12-30 02:14:55,356 - Parsed config items:
cert-keypair:	cert/key/ICVSBContent.pem
cert-keypair-pwd:	cert/key/ICVSBContent.pwd
load-verify-scheme:	0
crypto-type:	0
aes-ce-id:	0
aes-enc-key:	cert/key/KCEICV.txt
images-table:	cert/Images.txt
nvcounter-val:	1
cert-pkg:	cert/ICVSBContent.crt
2024-12-30 02:14:55,356 - **** Creating Content Certificate ****
2024-12-30 02:14:55,361 - **** Certificate file (context) creation has been completed successfully ****
2024-12-30 02:14:56,968 - Content Certificate Generation Utility started (Logging to sb_content_cert.log)
2024-12-30 02:14:56,968 - Parsing config file: cert/cfg/ICVSBContent.cfg
2024-12-30 02:14:56,969 - Parsed config items:
cert-keypair:	cert/key/ICVSBContent.pem
cert-keypair-pwd:	cert/key/ICVSBContent.pwd
load-verify-scheme:	0
crypto-type:	0
aes-ce-id:	0
aes-enc-key:	cert/key/KCEICV.txt
images-table:	cert/Images.txt
nvcounter-val:	1
cert-pkg:	cert/ICVSBContent.crt
2024-12-30 02:14:56,969 - **** Creating Content Certificate ****
2024-12-30 02:14:56,974 - **** Certificate file (context) creation has been completed successfully ****
2024-12-30 02:14:57,275 - Content Certificate Generation Utility started (Logging to sb_content_cert.log)
2024-12-30 02:14:57,275 - Parsing config file: cert/cfg/ICVSBContent.cfg
2024-12-30 02:14:57,276 - Parsed config items:
cert-keypair:	cert/key/ICVSBContent.pem
cert-keypair-pwd:	cert/key/ICVSBContent.pwd
load-verify-scheme:	0
crypto-type:	0
aes-ce-id:	0
aes-enc-key:	cert/key/KCEICV.txt
images-table:	cert/Images.txt
nvcounter-val:	1
cert-pkg:	cert/ICVSBContent.crt
2024-12-30 02:14:57,276 - **** Creating Content Certificate ****
2024-12-30 02:14:57,281 - **** Certificate file (context) creation has been completed successfully ****
2024-12-30 02:17:47,879 - Content Certificate Generation Utility started (Logging to sb_content_cert.log)
2024-12-30 02:17:47,879 - Parsing config file: cert/cfg/ICVSBContent.cfg
2024-12-30 02:17:47,880 - Parsed config items:
cert-keypair:	cert/key/ICVSBContent.pem
cert-keypair-pwd:	cert/key/ICVSBContent.pwd
load-verify-scheme:	0
crypto-type:	0
aes-ce-id:	0
aes-enc-key:	cert/key/KCEICV.txt
images-table:	cert/Images.txt
nvcounter-val:	1
cert-pkg:	cert/ICVSBContent.crt
2024-12-30 02:17:47,880 - **** Creating Content Certificate ****
2024-12-30 02:17:47,885 - **** Certificate file (context) creation has been completed successfully ****
2024-12-30 02:17:48,163 - Content Certificate Generation Utility started (Logging to sb_content_cert.log)
2024-12-30 02:17:48,163 - Parsing config file: cert/cfg/ICVSBContent.cfg
2024-12-30 02:17:48,164 - Parsed config items:
cert-keypair:	cert/key/ICVSBContent.pem
cert-keypair-pwd:	cert/key/ICVSBContent.pwd
load-verify-scheme:	0
crypto-type:	0
aes-ce-id:	0
aes-enc-key:	cert/key/KCEICV.txt
images-table:	cert/Images.txt
nvcounter-val:	1
cert-pkg:	cert/ICVSBContent.crt
2024-12-30 02:17:48,164 - **** Creating Content Certificate ****
2024-12-30 02:17:48,169 - **** Certificate file (context) creation has been completed successfully ****
2024-12-30 02:17:48,622 - Content Certificate Generation Utility started (Logging to sb_content_cert.log)
2024-12-30 02:17:48,622 - Parsing config file: cert/cfg/ICVSBContent.cfg
2024-12-30 02:17:48,623 - Parsed config items:
cert-keypair:	cert/key/ICVSBContent.pem
cert-keypair-pwd:	cert/key/ICVSBContent.pwd
load-verify-scheme:	0
crypto-type:	0
aes-ce-id:	0
aes-enc-key:	cert/key/KCEICV.txt
images-table:	cert/Images.txt
nvcounter-val:	1
cert-pkg:	cert/ICVSBContent.crt
2024-12-30 02:17:48,623 - **** Creating Content Certificate ****
2024-12-30 02:17:48,629 - **** Certificate file (context) creation has been completed successfully ****
2024-12-30 02:17:48,918 - Content Certificate Generation Utility started (Logging to sb_content_cert.log)
2024-12-30 02:17:48,919 - Parsing config file: cert/cfg/ICVSBContent.cfg
2024-12-30 02:17:48,919 - Parsed config items:
cert-keypair:	cert/key/ICVSBContent.pem
cert-keypair-pwd:	cert/key/ICVSBContent.pwd
load-verify-scheme:	0
crypto-type:	0
aes-ce-id:	0
aes-enc-key:	cert/key/KCEICV.txt
images-table:	cert/Images.txt
nvcounter-val:	1
cert-pkg:	cert/ICVSBContent.crt
2024-12-30 02:17:48,919 - **** Creating Content Certificate ****
2024-12-30 02:17:48,925 - **** Certificate file (context) creation has been completed successfully ****
2024-12-30 02:17:50,530 - Content Certificate Generation Utility started (Logging to sb_content_cert.log)
2024-12-30 02:17:50,530 - Parsing config file: cert/cfg/ICVSBContent.cfg
2024-12-30 02:17:50,531 - Parsed config items:
cert-keypair:	cert/key/ICVSBContent.pem
cert-keypair-pwd:	cert/key/ICVSBContent.pwd
load-verify-scheme:	0
crypto-type:	0
aes-ce-id:	0
aes-enc-key:	cert/key/KCEICV.txt
images-table:	cert/Images.txt
nvcounter-val:	1
cert-pkg:	cert/ICVSBContent.crt
2024-12-30 02:17:50,531 - **** Creating Content Certificate ****
2024-12-30 02:17:50,536 - **** Certificate file (context) creation has been completed successfully ****
2024-12-30 02:17:50,836 - Content Certificate Generation Utility started (Logging to sb_content_cert.log)
2024-12-30 02:17:50,837 - Parsing config file: cert/cfg/ICVSBContent.cfg
2024-12-30 02:17:50,837 - Parsed config items:
cert-keypair:	cert/key/ICVSBContent.pem
cert-keypair-pwd:	cert/key/ICVSBContent.pwd
load-verify-scheme:	0
crypto-type:	0
aes-ce-id:	0
aes-enc-key:	cert/key/KCEICV.txt
images-table:	cert/Images.txt
nvcounter-val:	1
cert-pkg:	cert/ICVSBContent.crt
2024-12-30 02:17:50,837 - **** Creating Content Certificate ****
2024-12-30 02:17:50,842 - **** Certificate file (context) creation has been completed successfully ****
2024-12-30 02:18:21,481 - Content Certificate Generation Utility started (Logging to sb_content_cert.log)
2024-12-30 02:18:21,482 - Parsing config file: cert/cfg/ICVSBContent.cfg
2024-12-30 02:18:21,482 - Parsed config items:
cert-keypair:	cert/key/ICVSBContent.pem
cert-keypair-pwd:	cert/key/ICVSBContent.pwd
load-verify-scheme:	0
crypto-type:	0
aes-ce-id:	0
aes-enc-key:	cert/key/KCEICV.txt
images-table:	cert/Images.txt
nvcounter-val:	1
cert-pkg:	cert/ICVSBContent.crt
2024-12-30 02:18:21,482 - **** Creating Content Certificate ****
2024-12-30 02:18:21,487 - **** Certificate file (context) creation has been completed successfully ****
2024-12-30 02:18:21,765 - Content Certificate Generation Utility started (Logging to sb_content_cert.log)
2024-12-30 02:18:21,766 - Parsing config file: cert/cfg/ICVSBContent.cfg
2024-12-30 02:18:21,766 - Parsed config items:
cert-keypair:	cert/key/ICVSBContent.pem
cert-keypair-pwd:	cert/key/ICVSBContent.pwd
load-verify-scheme:	0
crypto-type:	0
aes-ce-id:	0
aes-enc-key:	cert/key/KCEICV.txt
images-table:	cert/Images.txt
nvcounter-val:	1
cert-pkg:	cert/ICVSBContent.crt
2024-12-30 02:18:21,766 - **** Creating Content Certificate ****
2024-12-30 02:18:21,771 - **** Certificate file (context) creation has been completed successfully ****
2024-12-30 02:18:22,225 - Content Certificate Generation Utility started (Logging to sb_content_cert.log)
2024-12-30 02:18:22,226 - Parsing config file: cert/cfg/ICVSBContent.cfg
2024-12-30 02:18:22,226 - Parsed config items:
cert-keypair:	cert/key/ICVSBContent.pem
cert-keypair-pwd:	cert/key/ICVSBContent.pwd
load-verify-scheme:	0
crypto-type:	0
aes-ce-id:	0
aes-enc-key:	cert/key/KCEICV.txt
images-table:	cert/Images.txt
nvcounter-val:	1
cert-pkg:	cert/ICVSBContent.crt
2024-12-30 02:18:22,226 - **** Creating Content Certificate ****
2024-12-30 02:18:22,232 - **** Certificate file (context) creation has been completed successfully ****
2024-12-30 02:18:22,495 - Content Certificate Generation Utility started (Logging to sb_content_cert.log)
2024-12-30 02:18:22,496 - Parsing config file: cert/cfg/ICVSBContent.cfg
2024-12-30 02:18:22,496 - Parsed config items:
cert-keypair:	cert/key/ICVSBContent.pem
cert-keypair-pwd:	cert/key/ICVSBContent.pwd
load-verify-scheme:	0
crypto-type:	0
aes-ce-id:	0
aes-enc-key:	cert/key/KCEICV.txt
images-table:	cert/Images.txt
nvcounter-val:	1
cert-pkg:	cert/ICVSBContent.crt
2024-12-30 02:18:22,496 - **** Creating Content Certificate ****
2024-12-30 02:18:22,501 - **** Certificate file (context) creation has been completed successfully ****
2024-12-30 02:18:24,098 - Content Certificate Generation Utility started (Logging to sb_content_cert.log)
2024-12-30 02:18:24,099 - Parsing config file: cert/cfg/ICVSBContent.cfg
2024-12-30 02:18:24,099 - Parsed config items:
cert-keypair:	cert/key/ICVSBContent.pem
cert-keypair-pwd:	cert/key/ICVSBContent.pwd
load-verify-scheme:	0
crypto-type:	0
aes-ce-id:	0
aes-enc-key:	cert/key/KCEICV.txt
images-table:	cert/Images.txt
nvcounter-val:	1
cert-pkg:	cert/ICVSBContent.crt
2024-12-30 02:18:24,099 - **** Creating Content Certificate ****
2024-12-30 02:18:24,104 - **** Certificate file (context) creation has been completed successfully ****
2024-12-30 02:18:24,403 - Content Certificate Generation Utility started (Logging to sb_content_cert.log)
2024-12-30 02:18:24,404 - Parsing config file: cert/cfg/ICVSBContent.cfg
2024-12-30 02:18:24,404 - Parsed config items:
cert-keypair:	cert/key/ICVSBContent.pem
cert-keypair-pwd:	cert/key/ICVSBContent.pwd
load-verify-scheme:	0
crypto-type:	0
aes-ce-id:	0
aes-enc-key:	cert/key/KCEICV.txt
images-table:	cert/Images.txt
nvcounter-val:	1
cert-pkg:	cert/ICVSBContent.crt
2024-12-30 02:18:24,404 - **** Creating Content Certificate ****
2024-12-30 02:18:24,409 - **** Certificate file (context) creation has been completed successfully ****
2024-12-30 02:20:49,657 - Content Certificate Generation Utility started (Logging to sb_content_cert.log)
2024-12-30 02:20:49,657 - Parsing config file: cert/cfg/ICVSBContent.cfg
2024-12-30 02:20:49,658 - Parsed config items:
cert-keypair:	cert/key/ICVSBContent.pem
cert-keypair-pwd:	cert/key/ICVSBContent.pwd
load-verify-scheme:	0
crypto-type:	0
aes-ce-id:	0
aes-enc-key:	cert/key/KCEICV.txt
images-table:	cert/Images.txt
nvcounter-val:	1
cert-pkg:	cert/ICVSBContent.crt
2024-12-30 02:20:49,658 - **** Creating Content Certificate ****
2024-12-30 02:20:49,663 - **** Certificate file (context) creation has been completed successfully ****
2024-12-30 02:20:49,946 - Content Certificate Generation Utility started (Logging to sb_content_cert.log)
2024-12-30 02:20:49,946 - Parsing config file: cert/cfg/ICVSBContent.cfg
2024-12-30 02:20:49,946 - Parsed config items:
cert-keypair:	cert/key/ICVSBContent.pem
cert-keypair-pwd:	cert/key/ICVSBContent.pwd
load-verify-scheme:	0
crypto-type:	0
aes-ce-id:	0
aes-enc-key:	cert/key/KCEICV.txt
images-table:	cert/Images.txt
nvcounter-val:	1
cert-pkg:	cert/ICVSBContent.crt
2024-12-30 02:20:49,946 - **** Creating Content Certificate ****
2024-12-30 02:20:49,951 - **** Certificate file (context) creation has been completed successfully ****
2024-12-30 02:20:50,405 - Content Certificate Generation Utility started (Logging to sb_content_cert.log)
2024-12-30 02:20:50,405 - Parsing config file: cert/cfg/ICVSBContent.cfg
2024-12-30 02:20:50,406 - Parsed config items:
cert-keypair:	cert/key/ICVSBContent.pem
cert-keypair-pwd:	cert/key/ICVSBContent.pwd
load-verify-scheme:	0
crypto-type:	0
aes-ce-id:	0
aes-enc-key:	cert/key/KCEICV.txt
images-table:	cert/Images.txt
nvcounter-val:	1
cert-pkg:	cert/ICVSBContent.crt
2024-12-30 02:20:50,406 - **** Creating Content Certificate ****
2024-12-30 02:20:50,412 - **** Certificate file (context) creation has been completed successfully ****
2024-12-30 02:20:50,689 - Content Certificate Generation Utility started (Logging to sb_content_cert.log)
2024-12-30 02:20:50,689 - Parsing config file: cert/cfg/ICVSBContent.cfg
2024-12-30 02:20:50,689 - Parsed config items:
cert-keypair:	cert/key/ICVSBContent.pem
cert-keypair-pwd:	cert/key/ICVSBContent.pwd
load-verify-scheme:	0
crypto-type:	0
aes-ce-id:	0
aes-enc-key:	cert/key/KCEICV.txt
images-table:	cert/Images.txt
nvcounter-val:	1
cert-pkg:	cert/ICVSBContent.crt
2024-12-30 02:20:50,689 - **** Creating Content Certificate ****
2024-12-30 02:20:50,694 - **** Certificate file (context) creation has been completed successfully ****
2024-12-30 02:20:52,284 - Content Certificate Generation Utility started (Logging to sb_content_cert.log)
2024-12-30 02:20:52,284 - Parsing config file: cert/cfg/ICVSBContent.cfg
2024-12-30 02:20:52,284 - Parsed config items:
cert-keypair:	cert/key/ICVSBContent.pem
cert-keypair-pwd:	cert/key/ICVSBContent.pwd
load-verify-scheme:	0
crypto-type:	0
aes-ce-id:	0
aes-enc-key:	cert/key/KCEICV.txt
images-table:	cert/Images.txt
nvcounter-val:	1
cert-pkg:	cert/ICVSBContent.crt
2024-12-30 02:20:52,284 - **** Creating Content Certificate ****
2024-12-30 02:20:52,290 - **** Certificate file (context) creation has been completed successfully ****
2024-12-30 02:20:52,592 - Content Certificate Generation Utility started (Logging to sb_content_cert.log)
2024-12-30 02:20:52,593 - Parsing config file: cert/cfg/ICVSBContent.cfg
2024-12-30 02:20:52,593 - Parsed config items:
cert-keypair:	cert/key/ICVSBContent.pem
cert-keypair-pwd:	cert/key/ICVSBContent.pwd
load-verify-scheme:	0
crypto-type:	0
aes-ce-id:	0
aes-enc-key:	cert/key/KCEICV.txt
images-table:	cert/Images.txt
nvcounter-val:	1
cert-pkg:	cert/ICVSBContent.crt
2024-12-30 02:20:52,593 - **** Creating Content Certificate ****
2024-12-30 02:20:52,598 - **** Certificate file (context) creation has been completed successfully ****
2024-12-30 02:32:28,853 - Content Certificate Generation Utility started (Logging to sb_content_cert.log)
2024-12-30 02:32:28,853 - Parsing config file: cert/cfg/ICVSBContent.cfg
2024-12-30 02:32:28,854 - Parsed config items:
cert-keypair:	cert/key/ICVSBContent.pem
cert-keypair-pwd:	cert/key/ICVSBContent.pwd
load-verify-scheme:	0
crypto-type:	0
aes-ce-id:	0
aes-enc-key:	cert/key/KCEICV.txt
images-table:	cert/Images.txt
nvcounter-val:	1
cert-pkg:	cert/ICVSBContent.crt
2024-12-30 02:32:28,854 - **** Creating Content Certificate ****
2024-12-30 02:32:28,859 - **** Certificate file (context) creation has been completed successfully ****
2024-12-30 02:32:29,130 - Content Certificate Generation Utility started (Logging to sb_content_cert.log)
2024-12-30 02:32:29,131 - Parsing config file: cert/cfg/ICVSBContent.cfg
2024-12-30 02:32:29,131 - Parsed config items:
cert-keypair:	cert/key/ICVSBContent.pem
cert-keypair-pwd:	cert/key/ICVSBContent.pwd
load-verify-scheme:	0
crypto-type:	0
aes-ce-id:	0
aes-enc-key:	cert/key/KCEICV.txt
images-table:	cert/Images.txt
nvcounter-val:	1
cert-pkg:	cert/ICVSBContent.crt
2024-12-30 02:32:29,131 - **** Creating Content Certificate ****
2024-12-30 02:32:29,136 - **** Certificate file (context) creation has been completed successfully ****
2024-12-30 02:32:29,592 - Content Certificate Generation Utility started (Logging to sb_content_cert.log)
2024-12-30 02:32:29,592 - Parsing config file: cert/cfg/ICVSBContent.cfg
2024-12-30 02:32:29,592 - Parsed config items:
cert-keypair:	cert/key/ICVSBContent.pem
cert-keypair-pwd:	cert/key/ICVSBContent.pwd
load-verify-scheme:	0
crypto-type:	0
aes-ce-id:	0
aes-enc-key:	cert/key/KCEICV.txt
images-table:	cert/Images.txt
nvcounter-val:	1
cert-pkg:	cert/ICVSBContent.crt
2024-12-30 02:32:29,593 - **** Creating Content Certificate ****
2024-12-30 02:32:29,599 - **** Certificate file (context) creation has been completed successfully ****
2024-12-30 02:32:29,877 - Content Certificate Generation Utility started (Logging to sb_content_cert.log)
2024-12-30 02:32:29,877 - Parsing config file: cert/cfg/ICVSBContent.cfg
2024-12-30 02:32:29,877 - Parsed config items:
cert-keypair:	cert/key/ICVSBContent.pem
cert-keypair-pwd:	cert/key/ICVSBContent.pwd
load-verify-scheme:	0
crypto-type:	0
aes-ce-id:	0
aes-enc-key:	cert/key/KCEICV.txt
images-table:	cert/Images.txt
nvcounter-val:	1
cert-pkg:	cert/ICVSBContent.crt
2024-12-30 02:32:29,877 - **** Creating Content Certificate ****
2024-12-30 02:32:29,882 - **** Certificate file (context) creation has been completed successfully ****
2024-12-30 02:37:15,254 - Content Certificate Generation Utility started (Logging to sb_content_cert.log)
2024-12-30 02:37:15,254 - Parsing config file: cert/cfg/ICVSBContent.cfg
2024-12-30 02:37:15,254 - Parsed config items:
cert-keypair:	cert/key/ICVSBContent.pem
cert-keypair-pwd:	cert/key/ICVSBContent.pwd
load-verify-scheme:	0
crypto-type:	0
aes-ce-id:	0
aes-enc-key:	cert/key/KCEICV.txt
images-table:	cert/Images.txt
nvcounter-val:	1
cert-pkg:	cert/ICVSBContent.crt
2024-12-30 02:37:15,254 - **** Creating Content Certificate ****
2024-12-30 02:37:15,260 - **** Certificate file (context) creation has been completed successfully ****
2024-12-30 02:37:15,536 - Content Certificate Generation Utility started (Logging to sb_content_cert.log)
2024-12-30 02:37:15,537 - Parsing config file: cert/cfg/ICVSBContent.cfg
2024-12-30 02:37:15,537 - Parsed config items:
cert-keypair:	cert/key/ICVSBContent.pem
cert-keypair-pwd:	cert/key/ICVSBContent.pwd
load-verify-scheme:	0
crypto-type:	0
aes-ce-id:	0
aes-enc-key:	cert/key/KCEICV.txt
images-table:	cert/Images.txt
nvcounter-val:	1
cert-pkg:	cert/ICVSBContent.crt
2024-12-30 02:37:15,537 - **** Creating Content Certificate ****
2024-12-30 02:37:15,542 - **** Certificate file (context) creation has been completed successfully ****
2024-12-30 02:37:15,976 - Content Certificate Generation Utility started (Logging to sb_content_cert.log)
2024-12-30 02:37:15,976 - Parsing config file: cert/cfg/ICVSBContent.cfg
2024-12-30 02:37:15,976 - Parsed config items:
cert-keypair:	cert/key/ICVSBContent.pem
cert-keypair-pwd:	cert/key/ICVSBContent.pwd
load-verify-scheme:	0
crypto-type:	0
aes-ce-id:	0
aes-enc-key:	cert/key/KCEICV.txt
images-table:	cert/Images.txt
nvcounter-val:	1
cert-pkg:	cert/ICVSBContent.crt
2024-12-30 02:37:15,977 - **** Creating Content Certificate ****
2024-12-30 02:37:15,983 - **** Certificate file (context) creation has been completed successfully ****
2024-12-30 02:37:16,250 - Content Certificate Generation Utility started (Logging to sb_content_cert.log)
2024-12-30 02:37:16,250 - Parsing config file: cert/cfg/ICVSBContent.cfg
2024-12-30 02:37:16,250 - Parsed config items:
cert-keypair:	cert/key/ICVSBContent.pem
cert-keypair-pwd:	cert/key/ICVSBContent.pwd
load-verify-scheme:	0
crypto-type:	0
aes-ce-id:	0
aes-enc-key:	cert/key/KCEICV.txt
images-table:	cert/Images.txt
nvcounter-val:	1
cert-pkg:	cert/ICVSBContent.crt
2024-12-30 02:37:16,251 - **** Creating Content Certificate ****
2024-12-30 02:37:16,256 - **** Certificate file (context) creation has been completed successfully ****
2024-12-30 02:37:49,047 - Content Certificate Generation Utility started (Logging to sb_content_cert.log)
2024-12-30 02:37:49,047 - Parsing config file: cert/cfg/ICVSBContent.cfg
2024-12-30 02:37:49,047 - Parsed config items:
cert-keypair:	cert/key/ICVSBContent.pem
cert-keypair-pwd:	cert/key/ICVSBContent.pwd
load-verify-scheme:	0
crypto-type:	0
aes-ce-id:	0
aes-enc-key:	cert/key/KCEICV.txt
images-table:	cert/Images.txt
nvcounter-val:	1
cert-pkg:	cert/ICVSBContent.crt
2024-12-30 02:37:49,047 - **** Creating Content Certificate ****
2024-12-30 02:37:49,053 - **** Certificate file (context) creation has been completed successfully ****
2024-12-30 02:37:49,328 - Content Certificate Generation Utility started (Logging to sb_content_cert.log)
2024-12-30 02:37:49,328 - Parsing config file: cert/cfg/ICVSBContent.cfg
2024-12-30 02:37:49,329 - Parsed config items:
cert-keypair:	cert/key/ICVSBContent.pem
cert-keypair-pwd:	cert/key/ICVSBContent.pwd
load-verify-scheme:	0
crypto-type:	0
aes-ce-id:	0
aes-enc-key:	cert/key/KCEICV.txt
images-table:	cert/Images.txt
nvcounter-val:	1
cert-pkg:	cert/ICVSBContent.crt
2024-12-30 02:37:49,329 - **** Creating Content Certificate ****
2024-12-30 02:37:49,334 - **** Certificate file (context) creation has been completed successfully ****
2024-12-30 02:37:49,785 - Content Certificate Generation Utility started (Logging to sb_content_cert.log)
2024-12-30 02:37:49,785 - Parsing config file: cert/cfg/ICVSBContent.cfg
2024-12-30 02:37:49,785 - Parsed config items:
cert-keypair:	cert/key/ICVSBContent.pem
cert-keypair-pwd:	cert/key/ICVSBContent.pwd
load-verify-scheme:	0
crypto-type:	0
aes-ce-id:	0
aes-enc-key:	cert/key/KCEICV.txt
images-table:	cert/Images.txt
nvcounter-val:	1
cert-pkg:	cert/ICVSBContent.crt
2024-12-30 02:37:49,786 - **** Creating Content Certificate ****
2024-12-30 02:37:49,792 - **** Certificate file (context) creation has been completed successfully ****
2024-12-30 02:37:50,067 - Content Certificate Generation Utility started (Logging to sb_content_cert.log)
2024-12-30 02:37:50,067 - Parsing config file: cert/cfg/ICVSBContent.cfg
2024-12-30 02:37:50,068 - Parsed config items:
cert-keypair:	cert/key/ICVSBContent.pem
cert-keypair-pwd:	cert/key/ICVSBContent.pwd
load-verify-scheme:	0
crypto-type:	0
aes-ce-id:	0
aes-enc-key:	cert/key/KCEICV.txt
images-table:	cert/Images.txt
nvcounter-val:	1
cert-pkg:	cert/ICVSBContent.crt
2024-12-30 02:37:50,068 - **** Creating Content Certificate ****
2024-12-30 02:37:50,073 - **** Certificate file (context) creation has been completed successfully ****
2024-12-30 02:37:53,932 - Content Certificate Generation Utility started (Logging to sb_content_cert.log)
2024-12-30 02:37:53,932 - Parsing config file: cert/cfg/ICVSBContent.cfg
2024-12-30 02:37:53,932 - Parsed config items:
cert-keypair:	cert/key/ICVSBContent.pem
cert-keypair-pwd:	cert/key/ICVSBContent.pwd
load-verify-scheme:	0
crypto-type:	0
aes-ce-id:	0
aes-enc-key:	cert/key/KCEICV.txt
images-table:	cert/Images.txt
nvcounter-val:	1
cert-pkg:	cert/ICVSBContent.crt
2024-12-30 02:37:53,932 - **** Creating Content Certificate ****
2024-12-30 02:37:53,938 - **** Certificate file (context) creation has been completed successfully ****
2024-12-30 02:37:54,220 - Content Certificate Generation Utility started (Logging to sb_content_cert.log)
2024-12-30 02:37:54,221 - Parsing config file: cert/cfg/ICVSBContent.cfg
2024-12-30 02:37:54,221 - Parsed config items:
cert-keypair:	cert/key/ICVSBContent.pem
cert-keypair-pwd:	cert/key/ICVSBContent.pwd
load-verify-scheme:	0
crypto-type:	0
aes-ce-id:	0
aes-enc-key:	cert/key/KCEICV.txt
images-table:	cert/Images.txt
nvcounter-val:	1
cert-pkg:	cert/ICVSBContent.crt
2024-12-30 02:37:54,221 - **** Creating Content Certificate ****
2024-12-30 02:37:54,226 - **** Certificate file (context) creation has been completed successfully ****
2024-12-30 02:37:54,682 - Content Certificate Generation Utility started (Logging to sb_content_cert.log)
2024-12-30 02:37:54,682 - Parsing config file: cert/cfg/ICVSBContent.cfg
2024-12-30 02:37:54,683 - Parsed config items:
cert-keypair:	cert/key/ICVSBContent.pem
cert-keypair-pwd:	cert/key/ICVSBContent.pwd
load-verify-scheme:	0
crypto-type:	0
aes-ce-id:	0
aes-enc-key:	cert/key/KCEICV.txt
images-table:	cert/Images.txt
nvcounter-val:	1
cert-pkg:	cert/ICVSBContent.crt
2024-12-30 02:37:54,683 - **** Creating Content Certificate ****
2024-12-30 02:37:54,689 - **** Certificate file (context) creation has been completed successfully ****
2024-12-30 02:37:54,961 - Content Certificate Generation Utility started (Logging to sb_content_cert.log)
2024-12-30 02:37:54,961 - Parsing config file: cert/cfg/ICVSBContent.cfg
2024-12-30 02:37:54,961 - Parsed config items:
cert-keypair:	cert/key/ICVSBContent.pem
cert-keypair-pwd:	cert/key/ICVSBContent.pwd
load-verify-scheme:	0
crypto-type:	0
aes-ce-id:	0
aes-enc-key:	cert/key/KCEICV.txt
images-table:	cert/Images.txt
nvcounter-val:	1
cert-pkg:	cert/ICVSBContent.crt
2024-12-30 02:37:54,962 - **** Creating Content Certificate ****
2024-12-30 02:37:54,967 - **** Certificate file (context) creation has been completed successfully ****
2024-12-30 02:38:07,720 - Content Certificate Generation Utility started (Logging to sb_content_cert.log)
2024-12-30 02:38:07,720 - Parsing config file: cert/cfg/ICVSBContent.cfg
2024-12-30 02:38:07,720 - Parsed config items:
cert-keypair:	cert/key/ICVSBContent.pem
cert-keypair-pwd:	cert/key/ICVSBContent.pwd
load-verify-scheme:	0
crypto-type:	0
aes-ce-id:	0
aes-enc-key:	cert/key/KCEICV.txt
images-table:	cert/Images.txt
nvcounter-val:	1
cert-pkg:	cert/ICVSBContent.crt
2024-12-30 02:38:07,721 - **** Creating Content Certificate ****
2024-12-30 02:38:07,726 - **** Certificate file (context) creation has been completed successfully ****
2024-12-30 02:38:08,010 - Content Certificate Generation Utility started (Logging to sb_content_cert.log)
2024-12-30 02:38:08,010 - Parsing config file: cert/cfg/ICVSBContent.cfg
2024-12-30 02:38:08,010 - Parsed config items:
cert-keypair:	cert/key/ICVSBContent.pem
cert-keypair-pwd:	cert/key/ICVSBContent.pwd
load-verify-scheme:	0
crypto-type:	0
aes-ce-id:	0
aes-enc-key:	cert/key/KCEICV.txt
images-table:	cert/Images.txt
nvcounter-val:	1
cert-pkg:	cert/ICVSBContent.crt
2024-12-30 02:38:08,011 - **** Creating Content Certificate ****
2024-12-30 02:38:08,016 - **** Certificate file (context) creation has been completed successfully ****
2024-12-30 02:38:08,474 - Content Certificate Generation Utility started (Logging to sb_content_cert.log)
2024-12-30 02:38:08,474 - Parsing config file: cert/cfg/ICVSBContent.cfg
2024-12-30 02:38:08,474 - Parsed config items:
cert-keypair:	cert/key/ICVSBContent.pem
cert-keypair-pwd:	cert/key/ICVSBContent.pwd
load-verify-scheme:	0
crypto-type:	0
aes-ce-id:	0
aes-enc-key:	cert/key/KCEICV.txt
images-table:	cert/Images.txt
nvcounter-val:	1
cert-pkg:	cert/ICVSBContent.crt
2024-12-30 02:38:08,474 - **** Creating Content Certificate ****
2024-12-30 02:38:08,480 - **** Certificate file (context) creation has been completed successfully ****
2024-12-30 02:38:08,741 - Content Certificate Generation Utility started (Logging to sb_content_cert.log)
2024-12-30 02:38:08,741 - Parsing config file: cert/cfg/ICVSBContent.cfg
2024-12-30 02:38:08,741 - Parsed config items:
cert-keypair:	cert/key/ICVSBContent.pem
cert-keypair-pwd:	cert/key/ICVSBContent.pwd
load-verify-scheme:	0
crypto-type:	0
aes-ce-id:	0
aes-enc-key:	cert/key/KCEICV.txt
images-table:	cert/Images.txt
nvcounter-val:	1
cert-pkg:	cert/ICVSBContent.crt
2024-12-30 02:38:08,742 - **** Creating Content Certificate ****
2024-12-30 02:38:08,747 - **** Certificate file (context) creation has been completed successfully ****
2024-12-30 02:38:21,452 - Content Certificate Generation Utility started (Logging to sb_content_cert.log)
2024-12-30 02:38:21,452 - Parsing config file: cert/cfg/ICVSBContent.cfg
2024-12-30 02:38:21,452 - Parsed config items:
cert-keypair:	cert/key/ICVSBContent.pem
cert-keypair-pwd:	cert/key/ICVSBContent.pwd
load-verify-scheme:	0
crypto-type:	0
aes-ce-id:	0
aes-enc-key:	cert/key/KCEICV.txt
images-table:	cert/Images.txt
nvcounter-val:	1
cert-pkg:	cert/ICVSBContent.crt
2024-12-30 02:38:21,453 - **** Creating Content Certificate ****
2024-12-30 02:38:21,458 - **** Certificate file (context) creation has been completed successfully ****
2024-12-30 02:38:21,740 - Content Certificate Generation Utility started (Logging to sb_content_cert.log)
2024-12-30 02:38:21,740 - Parsing config file: cert/cfg/ICVSBContent.cfg
2024-12-30 02:38:21,740 - Parsed config items:
cert-keypair:	cert/key/ICVSBContent.pem
cert-keypair-pwd:	cert/key/ICVSBContent.pwd
load-verify-scheme:	0
crypto-type:	0
aes-ce-id:	0
aes-enc-key:	cert/key/KCEICV.txt
images-table:	cert/Images.txt
nvcounter-val:	1
cert-pkg:	cert/ICVSBContent.crt
2024-12-30 02:38:21,741 - **** Creating Content Certificate ****
2024-12-30 02:38:21,746 - **** Certificate file (context) creation has been completed successfully ****
2024-12-30 02:38:22,208 - Content Certificate Generation Utility started (Logging to sb_content_cert.log)
2024-12-30 02:38:22,209 - Parsing config file: cert/cfg/ICVSBContent.cfg
2024-12-30 02:38:22,209 - Parsed config items:
cert-keypair:	cert/key/ICVSBContent.pem
cert-keypair-pwd:	cert/key/ICVSBContent.pwd
load-verify-scheme:	0
crypto-type:	0
aes-ce-id:	0
aes-enc-key:	cert/key/KCEICV.txt
images-table:	cert/Images.txt
nvcounter-val:	1
cert-pkg:	cert/ICVSBContent.crt
2024-12-30 02:38:22,209 - **** Creating Content Certificate ****
2024-12-30 02:38:22,216 - **** Certificate file (context) creation has been completed successfully ****
2024-12-30 02:38:22,505 - Content Certificate Generation Utility started (Logging to sb_content_cert.log)
2024-12-30 02:38:22,505 - Parsing config file: cert/cfg/ICVSBContent.cfg
2024-12-30 02:38:22,505 - Parsed config items:
cert-keypair:	cert/key/ICVSBContent.pem
cert-keypair-pwd:	cert/key/ICVSBContent.pwd
load-verify-scheme:	0
crypto-type:	0
aes-ce-id:	0
aes-enc-key:	cert/key/KCEICV.txt
images-table:	cert/Images.txt
nvcounter-val:	1
cert-pkg:	cert/ICVSBContent.crt
2024-12-30 02:38:22,506 - **** Creating Content Certificate ****
2024-12-30 02:38:22,511 - **** Certificate file (context) creation has been completed successfully ****
2024-12-30 02:38:28,562 - Content Certificate Generation Utility started (Logging to sb_content_cert.log)
2024-12-30 02:38:28,562 - Parsing config file: cert/cfg/ICVSBContent.cfg
2024-12-30 02:38:28,563 - Parsed config items:
cert-keypair:	cert/key/ICVSBContent.pem
cert-keypair-pwd:	cert/key/ICVSBContent.pwd
load-verify-scheme:	0
crypto-type:	0
aes-ce-id:	0
aes-enc-key:	cert/key/KCEICV.txt
images-table:	cert/Images.txt
nvcounter-val:	1
cert-pkg:	cert/ICVSBContent.crt
2024-12-30 02:38:28,563 - **** Creating Content Certificate ****
2024-12-30 02:38:28,568 - **** Certificate file (context) creation has been completed successfully ****
2024-12-30 02:38:28,830 - Content Certificate Generation Utility started (Logging to sb_content_cert.log)
2024-12-30 02:38:28,830 - Parsing config file: cert/cfg/ICVSBContent.cfg
2024-12-30 02:38:28,830 - Parsed config items:
cert-keypair:	cert/key/ICVSBContent.pem
cert-keypair-pwd:	cert/key/ICVSBContent.pwd
load-verify-scheme:	0
crypto-type:	0
aes-ce-id:	0
aes-enc-key:	cert/key/KCEICV.txt
images-table:	cert/Images.txt
nvcounter-val:	1
cert-pkg:	cert/ICVSBContent.crt
2024-12-30 02:38:28,831 - **** Creating Content Certificate ****
2024-12-30 02:38:28,836 - **** Certificate file (context) creation has been completed successfully ****
2024-12-30 02:38:29,291 - Content Certificate Generation Utility started (Logging to sb_content_cert.log)
2024-12-30 02:38:29,291 - Parsing config file: cert/cfg/ICVSBContent.cfg
2024-12-30 02:38:29,292 - Parsed config items:
cert-keypair:	cert/key/ICVSBContent.pem
cert-keypair-pwd:	cert/key/ICVSBContent.pwd
load-verify-scheme:	0
crypto-type:	0
aes-ce-id:	0
aes-enc-key:	cert/key/KCEICV.txt
images-table:	cert/Images.txt
nvcounter-val:	1
cert-pkg:	cert/ICVSBContent.crt
2024-12-30 02:38:29,292 - **** Creating Content Certificate ****
2024-12-30 02:38:29,298 - **** Certificate file (context) creation has been completed successfully ****
2024-12-30 02:38:29,582 - Content Certificate Generation Utility started (Logging to sb_content_cert.log)
2024-12-30 02:38:29,583 - Parsing config file: cert/cfg/ICVSBContent.cfg
2024-12-30 02:38:29,583 - Parsed config items:
cert-keypair:	cert/key/ICVSBContent.pem
cert-keypair-pwd:	cert/key/ICVSBContent.pwd
load-verify-scheme:	0
crypto-type:	0
aes-ce-id:	0
aes-enc-key:	cert/key/KCEICV.txt
images-table:	cert/Images.txt
nvcounter-val:	1
cert-pkg:	cert/ICVSBContent.crt
2024-12-30 02:38:29,583 - **** Creating Content Certificate ****
2024-12-30 02:38:29,589 - **** Certificate file (context) creation has been completed successfully ****
2024-12-30 02:38:41,019 - Content Certificate Generation Utility started (Logging to sb_content_cert.log)
2024-12-30 02:38:41,020 - Parsing config file: cert/cfg/ICVSBContent.cfg
2024-12-30 02:38:41,020 - Parsed config items:
cert-keypair:	cert/key/ICVSBContent.pem
cert-keypair-pwd:	cert/key/ICVSBContent.pwd
load-verify-scheme:	0
crypto-type:	0
aes-ce-id:	0
aes-enc-key:	cert/key/KCEICV.txt
images-table:	cert/Images.txt
nvcounter-val:	1
cert-pkg:	cert/ICVSBContent.crt
2024-12-30 02:38:41,020 - **** Creating Content Certificate ****
2024-12-30 02:38:41,025 - **** Certificate file (context) creation has been completed successfully ****
2024-12-30 02:38:41,303 - Content Certificate Generation Utility started (Logging to sb_content_cert.log)
2024-12-30 02:38:41,303 - Parsing config file: cert/cfg/ICVSBContent.cfg
2024-12-30 02:38:41,304 - Parsed config items:
cert-keypair:	cert/key/ICVSBContent.pem
cert-keypair-pwd:	cert/key/ICVSBContent.pwd
load-verify-scheme:	0
crypto-type:	0
aes-ce-id:	0
aes-enc-key:	cert/key/KCEICV.txt
images-table:	cert/Images.txt
nvcounter-val:	1
cert-pkg:	cert/ICVSBContent.crt
2024-12-30 02:38:41,304 - **** Creating Content Certificate ****
2024-12-30 02:38:41,309 - **** Certificate file (context) creation has been completed successfully ****
2024-12-30 02:38:41,756 - Content Certificate Generation Utility started (Logging to sb_content_cert.log)
2024-12-30 02:38:41,757 - Parsing config file: cert/cfg/ICVSBContent.cfg
2024-12-30 02:38:41,757 - Parsed config items:
cert-keypair:	cert/key/ICVSBContent.pem
cert-keypair-pwd:	cert/key/ICVSBContent.pwd
load-verify-scheme:	0
crypto-type:	0
aes-ce-id:	0
aes-enc-key:	cert/key/KCEICV.txt
images-table:	cert/Images.txt
nvcounter-val:	1
cert-pkg:	cert/ICVSBContent.crt
2024-12-30 02:38:41,757 - **** Creating Content Certificate ****
2024-12-30 02:38:41,763 - **** Certificate file (context) creation has been completed successfully ****
2024-12-30 02:38:42,046 - Content Certificate Generation Utility started (Logging to sb_content_cert.log)
2024-12-30 02:38:42,046 - Parsing config file: cert/cfg/ICVSBContent.cfg
2024-12-30 02:38:42,047 - Parsed config items:
cert-keypair:	cert/key/ICVSBContent.pem
cert-keypair-pwd:	cert/key/ICVSBContent.pwd
load-verify-scheme:	0
crypto-type:	0
aes-ce-id:	0
aes-enc-key:	cert/key/KCEICV.txt
images-table:	cert/Images.txt
nvcounter-val:	1
cert-pkg:	cert/ICVSBContent.crt
2024-12-30 02:38:42,047 - **** Creating Content Certificate ****
2024-12-30 02:38:42,052 - **** Certificate file (context) creation has been completed successfully ****
2024-12-30 02:38:43,646 - Content Certificate Generation Utility started (Logging to sb_content_cert.log)
2024-12-30 02:38:43,647 - Parsing config file: cert/cfg/ICVSBContent.cfg
2024-12-30 02:38:43,647 - Parsed config items:
cert-keypair:	cert/key/ICVSBContent.pem
cert-keypair-pwd:	cert/key/ICVSBContent.pwd
load-verify-scheme:	0
crypto-type:	0
aes-ce-id:	0
aes-enc-key:	cert/key/KCEICV.txt
images-table:	cert/Images.txt
nvcounter-val:	1
cert-pkg:	cert/ICVSBContent.crt
2024-12-30 02:38:43,647 - **** Creating Content Certificate ****
2024-12-30 02:38:43,652 - **** Certificate file (context) creation has been completed successfully ****
2024-12-30 02:38:43,952 - Content Certificate Generation Utility started (Logging to sb_content_cert.log)
2024-12-30 02:38:43,952 - Parsing config file: cert/cfg/ICVSBContent.cfg
2024-12-30 02:38:43,952 - Parsed config items:
cert-keypair:	cert/key/ICVSBContent.pem
cert-keypair-pwd:	cert/key/ICVSBContent.pwd
load-verify-scheme:	0
crypto-type:	0
aes-ce-id:	0
aes-enc-key:	cert/key/KCEICV.txt
images-table:	cert/Images.txt
nvcounter-val:	1
cert-pkg:	cert/ICVSBContent.crt
2024-12-30 02:38:43,952 - **** Creating Content Certificate ****
2024-12-30 02:38:43,957 - **** Certificate file (context) creation has been completed successfully ****
2024-12-30 02:58:42,131 - Content Certificate Generation Utility started (Logging to sb_content_cert.log)
2024-12-30 02:58:42,131 - Parsing config file: cert/cfg/ICVSBContent.cfg
2024-12-30 02:58:42,131 - Parsed config items:
cert-keypair:	cert/key/ICVSBContent.pem
cert-keypair-pwd:	cert/key/ICVSBContent.pwd
load-verify-scheme:	0
crypto-type:	0
aes-ce-id:	0
aes-enc-key:	cert/key/KCEICV.txt
images-table:	cert/Images.txt
nvcounter-val:	1
cert-pkg:	cert/ICVSBContent.crt
2024-12-30 02:58:42,131 - **** Creating Content Certificate ****
2024-12-30 02:58:42,137 - **** Certificate file (context) creation has been completed successfully ****
2024-12-30 02:58:42,417 - Content Certificate Generation Utility started (Logging to sb_content_cert.log)
2024-12-30 02:58:42,417 - Parsing config file: cert/cfg/ICVSBContent.cfg
2024-12-30 02:58:42,418 - Parsed config items:
cert-keypair:	cert/key/ICVSBContent.pem
cert-keypair-pwd:	cert/key/ICVSBContent.pwd
load-verify-scheme:	0
crypto-type:	0
aes-ce-id:	0
aes-enc-key:	cert/key/KCEICV.txt
images-table:	cert/Images.txt
nvcounter-val:	1
cert-pkg:	cert/ICVSBContent.crt
2024-12-30 02:58:42,418 - **** Creating Content Certificate ****
2024-12-30 02:58:42,423 - **** Certificate file (context) creation has been completed successfully ****
2024-12-30 02:58:42,897 - Content Certificate Generation Utility started (Logging to sb_content_cert.log)
2024-12-30 02:58:42,897 - Parsing config file: cert/cfg/ICVSBContent.cfg
2024-12-30 02:58:42,897 - Parsed config items:
cert-keypair:	cert/key/ICVSBContent.pem
cert-keypair-pwd:	cert/key/ICVSBContent.pwd
load-verify-scheme:	0
crypto-type:	0
aes-ce-id:	0
aes-enc-key:	cert/key/KCEICV.txt
images-table:	cert/Images.txt
nvcounter-val:	1
cert-pkg:	cert/ICVSBContent.crt
2024-12-30 02:58:42,898 - **** Creating Content Certificate ****
2024-12-30 02:58:42,904 - **** Certificate file (context) creation has been completed successfully ****
2024-12-30 02:58:43,188 - Content Certificate Generation Utility started (Logging to sb_content_cert.log)
2024-12-30 02:58:43,188 - Parsing config file: cert/cfg/ICVSBContent.cfg
2024-12-30 02:58:43,188 - Parsed config items:
cert-keypair:	cert/key/ICVSBContent.pem
cert-keypair-pwd:	cert/key/ICVSBContent.pwd
load-verify-scheme:	0
crypto-type:	0
aes-ce-id:	0
aes-enc-key:	cert/key/KCEICV.txt
images-table:	cert/Images.txt
nvcounter-val:	1
cert-pkg:	cert/ICVSBContent.crt
2024-12-30 02:58:43,189 - **** Creating Content Certificate ****
2024-12-30 02:58:43,194 - **** Certificate file (context) creation has been completed successfully ****
2024-12-30 02:58:44,802 - Content Certificate Generation Utility started (Logging to sb_content_cert.log)
2024-12-30 02:58:44,803 - Parsing config file: cert/cfg/ICVSBContent.cfg
2024-12-30 02:58:44,803 - Parsed config items:
cert-keypair:	cert/key/ICVSBContent.pem
cert-keypair-pwd:	cert/key/ICVSBContent.pwd
load-verify-scheme:	0
crypto-type:	0
aes-ce-id:	0
aes-enc-key:	cert/key/KCEICV.txt
images-table:	cert/Images.txt
nvcounter-val:	1
cert-pkg:	cert/ICVSBContent.crt
2024-12-30 02:58:44,803 - **** Creating Content Certificate ****
2024-12-30 02:58:44,808 - **** Certificate file (context) creation has been completed successfully ****
2024-12-30 02:58:45,108 - Content Certificate Generation Utility started (Logging to sb_content_cert.log)
2024-12-30 02:58:45,108 - Parsing config file: cert/cfg/ICVSBContent.cfg
2024-12-30 02:58:45,109 - Parsed config items:
cert-keypair:	cert/key/ICVSBContent.pem
cert-keypair-pwd:	cert/key/ICVSBContent.pwd
load-verify-scheme:	0
crypto-type:	0
aes-ce-id:	0
aes-enc-key:	cert/key/KCEICV.txt
images-table:	cert/Images.txt
nvcounter-val:	1
cert-pkg:	cert/ICVSBContent.crt
2024-12-30 02:58:45,109 - **** Creating Content Certificate ****
2024-12-30 02:58:45,114 - **** Certificate file (context) creation has been completed successfully ****
2024-12-30 03:02:44,820 - Content Certificate Generation Utility started (Logging to sb_content_cert.log)
2024-12-30 03:02:44,820 - Parsing config file: cert/cfg/ICVSBContent.cfg
2024-12-30 03:02:44,821 - Parsed config items:
cert-keypair:	cert/key/ICVSBContent.pem
cert-keypair-pwd:	cert/key/ICVSBContent.pwd
load-verify-scheme:	0
crypto-type:	0
aes-ce-id:	0
aes-enc-key:	cert/key/KCEICV.txt
images-table:	cert/Images.txt
nvcounter-val:	1
cert-pkg:	cert/ICVSBContent.crt
2024-12-30 03:02:44,821 - **** Creating Content Certificate ****
2024-12-30 03:02:44,826 - **** Certificate file (context) creation has been completed successfully ****
2024-12-30 03:02:45,110 - Content Certificate Generation Utility started (Logging to sb_content_cert.log)
2024-12-30 03:02:45,110 - Parsing config file: cert/cfg/ICVSBContent.cfg
2024-12-30 03:02:45,111 - Parsed config items:
cert-keypair:	cert/key/ICVSBContent.pem
cert-keypair-pwd:	cert/key/ICVSBContent.pwd
load-verify-scheme:	0
crypto-type:	0
aes-ce-id:	0
aes-enc-key:	cert/key/KCEICV.txt
images-table:	cert/Images.txt
nvcounter-val:	1
cert-pkg:	cert/ICVSBContent.crt
2024-12-30 03:02:45,111 - **** Creating Content Certificate ****
2024-12-30 03:02:45,116 - **** Certificate file (context) creation has been completed successfully ****
2024-12-30 03:02:45,579 - Content Certificate Generation Utility started (Logging to sb_content_cert.log)
2024-12-30 03:02:45,579 - Parsing config file: cert/cfg/ICVSBContent.cfg
2024-12-30 03:02:45,580 - Parsed config items:
cert-keypair:	cert/key/ICVSBContent.pem
cert-keypair-pwd:	cert/key/ICVSBContent.pwd
load-verify-scheme:	0
crypto-type:	0
aes-ce-id:	0
aes-enc-key:	cert/key/KCEICV.txt
images-table:	cert/Images.txt
nvcounter-val:	1
cert-pkg:	cert/ICVSBContent.crt
2024-12-30 03:02:45,580 - **** Creating Content Certificate ****
2024-12-30 03:02:45,586 - **** Certificate file (context) creation has been completed successfully ****
2024-12-30 03:02:45,870 - Content Certificate Generation Utility started (Logging to sb_content_cert.log)
2024-12-30 03:02:45,870 - Parsing config file: cert/cfg/ICVSBContent.cfg
2024-12-30 03:02:45,870 - Parsed config items:
cert-keypair:	cert/key/ICVSBContent.pem
cert-keypair-pwd:	cert/key/ICVSBContent.pwd
load-verify-scheme:	0
crypto-type:	0
aes-ce-id:	0
aes-enc-key:	cert/key/KCEICV.txt
images-table:	cert/Images.txt
nvcounter-val:	1
cert-pkg:	cert/ICVSBContent.crt
2024-12-30 03:02:45,871 - **** Creating Content Certificate ****
2024-12-30 03:02:45,876 - **** Certificate file (context) creation has been completed successfully ****
2024-12-30 03:02:47,474 - Content Certificate Generation Utility started (Logging to sb_content_cert.log)
2024-12-30 03:02:47,475 - Parsing config file: cert/cfg/ICVSBContent.cfg
2024-12-30 03:02:47,475 - Parsed config items:
cert-keypair:	cert/key/ICVSBContent.pem
cert-keypair-pwd:	cert/key/ICVSBContent.pwd
load-verify-scheme:	0
crypto-type:	0
aes-ce-id:	0
aes-enc-key:	cert/key/KCEICV.txt
images-table:	cert/Images.txt
nvcounter-val:	1
cert-pkg:	cert/ICVSBContent.crt
2024-12-30 03:02:47,475 - **** Creating Content Certificate ****
2024-12-30 03:02:47,480 - **** Certificate file (context) creation has been completed successfully ****
2024-12-30 03:02:47,763 - Content Certificate Generation Utility started (Logging to sb_content_cert.log)
2024-12-30 03:02:47,764 - Parsing config file: cert/cfg/ICVSBContent.cfg
2024-12-30 03:02:47,764 - Parsed config items:
cert-keypair:	cert/key/ICVSBContent.pem
cert-keypair-pwd:	cert/key/ICVSBContent.pwd
load-verify-scheme:	0
crypto-type:	0
aes-ce-id:	0
aes-enc-key:	cert/key/KCEICV.txt
images-table:	cert/Images.txt
nvcounter-val:	1
cert-pkg:	cert/ICVSBContent.crt
2024-12-30 03:02:47,764 - **** Creating Content Certificate ****
2024-12-30 03:02:47,769 - **** Certificate file (context) creation has been completed successfully ****
2024-12-30 03:06:12,934 - Content Certificate Generation Utility started (Logging to sb_content_cert.log)
2024-12-30 03:06:12,934 - Parsing config file: cert/cfg/ICVSBContent.cfg
2024-12-30 03:06:12,934 - Parsed config items:
cert-keypair:	cert/key/ICVSBContent.pem
cert-keypair-pwd:	cert/key/ICVSBContent.pwd
load-verify-scheme:	0
crypto-type:	0
aes-ce-id:	0
aes-enc-key:	cert/key/KCEICV.txt
images-table:	cert/Images.txt
nvcounter-val:	1
cert-pkg:	cert/ICVSBContent.crt
2024-12-30 03:06:12,934 - **** Creating Content Certificate ****
2024-12-30 03:06:12,940 - **** Certificate file (context) creation has been completed successfully ****
2024-12-30 03:06:13,220 - Content Certificate Generation Utility started (Logging to sb_content_cert.log)
2024-12-30 03:06:13,220 - Parsing config file: cert/cfg/ICVSBContent.cfg
2024-12-30 03:06:13,220 - Parsed config items:
cert-keypair:	cert/key/ICVSBContent.pem
cert-keypair-pwd:	cert/key/ICVSBContent.pwd
load-verify-scheme:	0
crypto-type:	0
aes-ce-id:	0
aes-enc-key:	cert/key/KCEICV.txt
images-table:	cert/Images.txt
nvcounter-val:	1
cert-pkg:	cert/ICVSBContent.crt
2024-12-30 03:06:13,221 - **** Creating Content Certificate ****
2024-12-30 03:06:13,226 - **** Certificate file (context) creation has been completed successfully ****
2024-12-30 03:06:13,687 - Content Certificate Generation Utility started (Logging to sb_content_cert.log)
2024-12-30 03:06:13,687 - Parsing config file: cert/cfg/ICVSBContent.cfg
2024-12-30 03:06:13,687 - Parsed config items:
cert-keypair:	cert/key/ICVSBContent.pem
cert-keypair-pwd:	cert/key/ICVSBContent.pwd
load-verify-scheme:	0
crypto-type:	0
aes-ce-id:	0
aes-enc-key:	cert/key/KCEICV.txt
images-table:	cert/Images.txt
nvcounter-val:	1
cert-pkg:	cert/ICVSBContent.crt
2024-12-30 03:06:13,688 - **** Creating Content Certificate ****
2024-12-30 03:06:13,694 - **** Certificate file (context) creation has been completed successfully ****
2024-12-30 03:06:13,975 - Content Certificate Generation Utility started (Logging to sb_content_cert.log)
2024-12-30 03:06:13,975 - Parsing config file: cert/cfg/ICVSBContent.cfg
2024-12-30 03:06:13,975 - Parsed config items:
cert-keypair:	cert/key/ICVSBContent.pem
cert-keypair-pwd:	cert/key/ICVSBContent.pwd
load-verify-scheme:	0
crypto-type:	0
aes-ce-id:	0
aes-enc-key:	cert/key/KCEICV.txt
images-table:	cert/Images.txt
nvcounter-val:	1
cert-pkg:	cert/ICVSBContent.crt
2024-12-30 03:06:13,975 - **** Creating Content Certificate ****
2024-12-30 03:06:13,981 - **** Certificate file (context) creation has been completed successfully ****
2024-12-30 03:06:15,585 - Content Certificate Generation Utility started (Logging to sb_content_cert.log)
2024-12-30 03:06:15,585 - Parsing config file: cert/cfg/ICVSBContent.cfg
2024-12-30 03:06:15,585 - Parsed config items:
cert-keypair:	cert/key/ICVSBContent.pem
cert-keypair-pwd:	cert/key/ICVSBContent.pwd
load-verify-scheme:	0
crypto-type:	0
aes-ce-id:	0
aes-enc-key:	cert/key/KCEICV.txt
images-table:	cert/Images.txt
nvcounter-val:	1
cert-pkg:	cert/ICVSBContent.crt
2024-12-30 03:06:15,585 - **** Creating Content Certificate ****
2024-12-30 03:06:15,590 - **** Certificate file (context) creation has been completed successfully ****
2024-12-30 03:06:15,888 - Content Certificate Generation Utility started (Logging to sb_content_cert.log)
2024-12-30 03:06:15,888 - Parsing config file: cert/cfg/ICVSBContent.cfg
2024-12-30 03:06:15,888 - Parsed config items:
cert-keypair:	cert/key/ICVSBContent.pem
cert-keypair-pwd:	cert/key/ICVSBContent.pwd
load-verify-scheme:	0
crypto-type:	0
aes-ce-id:	0
aes-enc-key:	cert/key/KCEICV.txt
images-table:	cert/Images.txt
nvcounter-val:	1
cert-pkg:	cert/ICVSBContent.crt
2024-12-30 03:06:15,888 - **** Creating Content Certificate ****
2024-12-30 03:06:15,893 - **** Certificate file (context) creation has been completed successfully ****
2024-12-30 03:14:35,353 - Content Certificate Generation Utility started (Logging to sb_content_cert.log)
2024-12-30 03:14:35,353 - Parsing config file: cert/cfg/ICVSBContent.cfg
2024-12-30 03:14:35,353 - Parsed config items:
cert-keypair:	cert/key/ICVSBContent.pem
cert-keypair-pwd:	cert/key/ICVSBContent.pwd
load-verify-scheme:	0
crypto-type:	0
aes-ce-id:	0
aes-enc-key:	cert/key/KCEICV.txt
images-table:	cert/Images.txt
nvcounter-val:	1
cert-pkg:	cert/ICVSBContent.crt
2024-12-30 03:14:35,353 - **** Creating Content Certificate ****
2024-12-30 03:14:35,359 - **** Certificate file (context) creation has been completed successfully ****
2024-12-30 03:14:35,639 - Content Certificate Generation Utility started (Logging to sb_content_cert.log)
2024-12-30 03:14:35,639 - Parsing config file: cert/cfg/ICVSBContent.cfg
2024-12-30 03:14:35,639 - Parsed config items:
cert-keypair:	cert/key/ICVSBContent.pem
cert-keypair-pwd:	cert/key/ICVSBContent.pwd
load-verify-scheme:	0
crypto-type:	0
aes-ce-id:	0
aes-enc-key:	cert/key/KCEICV.txt
images-table:	cert/Images.txt
nvcounter-val:	1
cert-pkg:	cert/ICVSBContent.crt
2024-12-30 03:14:35,640 - **** Creating Content Certificate ****
2024-12-30 03:14:35,645 - **** Certificate file (context) creation has been completed successfully ****
2024-12-30 03:14:36,110 - Content Certificate Generation Utility started (Logging to sb_content_cert.log)
2024-12-30 03:14:36,110 - Parsing config file: cert/cfg/ICVSBContent.cfg
2024-12-30 03:14:36,111 - Parsed config items:
cert-keypair:	cert/key/ICVSBContent.pem
cert-keypair-pwd:	cert/key/ICVSBContent.pwd
load-verify-scheme:	0
crypto-type:	0
aes-ce-id:	0
aes-enc-key:	cert/key/KCEICV.txt
images-table:	cert/Images.txt
nvcounter-val:	1
cert-pkg:	cert/ICVSBContent.crt
2024-12-30 03:14:36,111 - **** Creating Content Certificate ****
2024-12-30 03:14:36,117 - **** Certificate file (context) creation has been completed successfully ****
2024-12-30 03:14:36,402 - Content Certificate Generation Utility started (Logging to sb_content_cert.log)
2024-12-30 03:14:36,402 - Parsing config file: cert/cfg/ICVSBContent.cfg
2024-12-30 03:14:36,402 - Parsed config items:
cert-keypair:	cert/key/ICVSBContent.pem
cert-keypair-pwd:	cert/key/ICVSBContent.pwd
load-verify-scheme:	0
crypto-type:	0
aes-ce-id:	0
aes-enc-key:	cert/key/KCEICV.txt
images-table:	cert/Images.txt
nvcounter-val:	1
cert-pkg:	cert/ICVSBContent.crt
2024-12-30 03:14:36,403 - **** Creating Content Certificate ****
2024-12-30 03:14:36,408 - **** Certificate file (context) creation has been completed successfully ****
2024-12-30 03:14:38,049 - Content Certificate Generation Utility started (Logging to sb_content_cert.log)
2024-12-30 03:14:38,049 - Parsing config file: cert/cfg/ICVSBContent.cfg
2024-12-30 03:14:38,050 - Parsed config items:
cert-keypair:	cert/key/ICVSBContent.pem
cert-keypair-pwd:	cert/key/ICVSBContent.pwd
load-verify-scheme:	0
crypto-type:	0
aes-ce-id:	0
aes-enc-key:	cert/key/KCEICV.txt
images-table:	cert/Images.txt
nvcounter-val:	1
cert-pkg:	cert/ICVSBContent.crt
2024-12-30 03:14:38,050 - **** Creating Content Certificate ****
2024-12-30 03:14:38,055 - **** Certificate file (context) creation has been completed successfully ****
2024-12-30 03:14:38,355 - Content Certificate Generation Utility started (Logging to sb_content_cert.log)
2024-12-30 03:14:38,355 - Parsing config file: cert/cfg/ICVSBContent.cfg
2024-12-30 03:14:38,356 - Parsed config items:
cert-keypair:	cert/key/ICVSBContent.pem
cert-keypair-pwd:	cert/key/ICVSBContent.pwd
load-verify-scheme:	0
crypto-type:	0
aes-ce-id:	0
aes-enc-key:	cert/key/KCEICV.txt
images-table:	cert/Images.txt
nvcounter-val:	1
cert-pkg:	cert/ICVSBContent.crt
2024-12-30 03:14:38,356 - **** Creating Content Certificate ****
2024-12-30 03:14:38,361 - **** Certificate file (context) creation has been completed successfully ****
2024-12-30 03:26:19,185 - Content Certificate Generation Utility started (Logging to sb_content_cert.log)
2024-12-30 03:26:19,185 - Parsing config file: cert/cfg/ICVSBContent.cfg
2024-12-30 03:26:19,186 - Parsed config items:
cert-keypair:	cert/key/ICVSBContent.pem
cert-keypair-pwd:	cert/key/ICVSBContent.pwd
load-verify-scheme:	0
crypto-type:	0
aes-ce-id:	0
aes-enc-key:	cert/key/KCEICV.txt
images-table:	cert/Images.txt
nvcounter-val:	1
cert-pkg:	cert/ICVSBContent.crt
2024-12-30 03:26:19,186 - **** Creating Content Certificate ****
2024-12-30 03:26:19,191 - **** Certificate file (context) creation has been completed successfully ****
2024-12-30 03:26:19,469 - Content Certificate Generation Utility started (Logging to sb_content_cert.log)
2024-12-30 03:26:19,470 - Parsing config file: cert/cfg/ICVSBContent.cfg
2024-12-30 03:26:19,470 - Parsed config items:
cert-keypair:	cert/key/ICVSBContent.pem
cert-keypair-pwd:	cert/key/ICVSBContent.pwd
load-verify-scheme:	0
crypto-type:	0
aes-ce-id:	0
aes-enc-key:	cert/key/KCEICV.txt
images-table:	cert/Images.txt
nvcounter-val:	1
cert-pkg:	cert/ICVSBContent.crt
2024-12-30 03:26:19,470 - **** Creating Content Certificate ****
2024-12-30 03:26:19,475 - **** Certificate file (context) creation has been completed successfully ****
2024-12-30 03:26:19,944 - Content Certificate Generation Utility started (Logging to sb_content_cert.log)
2024-12-30 03:26:19,944 - Parsing config file: cert/cfg/ICVSBContent.cfg
2024-12-30 03:26:19,945 - Parsed config items:
cert-keypair:	cert/key/ICVSBContent.pem
cert-keypair-pwd:	cert/key/ICVSBContent.pwd
load-verify-scheme:	0
crypto-type:	0
aes-ce-id:	0
aes-enc-key:	cert/key/KCEICV.txt
images-table:	cert/Images.txt
nvcounter-val:	1
cert-pkg:	cert/ICVSBContent.crt
2024-12-30 03:26:19,945 - **** Creating Content Certificate ****
2024-12-30 03:26:19,951 - **** Certificate file (context) creation has been completed successfully ****
2024-12-30 03:26:20,235 - Content Certificate Generation Utility started (Logging to sb_content_cert.log)
2024-12-30 03:26:20,236 - Parsing config file: cert/cfg/ICVSBContent.cfg
2024-12-30 03:26:20,236 - Parsed config items:
cert-keypair:	cert/key/ICVSBContent.pem
cert-keypair-pwd:	cert/key/ICVSBContent.pwd
load-verify-scheme:	0
crypto-type:	0
aes-ce-id:	0
aes-enc-key:	cert/key/KCEICV.txt
images-table:	cert/Images.txt
nvcounter-val:	1
cert-pkg:	cert/ICVSBContent.crt
2024-12-30 03:26:20,236 - **** Creating Content Certificate ****
2024-12-30 03:26:20,241 - **** Certificate file (context) creation has been completed successfully ****
2024-12-30 03:26:28,625 - Content Certificate Generation Utility started (Logging to sb_content_cert.log)
2024-12-30 03:26:28,626 - Parsing config file: cert/cfg/ICVSBContent.cfg
2024-12-30 03:26:28,626 - Parsed config items:
cert-keypair:	cert/key/ICVSBContent.pem
cert-keypair-pwd:	cert/key/ICVSBContent.pwd
load-verify-scheme:	0
crypto-type:	0
aes-ce-id:	0
aes-enc-key:	cert/key/KCEICV.txt
images-table:	cert/Images.txt
nvcounter-val:	1
cert-pkg:	cert/ICVSBContent.crt
2024-12-30 03:26:28,626 - **** Creating Content Certificate ****
2024-12-30 03:26:28,631 - **** Certificate file (context) creation has been completed successfully ****
2024-12-30 03:26:28,893 - Content Certificate Generation Utility started (Logging to sb_content_cert.log)
2024-12-30 03:26:28,893 - Parsing config file: cert/cfg/ICVSBContent.cfg
2024-12-30 03:26:28,893 - Parsed config items:
cert-keypair:	cert/key/ICVSBContent.pem
cert-keypair-pwd:	cert/key/ICVSBContent.pwd
load-verify-scheme:	0
crypto-type:	0
aes-ce-id:	0
aes-enc-key:	cert/key/KCEICV.txt
images-table:	cert/Images.txt
nvcounter-val:	1
cert-pkg:	cert/ICVSBContent.crt
2024-12-30 03:26:28,893 - **** Creating Content Certificate ****
2024-12-30 03:26:28,899 - **** Certificate file (context) creation has been completed successfully ****
2024-12-30 03:26:29,342 - Content Certificate Generation Utility started (Logging to sb_content_cert.log)
2024-12-30 03:26:29,343 - Parsing config file: cert/cfg/ICVSBContent.cfg
2024-12-30 03:26:29,343 - Parsed config items:
cert-keypair:	cert/key/ICVSBContent.pem
cert-keypair-pwd:	cert/key/ICVSBContent.pwd
load-verify-scheme:	0
crypto-type:	0
aes-ce-id:	0
aes-enc-key:	cert/key/KCEICV.txt
images-table:	cert/Images.txt
nvcounter-val:	1
cert-pkg:	cert/ICVSBContent.crt
2024-12-30 03:26:29,343 - **** Creating Content Certificate ****
2024-12-30 03:26:29,349 - **** Certificate file (context) creation has been completed successfully ****
2024-12-30 03:26:29,630 - Content Certificate Generation Utility started (Logging to sb_content_cert.log)
2024-12-30 03:26:29,630 - Parsing config file: cert/cfg/ICVSBContent.cfg
2024-12-30 03:26:29,630 - Parsed config items:
cert-keypair:	cert/key/ICVSBContent.pem
cert-keypair-pwd:	cert/key/ICVSBContent.pwd
load-verify-scheme:	0
crypto-type:	0
aes-ce-id:	0
aes-enc-key:	cert/key/KCEICV.txt
images-table:	cert/Images.txt
nvcounter-val:	1
cert-pkg:	cert/ICVSBContent.crt
2024-12-30 03:26:29,630 - **** Creating Content Certificate ****
2024-12-30 03:26:29,636 - **** Certificate file (context) creation has been completed successfully ****
2024-12-30 03:26:45,591 - Content Certificate Generation Utility started (Logging to sb_content_cert.log)
2024-12-30 03:26:45,591 - Parsing config file: cert/cfg/ICVSBContent.cfg
2024-12-30 03:26:45,592 - Parsed config items:
cert-keypair:	cert/key/ICVSBContent.pem
cert-keypair-pwd:	cert/key/ICVSBContent.pwd
load-verify-scheme:	0
crypto-type:	0
aes-ce-id:	0
aes-enc-key:	cert/key/KCEICV.txt
images-table:	cert/Images.txt
nvcounter-val:	1
cert-pkg:	cert/ICVSBContent.crt
2024-12-30 03:26:45,592 - **** Creating Content Certificate ****
2024-12-30 03:26:45,597 - **** Certificate file (context) creation has been completed successfully ****
2024-12-30 03:26:45,882 - Content Certificate Generation Utility started (Logging to sb_content_cert.log)
2024-12-30 03:26:45,883 - Parsing config file: cert/cfg/ICVSBContent.cfg
2024-12-30 03:26:45,883 - Parsed config items:
cert-keypair:	cert/key/ICVSBContent.pem
cert-keypair-pwd:	cert/key/ICVSBContent.pwd
load-verify-scheme:	0
crypto-type:	0
aes-ce-id:	0
aes-enc-key:	cert/key/KCEICV.txt
images-table:	cert/Images.txt
nvcounter-val:	1
cert-pkg:	cert/ICVSBContent.crt
2024-12-30 03:26:45,883 - **** Creating Content Certificate ****
2024-12-30 03:26:45,888 - **** Certificate file (context) creation has been completed successfully ****
2024-12-30 03:26:46,344 - Content Certificate Generation Utility started (Logging to sb_content_cert.log)
2024-12-30 03:26:46,344 - Parsing config file: cert/cfg/ICVSBContent.cfg
2024-12-30 03:26:46,345 - Parsed config items:
cert-keypair:	cert/key/ICVSBContent.pem
cert-keypair-pwd:	cert/key/ICVSBContent.pwd
load-verify-scheme:	0
crypto-type:	0
aes-ce-id:	0
aes-enc-key:	cert/key/KCEICV.txt
images-table:	cert/Images.txt
nvcounter-val:	1
cert-pkg:	cert/ICVSBContent.crt
2024-12-30 03:26:46,345 - **** Creating Content Certificate ****
2024-12-30 03:26:46,351 - **** Certificate file (context) creation has been completed successfully ****
2024-12-30 03:26:46,633 - Content Certificate Generation Utility started (Logging to sb_content_cert.log)
2024-12-30 03:26:46,633 - Parsing config file: cert/cfg/ICVSBContent.cfg
2024-12-30 03:26:46,634 - Parsed config items:
cert-keypair:	cert/key/ICVSBContent.pem
cert-keypair-pwd:	cert/key/ICVSBContent.pwd
load-verify-scheme:	0
crypto-type:	0
aes-ce-id:	0
aes-enc-key:	cert/key/KCEICV.txt
images-table:	cert/Images.txt
nvcounter-val:	1
cert-pkg:	cert/ICVSBContent.crt
2024-12-30 03:26:46,634 - **** Creating Content Certificate ****
2024-12-30 03:26:46,639 - **** Certificate file (context) creation has been completed successfully ****
2024-12-30 03:26:48,258 - Content Certificate Generation Utility started (Logging to sb_content_cert.log)
2024-12-30 03:26:48,258 - Parsing config file: cert/cfg/ICVSBContent.cfg
2024-12-30 03:26:48,258 - Parsed config items:
cert-keypair:	cert/key/ICVSBContent.pem
cert-keypair-pwd:	cert/key/ICVSBContent.pwd
load-verify-scheme:	0
crypto-type:	0
aes-ce-id:	0
aes-enc-key:	cert/key/KCEICV.txt
images-table:	cert/Images.txt
nvcounter-val:	1
cert-pkg:	cert/ICVSBContent.crt
2024-12-30 03:26:48,258 - **** Creating Content Certificate ****
2024-12-30 03:26:48,263 - **** Certificate file (context) creation has been completed successfully ****
2024-12-30 03:26:48,565 - Content Certificate Generation Utility started (Logging to sb_content_cert.log)
2024-12-30 03:26:48,565 - Parsing config file: cert/cfg/ICVSBContent.cfg
2024-12-30 03:26:48,565 - Parsed config items:
cert-keypair:	cert/key/ICVSBContent.pem
cert-keypair-pwd:	cert/key/ICVSBContent.pwd
load-verify-scheme:	0
crypto-type:	0
aes-ce-id:	0
aes-enc-key:	cert/key/KCEICV.txt
images-table:	cert/Images.txt
nvcounter-val:	1
cert-pkg:	cert/ICVSBContent.crt
2024-12-30 03:26:48,566 - **** Creating Content Certificate ****
2024-12-30 03:26:48,571 - **** Certificate file (context) creation has been completed successfully ****
2024-12-30 05:49:13,024 - Content Certificate Generation Utility started (Logging to sb_content_cert.log)
2024-12-30 05:49:13,024 - Parsing config file: cert/cfg/ICVSBContent.cfg
2024-12-30 05:49:13,024 - Parsed config items:
cert-keypair:	cert/key/ICVSBContent.pem
cert-keypair-pwd:	cert/key/ICVSBContent.pwd
load-verify-scheme:	0
crypto-type:	0
aes-ce-id:	0
aes-enc-key:	cert/key/KCEICV.txt
images-table:	cert/Images.txt
nvcounter-val:	1
cert-pkg:	cert/ICVSBContent.crt
2024-12-30 05:49:13,025 - **** Creating Content Certificate ****
2024-12-30 05:49:13,030 - **** Certificate file (context) creation has been completed successfully ****
2024-12-30 05:49:13,310 - Content Certificate Generation Utility started (Logging to sb_content_cert.log)
2024-12-30 05:49:13,311 - Parsing config file: cert/cfg/ICVSBContent.cfg
2024-12-30 05:49:13,311 - Parsed config items:
cert-keypair:	cert/key/ICVSBContent.pem
cert-keypair-pwd:	cert/key/ICVSBContent.pwd
load-verify-scheme:	0
crypto-type:	0
aes-ce-id:	0
aes-enc-key:	cert/key/KCEICV.txt
images-table:	cert/Images.txt
nvcounter-val:	1
cert-pkg:	cert/ICVSBContent.crt
2024-12-30 05:49:13,311 - **** Creating Content Certificate ****
2024-12-30 05:49:13,316 - **** Certificate file (context) creation has been completed successfully ****
2024-12-30 05:49:13,768 - Content Certificate Generation Utility started (Logging to sb_content_cert.log)
2024-12-30 05:49:13,768 - Parsing config file: cert/cfg/ICVSBContent.cfg
2024-12-30 05:49:13,769 - Parsed config items:
cert-keypair:	cert/key/ICVSBContent.pem
cert-keypair-pwd:	cert/key/ICVSBContent.pwd
load-verify-scheme:	0
crypto-type:	0
aes-ce-id:	0
aes-enc-key:	cert/key/KCEICV.txt
images-table:	cert/Images.txt
nvcounter-val:	1
cert-pkg:	cert/ICVSBContent.crt
2024-12-30 05:49:13,769 - **** Creating Content Certificate ****
2024-12-30 05:49:13,775 - **** Certificate file (context) creation has been completed successfully ****
2024-12-30 05:49:14,058 - Content Certificate Generation Utility started (Logging to sb_content_cert.log)
2024-12-30 05:49:14,058 - Parsing config file: cert/cfg/ICVSBContent.cfg
2024-12-30 05:49:14,058 - Parsed config items:
cert-keypair:	cert/key/ICVSBContent.pem
cert-keypair-pwd:	cert/key/ICVSBContent.pwd
load-verify-scheme:	0
crypto-type:	0
aes-ce-id:	0
aes-enc-key:	cert/key/KCEICV.txt
images-table:	cert/Images.txt
nvcounter-val:	1
cert-pkg:	cert/ICVSBContent.crt
2024-12-30 05:49:14,058 - **** Creating Content Certificate ****
2024-12-30 05:49:14,063 - **** Certificate file (context) creation has been completed successfully ****
2024-12-30 05:49:26,168 - Content Certificate Generation Utility started (Logging to sb_content_cert.log)
2024-12-30 05:49:26,168 - Parsing config file: cert/cfg/ICVSBContent.cfg
2024-12-30 05:49:26,169 - Parsed config items:
cert-keypair:	cert/key/ICVSBContent.pem
cert-keypair-pwd:	cert/key/ICVSBContent.pwd
load-verify-scheme:	0
crypto-type:	0
aes-ce-id:	0
aes-enc-key:	cert/key/KCEICV.txt
images-table:	cert/Images.txt
nvcounter-val:	1
cert-pkg:	cert/ICVSBContent.crt
2024-12-30 05:49:26,169 - **** Creating Content Certificate ****
2024-12-30 05:49:26,174 - **** Certificate file (context) creation has been completed successfully ****
2024-12-30 05:49:26,434 - Content Certificate Generation Utility started (Logging to sb_content_cert.log)
2024-12-30 05:49:26,434 - Parsing config file: cert/cfg/ICVSBContent.cfg
2024-12-30 05:49:26,435 - Parsed config items:
cert-keypair:	cert/key/ICVSBContent.pem
cert-keypair-pwd:	cert/key/ICVSBContent.pwd
load-verify-scheme:	0
crypto-type:	0
aes-ce-id:	0
aes-enc-key:	cert/key/KCEICV.txt
images-table:	cert/Images.txt
nvcounter-val:	1
cert-pkg:	cert/ICVSBContent.crt
2024-12-30 05:49:26,435 - **** Creating Content Certificate ****
2024-12-30 05:49:26,440 - **** Certificate file (context) creation has been completed successfully ****
2024-12-30 05:49:26,900 - Content Certificate Generation Utility started (Logging to sb_content_cert.log)
2024-12-30 05:49:26,900 - Parsing config file: cert/cfg/ICVSBContent.cfg
2024-12-30 05:49:26,901 - Parsed config items:
cert-keypair:	cert/key/ICVSBContent.pem
cert-keypair-pwd:	cert/key/ICVSBContent.pwd
load-verify-scheme:	0
crypto-type:	0
aes-ce-id:	0
aes-enc-key:	cert/key/KCEICV.txt
images-table:	cert/Images.txt
nvcounter-val:	1
cert-pkg:	cert/ICVSBContent.crt
2024-12-30 05:49:26,901 - **** Creating Content Certificate ****
2024-12-30 05:49:26,907 - **** Certificate file (context) creation has been completed successfully ****
2024-12-30 05:49:27,187 - Content Certificate Generation Utility started (Logging to sb_content_cert.log)
2024-12-30 05:49:27,187 - Parsing config file: cert/cfg/ICVSBContent.cfg
2024-12-30 05:49:27,188 - Parsed config items:
cert-keypair:	cert/key/ICVSBContent.pem
cert-keypair-pwd:	cert/key/ICVSBContent.pwd
load-verify-scheme:	0
crypto-type:	0
aes-ce-id:	0
aes-enc-key:	cert/key/KCEICV.txt
images-table:	cert/Images.txt
nvcounter-val:	1
cert-pkg:	cert/ICVSBContent.crt
2024-12-30 05:49:27,188 - **** Creating Content Certificate ****
2024-12-30 05:49:27,193 - **** Certificate file (context) creation has been completed successfully ****
2024-12-30 05:49:28,829 - Content Certificate Generation Utility started (Logging to sb_content_cert.log)
2024-12-30 05:49:28,829 - Parsing config file: cert/cfg/ICVSBContent.cfg
2024-12-30 05:49:28,830 - Parsed config items:
cert-keypair:	cert/key/ICVSBContent.pem
cert-keypair-pwd:	cert/key/ICVSBContent.pwd
load-verify-scheme:	0
crypto-type:	0
aes-ce-id:	0
aes-enc-key:	cert/key/KCEICV.txt
images-table:	cert/Images.txt
nvcounter-val:	1
cert-pkg:	cert/ICVSBContent.crt
2024-12-30 05:49:28,830 - **** Creating Content Certificate ****
2024-12-30 05:49:28,835 - **** Certificate file (context) creation has been completed successfully ****
2024-12-30 05:49:29,132 - Content Certificate Generation Utility started (Logging to sb_content_cert.log)
2024-12-30 05:49:29,132 - Parsing config file: cert/cfg/ICVSBContent.cfg
2024-12-30 05:49:29,132 - Parsed config items:
cert-keypair:	cert/key/ICVSBContent.pem
cert-keypair-pwd:	cert/key/ICVSBContent.pwd
load-verify-scheme:	0
crypto-type:	0
aes-ce-id:	0
aes-enc-key:	cert/key/KCEICV.txt
images-table:	cert/Images.txt
nvcounter-val:	1
cert-pkg:	cert/ICVSBContent.crt
2024-12-30 05:49:29,133 - **** Creating Content Certificate ****
2024-12-30 05:49:29,138 - **** Certificate file (context) creation has been completed successfully ****
2024-12-30 05:52:04,025 - Content Certificate Generation Utility started (Logging to sb_content_cert.log)
2024-12-30 05:52:04,025 - Parsing config file: cert/cfg/ICVSBContent.cfg
2024-12-30 05:52:04,026 - Parsed config items:
cert-keypair:	cert/key/ICVSBContent.pem
cert-keypair-pwd:	cert/key/ICVSBContent.pwd
load-verify-scheme:	0
crypto-type:	0
aes-ce-id:	0
aes-enc-key:	cert/key/KCEICV.txt
images-table:	cert/Images.txt
nvcounter-val:	1
cert-pkg:	cert/ICVSBContent.crt
2024-12-30 05:52:04,026 - **** Creating Content Certificate ****
2024-12-30 05:52:04,031 - **** Certificate file (context) creation has been completed successfully ****
2024-12-30 05:52:04,317 - Content Certificate Generation Utility started (Logging to sb_content_cert.log)
2024-12-30 05:52:04,317 - Parsing config file: cert/cfg/ICVSBContent.cfg
2024-12-30 05:52:04,317 - Parsed config items:
cert-keypair:	cert/key/ICVSBContent.pem
cert-keypair-pwd:	cert/key/ICVSBContent.pwd
load-verify-scheme:	0
crypto-type:	0
aes-ce-id:	0
aes-enc-key:	cert/key/KCEICV.txt
images-table:	cert/Images.txt
nvcounter-val:	1
cert-pkg:	cert/ICVSBContent.crt
2024-12-30 05:52:04,318 - **** Creating Content Certificate ****
2024-12-30 05:52:04,323 - **** Certificate file (context) creation has been completed successfully ****
2024-12-30 05:52:04,786 - Content Certificate Generation Utility started (Logging to sb_content_cert.log)
2024-12-30 05:52:04,786 - Parsing config file: cert/cfg/ICVSBContent.cfg
2024-12-30 05:52:04,786 - Parsed config items:
cert-keypair:	cert/key/ICVSBContent.pem
cert-keypair-pwd:	cert/key/ICVSBContent.pwd
load-verify-scheme:	0
crypto-type:	0
aes-ce-id:	0
aes-enc-key:	cert/key/KCEICV.txt
images-table:	cert/Images.txt
nvcounter-val:	1
cert-pkg:	cert/ICVSBContent.crt
2024-12-30 05:52:04,787 - **** Creating Content Certificate ****
2024-12-30 05:52:04,793 - **** Certificate file (context) creation has been completed successfully ****
2024-12-30 05:52:05,074 - Content Certificate Generation Utility started (Logging to sb_content_cert.log)
2024-12-30 05:52:05,074 - Parsing config file: cert/cfg/ICVSBContent.cfg
2024-12-30 05:52:05,075 - Parsed config items:
cert-keypair:	cert/key/ICVSBContent.pem
cert-keypair-pwd:	cert/key/ICVSBContent.pwd
load-verify-scheme:	0
crypto-type:	0
aes-ce-id:	0
aes-enc-key:	cert/key/KCEICV.txt
images-table:	cert/Images.txt
nvcounter-val:	1
cert-pkg:	cert/ICVSBContent.crt
2024-12-30 05:52:05,075 - **** Creating Content Certificate ****
2024-12-30 05:52:05,080 - **** Certificate file (context) creation has been completed successfully ****
2024-12-30 05:55:00,765 - Content Certificate Generation Utility started (Logging to sb_content_cert.log)
2024-12-30 05:55:00,765 - Parsing config file: cert/cfg/ICVSBContent.cfg
2024-12-30 05:55:00,765 - Parsed config items:
cert-keypair:	cert/key/ICVSBContent.pem
cert-keypair-pwd:	cert/key/ICVSBContent.pwd
load-verify-scheme:	0
crypto-type:	0
aes-ce-id:	0
aes-enc-key:	cert/key/KCEICV.txt
images-table:	cert/Images.txt
nvcounter-val:	1
cert-pkg:	cert/ICVSBContent.crt
2024-12-30 05:55:00,766 - **** Creating Content Certificate ****
2024-12-30 05:55:00,771 - **** Certificate file (context) creation has been completed successfully ****
2024-12-30 05:55:01,052 - Content Certificate Generation Utility started (Logging to sb_content_cert.log)
2024-12-30 05:55:01,052 - Parsing config file: cert/cfg/ICVSBContent.cfg
2024-12-30 05:55:01,052 - Parsed config items:
cert-keypair:	cert/key/ICVSBContent.pem
cert-keypair-pwd:	cert/key/ICVSBContent.pwd
load-verify-scheme:	0
crypto-type:	0
aes-ce-id:	0
aes-enc-key:	cert/key/KCEICV.txt
images-table:	cert/Images.txt
nvcounter-val:	1
cert-pkg:	cert/ICVSBContent.crt
2024-12-30 05:55:01,053 - **** Creating Content Certificate ****
2024-12-30 05:55:01,058 - **** Certificate file (context) creation has been completed successfully ****
2024-12-30 05:55:01,509 - Content Certificate Generation Utility started (Logging to sb_content_cert.log)
2024-12-30 05:55:01,510 - Parsing config file: cert/cfg/ICVSBContent.cfg
2024-12-30 05:55:01,510 - Parsed config items:
cert-keypair:	cert/key/ICVSBContent.pem
cert-keypair-pwd:	cert/key/ICVSBContent.pwd
load-verify-scheme:	0
crypto-type:	0
aes-ce-id:	0
aes-enc-key:	cert/key/KCEICV.txt
images-table:	cert/Images.txt
nvcounter-val:	1
cert-pkg:	cert/ICVSBContent.crt
2024-12-30 05:55:01,510 - **** Creating Content Certificate ****
2024-12-30 05:55:01,516 - **** Certificate file (context) creation has been completed successfully ****
2024-12-30 05:55:01,796 - Content Certificate Generation Utility started (Logging to sb_content_cert.log)
2024-12-30 05:55:01,796 - Parsing config file: cert/cfg/ICVSBContent.cfg
2024-12-30 05:55:01,797 - Parsed config items:
cert-keypair:	cert/key/ICVSBContent.pem
cert-keypair-pwd:	cert/key/ICVSBContent.pwd
load-verify-scheme:	0
crypto-type:	0
aes-ce-id:	0
aes-enc-key:	cert/key/KCEICV.txt
images-table:	cert/Images.txt
nvcounter-val:	1
cert-pkg:	cert/ICVSBContent.crt
2024-12-30 05:55:01,797 - **** Creating Content Certificate ****
2024-12-30 05:55:01,802 - **** Certificate file (context) creation has been completed successfully ****
2024-12-30 05:55:13,853 - Content Certificate Generation Utility started (Logging to sb_content_cert.log)
2024-12-30 05:55:13,854 - Parsing config file: cert/cfg/ICVSBContent.cfg
2024-12-30 05:55:13,854 - Parsed config items:
cert-keypair:	cert/key/ICVSBContent.pem
cert-keypair-pwd:	cert/key/ICVSBContent.pwd
load-verify-scheme:	0
crypto-type:	0
aes-ce-id:	0
aes-enc-key:	cert/key/KCEICV.txt
images-table:	cert/Images.txt
nvcounter-val:	1
cert-pkg:	cert/ICVSBContent.crt
2024-12-30 05:55:13,854 - **** Creating Content Certificate ****
2024-12-30 05:55:13,859 - **** Certificate file (context) creation has been completed successfully ****
2024-12-30 05:55:14,138 - Content Certificate Generation Utility started (Logging to sb_content_cert.log)
2024-12-30 05:55:14,139 - Parsing config file: cert/cfg/ICVSBContent.cfg
2024-12-30 05:55:14,139 - Parsed config items:
cert-keypair:	cert/key/ICVSBContent.pem
cert-keypair-pwd:	cert/key/ICVSBContent.pwd
load-verify-scheme:	0
crypto-type:	0
aes-ce-id:	0
aes-enc-key:	cert/key/KCEICV.txt
images-table:	cert/Images.txt
nvcounter-val:	1
cert-pkg:	cert/ICVSBContent.crt
2024-12-30 05:55:14,139 - **** Creating Content Certificate ****
2024-12-30 05:55:14,144 - **** Certificate file (context) creation has been completed successfully ****
2024-12-30 05:55:14,598 - Content Certificate Generation Utility started (Logging to sb_content_cert.log)
2024-12-30 05:55:14,599 - Parsing config file: cert/cfg/ICVSBContent.cfg
2024-12-30 05:55:14,599 - Parsed config items:
cert-keypair:	cert/key/ICVSBContent.pem
cert-keypair-pwd:	cert/key/ICVSBContent.pwd
load-verify-scheme:	0
crypto-type:	0
aes-ce-id:	0
aes-enc-key:	cert/key/KCEICV.txt
images-table:	cert/Images.txt
nvcounter-val:	1
cert-pkg:	cert/ICVSBContent.crt
2024-12-30 05:55:14,599 - **** Creating Content Certificate ****
2024-12-30 05:55:14,605 - **** Certificate file (context) creation has been completed successfully ****
2024-12-30 05:55:14,887 - Content Certificate Generation Utility started (Logging to sb_content_cert.log)
2024-12-30 05:55:14,887 - Parsing config file: cert/cfg/ICVSBContent.cfg
2024-12-30 05:55:14,887 - Parsed config items:
cert-keypair:	cert/key/ICVSBContent.pem
cert-keypair-pwd:	cert/key/ICVSBContent.pwd
load-verify-scheme:	0
crypto-type:	0
aes-ce-id:	0
aes-enc-key:	cert/key/KCEICV.txt
images-table:	cert/Images.txt
nvcounter-val:	1
cert-pkg:	cert/ICVSBContent.crt
2024-12-30 05:55:14,887 - **** Creating Content Certificate ****
2024-12-30 05:55:14,893 - **** Certificate file (context) creation has been completed successfully ****
2024-12-30 05:55:16,516 - Content Certificate Generation Utility started (Logging to sb_content_cert.log)
2024-12-30 05:55:16,516 - Parsing config file: cert/cfg/ICVSBContent.cfg
2024-12-30 05:55:16,517 - Parsed config items:
cert-keypair:	cert/key/ICVSBContent.pem
cert-keypair-pwd:	cert/key/ICVSBContent.pwd
load-verify-scheme:	0
crypto-type:	0
aes-ce-id:	0
aes-enc-key:	cert/key/KCEICV.txt
images-table:	cert/Images.txt
nvcounter-val:	1
cert-pkg:	cert/ICVSBContent.crt
2024-12-30 05:55:16,517 - **** Creating Content Certificate ****
2024-12-30 05:55:16,522 - **** Certificate file (context) creation has been completed successfully ****
2024-12-30 05:55:16,822 - Content Certificate Generation Utility started (Logging to sb_content_cert.log)
2024-12-30 05:55:16,822 - Parsing config file: cert/cfg/ICVSBContent.cfg
2024-12-30 05:55:16,822 - Parsed config items:
cert-keypair:	cert/key/ICVSBContent.pem
cert-keypair-pwd:	cert/key/ICVSBContent.pwd
load-verify-scheme:	0
crypto-type:	0
aes-ce-id:	0
aes-enc-key:	cert/key/KCEICV.txt
images-table:	cert/Images.txt
nvcounter-val:	1
cert-pkg:	cert/ICVSBContent.crt
2024-12-30 05:55:16,823 - **** Creating Content Certificate ****
2024-12-30 05:55:16,828 - **** Certificate file (context) creation has been completed successfully ****
2024-12-30 06:09:24,348 - Content Certificate Generation Utility started (Logging to sb_content_cert.log)
2024-12-30 06:09:24,348 - Parsing config file: cert/cfg/ICVSBContent.cfg
2024-12-30 06:09:24,349 - Parsed config items:
cert-keypair:	cert/key/ICVSBContent.pem
cert-keypair-pwd:	cert/key/ICVSBContent.pwd
load-verify-scheme:	0
crypto-type:	0
aes-ce-id:	0
aes-enc-key:	cert/key/KCEICV.txt
images-table:	cert/Images.txt
nvcounter-val:	1
cert-pkg:	cert/ICVSBContent.crt
2024-12-30 06:09:24,349 - **** Creating Content Certificate ****
2024-12-30 06:09:24,354 - **** Certificate file (context) creation has been completed successfully ****
2024-12-30 06:09:24,611 - Content Certificate Generation Utility started (Logging to sb_content_cert.log)
2024-12-30 06:09:24,611 - Parsing config file: cert/cfg/ICVSBContent.cfg
2024-12-30 06:09:24,611 - Parsed config items:
cert-keypair:	cert/key/ICVSBContent.pem
cert-keypair-pwd:	cert/key/ICVSBContent.pwd
load-verify-scheme:	0
crypto-type:	0
aes-ce-id:	0
aes-enc-key:	cert/key/KCEICV.txt
images-table:	cert/Images.txt
nvcounter-val:	1
cert-pkg:	cert/ICVSBContent.crt
2024-12-30 06:09:24,611 - **** Creating Content Certificate ****
2024-12-30 06:09:24,617 - **** Certificate file (context) creation has been completed successfully ****
2024-12-30 06:09:25,073 - Content Certificate Generation Utility started (Logging to sb_content_cert.log)
2024-12-30 06:09:25,074 - Parsing config file: cert/cfg/ICVSBContent.cfg
2024-12-30 06:09:25,074 - Parsed config items:
cert-keypair:	cert/key/ICVSBContent.pem
cert-keypair-pwd:	cert/key/ICVSBContent.pwd
load-verify-scheme:	0
crypto-type:	0
aes-ce-id:	0
aes-enc-key:	cert/key/KCEICV.txt
images-table:	cert/Images.txt
nvcounter-val:	1
cert-pkg:	cert/ICVSBContent.crt
2024-12-30 06:09:25,074 - **** Creating Content Certificate ****
2024-12-30 06:09:25,080 - **** Certificate file (context) creation has been completed successfully ****
2024-12-30 06:09:25,360 - Content Certificate Generation Utility started (Logging to sb_content_cert.log)
2024-12-30 06:09:25,360 - Parsing config file: cert/cfg/ICVSBContent.cfg
2024-12-30 06:09:25,360 - Parsed config items:
cert-keypair:	cert/key/ICVSBContent.pem
cert-keypair-pwd:	cert/key/ICVSBContent.pwd
load-verify-scheme:	0
crypto-type:	0
aes-ce-id:	0
aes-enc-key:	cert/key/KCEICV.txt
images-table:	cert/Images.txt
nvcounter-val:	1
cert-pkg:	cert/ICVSBContent.crt
2024-12-30 06:09:25,361 - **** Creating Content Certificate ****
2024-12-30 06:09:25,366 - **** Certificate file (context) creation has been completed successfully ****
2024-12-30 06:09:26,967 - Content Certificate Generation Utility started (Logging to sb_content_cert.log)
2024-12-30 06:09:26,967 - Parsing config file: cert/cfg/ICVSBContent.cfg
2024-12-30 06:09:26,968 - Parsed config items:
cert-keypair:	cert/key/ICVSBContent.pem
cert-keypair-pwd:	cert/key/ICVSBContent.pwd
load-verify-scheme:	0
crypto-type:	0
aes-ce-id:	0
aes-enc-key:	cert/key/KCEICV.txt
images-table:	cert/Images.txt
nvcounter-val:	1
cert-pkg:	cert/ICVSBContent.crt
2024-12-30 06:09:26,968 - **** Creating Content Certificate ****
2024-12-30 06:09:26,973 - **** Certificate file (context) creation has been completed successfully ****
2024-12-30 06:09:27,258 - Content Certificate Generation Utility started (Logging to sb_content_cert.log)
2024-12-30 06:09:27,258 - Parsing config file: cert/cfg/ICVSBContent.cfg
2024-12-30 06:09:27,258 - Parsed config items:
cert-keypair:	cert/key/ICVSBContent.pem
cert-keypair-pwd:	cert/key/ICVSBContent.pwd
load-verify-scheme:	0
crypto-type:	0
aes-ce-id:	0
aes-enc-key:	cert/key/KCEICV.txt
images-table:	cert/Images.txt
nvcounter-val:	1
cert-pkg:	cert/ICVSBContent.crt
2024-12-30 06:09:27,258 - **** Creating Content Certificate ****
2024-12-30 06:09:27,263 - **** Certificate file (context) creation has been completed successfully ****
2024-12-30 06:11:38,492 - Content Certificate Generation Utility started (Logging to sb_content_cert.log)
2024-12-30 06:11:38,493 - Parsing config file: cert/cfg/ICVSBContent.cfg
2024-12-30 06:11:38,493 - Parsed config items:
cert-keypair:	cert/key/ICVSBContent.pem
cert-keypair-pwd:	cert/key/ICVSBContent.pwd
load-verify-scheme:	0
crypto-type:	0
aes-ce-id:	0
aes-enc-key:	cert/key/KCEICV.txt
images-table:	cert/Images.txt
nvcounter-val:	1
cert-pkg:	cert/ICVSBContent.crt
2024-12-30 06:11:38,493 - **** Creating Content Certificate ****
2024-12-30 06:11:38,498 - **** Certificate file (context) creation has been completed successfully ****
2024-12-30 06:11:38,778 - Content Certificate Generation Utility started (Logging to sb_content_cert.log)
2024-12-30 06:11:38,778 - Parsing config file: cert/cfg/ICVSBContent.cfg
2024-12-30 06:11:38,779 - Parsed config items:
cert-keypair:	cert/key/ICVSBContent.pem
cert-keypair-pwd:	cert/key/ICVSBContent.pwd
load-verify-scheme:	0
crypto-type:	0
aes-ce-id:	0
aes-enc-key:	cert/key/KCEICV.txt
images-table:	cert/Images.txt
nvcounter-val:	1
cert-pkg:	cert/ICVSBContent.crt
2024-12-30 06:11:38,779 - **** Creating Content Certificate ****
2024-12-30 06:11:38,784 - **** Certificate file (context) creation has been completed successfully ****
2024-12-30 06:11:39,238 - Content Certificate Generation Utility started (Logging to sb_content_cert.log)
2024-12-30 06:11:39,239 - Parsing config file: cert/cfg/ICVSBContent.cfg
2024-12-30 06:11:39,239 - Parsed config items:
cert-keypair:	cert/key/ICVSBContent.pem
cert-keypair-pwd:	cert/key/ICVSBContent.pwd
load-verify-scheme:	0
crypto-type:	0
aes-ce-id:	0
aes-enc-key:	cert/key/KCEICV.txt
images-table:	cert/Images.txt
nvcounter-val:	1
cert-pkg:	cert/ICVSBContent.crt
2024-12-30 06:11:39,239 - **** Creating Content Certificate ****
2024-12-30 06:11:39,245 - **** Certificate file (context) creation has been completed successfully ****
2024-12-30 06:11:39,526 - Content Certificate Generation Utility started (Logging to sb_content_cert.log)
2024-12-30 06:11:39,526 - Parsing config file: cert/cfg/ICVSBContent.cfg
2024-12-30 06:11:39,526 - Parsed config items:
cert-keypair:	cert/key/ICVSBContent.pem
cert-keypair-pwd:	cert/key/ICVSBContent.pwd
load-verify-scheme:	0
crypto-type:	0
aes-ce-id:	0
aes-enc-key:	cert/key/KCEICV.txt
images-table:	cert/Images.txt
nvcounter-val:	1
cert-pkg:	cert/ICVSBContent.crt
2024-12-30 06:11:39,527 - **** Creating Content Certificate ****
2024-12-30 06:11:39,532 - **** Certificate file (context) creation has been completed successfully ****
2024-12-30 06:11:58,405 - Content Certificate Generation Utility started (Logging to sb_content_cert.log)
2024-12-30 06:11:58,405 - Parsing config file: cert/cfg/ICVSBContent.cfg
2024-12-30 06:11:58,405 - Parsed config items:
cert-keypair:	cert/key/ICVSBContent.pem
cert-keypair-pwd:	cert/key/ICVSBContent.pwd
load-verify-scheme:	0
crypto-type:	0
aes-ce-id:	0
aes-enc-key:	cert/key/KCEICV.txt
images-table:	cert/Images.txt
nvcounter-val:	1
cert-pkg:	cert/ICVSBContent.crt
2024-12-30 06:11:58,406 - **** Creating Content Certificate ****
2024-12-30 06:11:58,411 - **** Certificate file (context) creation has been completed successfully ****
2024-12-30 06:11:58,688 - Content Certificate Generation Utility started (Logging to sb_content_cert.log)
2024-12-30 06:11:58,688 - Parsing config file: cert/cfg/ICVSBContent.cfg
2024-12-30 06:11:58,689 - Parsed config items:
cert-keypair:	cert/key/ICVSBContent.pem
cert-keypair-pwd:	cert/key/ICVSBContent.pwd
load-verify-scheme:	0
crypto-type:	0
aes-ce-id:	0
aes-enc-key:	cert/key/KCEICV.txt
images-table:	cert/Images.txt
nvcounter-val:	1
cert-pkg:	cert/ICVSBContent.crt
2024-12-30 06:11:58,689 - **** Creating Content Certificate ****
2024-12-30 06:11:58,694 - **** Certificate file (context) creation has been completed successfully ****
2024-12-30 06:11:59,146 - Content Certificate Generation Utility started (Logging to sb_content_cert.log)
2024-12-30 06:11:59,146 - Parsing config file: cert/cfg/ICVSBContent.cfg
2024-12-30 06:11:59,146 - Parsed config items:
cert-keypair:	cert/key/ICVSBContent.pem
cert-keypair-pwd:	cert/key/ICVSBContent.pwd
load-verify-scheme:	0
crypto-type:	0
aes-ce-id:	0
aes-enc-key:	cert/key/KCEICV.txt
images-table:	cert/Images.txt
nvcounter-val:	1
cert-pkg:	cert/ICVSBContent.crt
2024-12-30 06:11:59,147 - **** Creating Content Certificate ****
2024-12-30 06:11:59,153 - **** Certificate file (context) creation has been completed successfully ****
2024-12-30 06:11:59,435 - Content Certificate Generation Utility started (Logging to sb_content_cert.log)
2024-12-30 06:11:59,435 - Parsing config file: cert/cfg/ICVSBContent.cfg
2024-12-30 06:11:59,436 - Parsed config items:
cert-keypair:	cert/key/ICVSBContent.pem
cert-keypair-pwd:	cert/key/ICVSBContent.pwd
load-verify-scheme:	0
crypto-type:	0
aes-ce-id:	0
aes-enc-key:	cert/key/KCEICV.txt
images-table:	cert/Images.txt
nvcounter-val:	1
cert-pkg:	cert/ICVSBContent.crt
2024-12-30 06:11:59,436 - **** Creating Content Certificate ****
2024-12-30 06:11:59,441 - **** Certificate file (context) creation has been completed successfully ****
2024-12-30 06:12:01,037 - Content Certificate Generation Utility started (Logging to sb_content_cert.log)
2024-12-30 06:12:01,037 - Parsing config file: cert/cfg/ICVSBContent.cfg
2024-12-30 06:12:01,038 - Parsed config items:
cert-keypair:	cert/key/ICVSBContent.pem
cert-keypair-pwd:	cert/key/ICVSBContent.pwd
load-verify-scheme:	0
crypto-type:	0
aes-ce-id:	0
aes-enc-key:	cert/key/KCEICV.txt
images-table:	cert/Images.txt
nvcounter-val:	1
cert-pkg:	cert/ICVSBContent.crt
2024-12-30 06:12:01,038 - **** Creating Content Certificate ****
2024-12-30 06:12:01,043 - **** Certificate file (context) creation has been completed successfully ****
2024-12-30 06:12:01,341 - Content Certificate Generation Utility started (Logging to sb_content_cert.log)
2024-12-30 06:12:01,341 - Parsing config file: cert/cfg/ICVSBContent.cfg
2024-12-30 06:12:01,342 - Parsed config items:
cert-keypair:	cert/key/ICVSBContent.pem
cert-keypair-pwd:	cert/key/ICVSBContent.pwd
load-verify-scheme:	0
crypto-type:	0
aes-ce-id:	0
aes-enc-key:	cert/key/KCEICV.txt
images-table:	cert/Images.txt
nvcounter-val:	1
cert-pkg:	cert/ICVSBContent.crt
2024-12-30 06:12:01,342 - **** Creating Content Certificate ****
2024-12-30 06:12:01,347 - **** Certificate file (context) creation has been completed successfully ****
2024-12-30 06:17:07,973 - Content Certificate Generation Utility started (Logging to sb_content_cert.log)
2024-12-30 06:17:07,973 - Parsing config file: cert/cfg/ICVSBContent.cfg
2024-12-30 06:17:07,973 - Parsed config items:
cert-keypair:	cert/key/ICVSBContent.pem
cert-keypair-pwd:	cert/key/ICVSBContent.pwd
load-verify-scheme:	0
crypto-type:	0
aes-ce-id:	0
aes-enc-key:	cert/key/KCEICV.txt
images-table:	cert/Images.txt
nvcounter-val:	1
cert-pkg:	cert/ICVSBContent.crt
2024-12-30 06:17:07,974 - **** Creating Content Certificate ****
2024-12-30 06:17:07,979 - **** Certificate file (context) creation has been completed successfully ****
2024-12-30 06:17:08,261 - Content Certificate Generation Utility started (Logging to sb_content_cert.log)
2024-12-30 06:17:08,261 - Parsing config file: cert/cfg/ICVSBContent.cfg
2024-12-30 06:17:08,261 - Parsed config items:
cert-keypair:	cert/key/ICVSBContent.pem
cert-keypair-pwd:	cert/key/ICVSBContent.pwd
load-verify-scheme:	0
crypto-type:	0
aes-ce-id:	0
aes-enc-key:	cert/key/KCEICV.txt
images-table:	cert/Images.txt
nvcounter-val:	1
cert-pkg:	cert/ICVSBContent.crt
2024-12-30 06:17:08,262 - **** Creating Content Certificate ****
2024-12-30 06:17:08,267 - **** Certificate file (context) creation has been completed successfully ****
2024-12-30 06:17:08,723 - Content Certificate Generation Utility started (Logging to sb_content_cert.log)
2024-12-30 06:17:08,724 - Parsing config file: cert/cfg/ICVSBContent.cfg
2024-12-30 06:17:08,724 - Parsed config items:
cert-keypair:	cert/key/ICVSBContent.pem
cert-keypair-pwd:	cert/key/ICVSBContent.pwd
load-verify-scheme:	0
crypto-type:	0
aes-ce-id:	0
aes-enc-key:	cert/key/KCEICV.txt
images-table:	cert/Images.txt
nvcounter-val:	1
cert-pkg:	cert/ICVSBContent.crt
2024-12-30 06:17:08,724 - **** Creating Content Certificate ****
2024-12-30 06:17:08,730 - **** Certificate file (context) creation has been completed successfully ****
2024-12-30 06:17:09,013 - Content Certificate Generation Utility started (Logging to sb_content_cert.log)
2024-12-30 06:17:09,013 - Parsing config file: cert/cfg/ICVSBContent.cfg
2024-12-30 06:17:09,014 - Parsed config items:
cert-keypair:	cert/key/ICVSBContent.pem
cert-keypair-pwd:	cert/key/ICVSBContent.pwd
load-verify-scheme:	0
crypto-type:	0
aes-ce-id:	0
aes-enc-key:	cert/key/KCEICV.txt
images-table:	cert/Images.txt
nvcounter-val:	1
cert-pkg:	cert/ICVSBContent.crt
2024-12-30 06:17:09,014 - **** Creating Content Certificate ****
2024-12-30 06:17:09,019 - **** Certificate file (context) creation has been completed successfully ****
2024-12-30 06:17:23,127 - Content Certificate Generation Utility started (Logging to sb_content_cert.log)
2024-12-30 06:17:23,127 - Parsing config file: cert/cfg/ICVSBContent.cfg
2024-12-30 06:17:23,128 - Parsed config items:
cert-keypair:	cert/key/ICVSBContent.pem
cert-keypair-pwd:	cert/key/ICVSBContent.pwd
load-verify-scheme:	0
crypto-type:	0
aes-ce-id:	0
aes-enc-key:	cert/key/KCEICV.txt
images-table:	cert/Images.txt
nvcounter-val:	1
cert-pkg:	cert/ICVSBContent.crt
2024-12-30 06:17:23,128 - **** Creating Content Certificate ****
2024-12-30 06:17:23,133 - **** Certificate file (context) creation has been completed successfully ****
2024-12-30 06:17:23,413 - Content Certificate Generation Utility started (Logging to sb_content_cert.log)
2024-12-30 06:17:23,413 - Parsing config file: cert/cfg/ICVSBContent.cfg
2024-12-30 06:17:23,413 - Parsed config items:
cert-keypair:	cert/key/ICVSBContent.pem
cert-keypair-pwd:	cert/key/ICVSBContent.pwd
load-verify-scheme:	0
crypto-type:	0
aes-ce-id:	0
aes-enc-key:	cert/key/KCEICV.txt
images-table:	cert/Images.txt
nvcounter-val:	1
cert-pkg:	cert/ICVSBContent.crt
2024-12-30 06:17:23,414 - **** Creating Content Certificate ****
2024-12-30 06:17:23,420 - **** Certificate file (context) creation has been completed successfully ****
2024-12-30 06:17:23,873 - Content Certificate Generation Utility started (Logging to sb_content_cert.log)
2024-12-30 06:17:23,873 - Parsing config file: cert/cfg/ICVSBContent.cfg
2024-12-30 06:17:23,874 - Parsed config items:
cert-keypair:	cert/key/ICVSBContent.pem
cert-keypair-pwd:	cert/key/ICVSBContent.pwd
load-verify-scheme:	0
crypto-type:	0
aes-ce-id:	0
aes-enc-key:	cert/key/KCEICV.txt
images-table:	cert/Images.txt
nvcounter-val:	1
cert-pkg:	cert/ICVSBContent.crt
2024-12-30 06:17:23,874 - **** Creating Content Certificate ****
2024-12-30 06:17:23,880 - **** Certificate file (context) creation has been completed successfully ****
2024-12-30 06:17:24,166 - Content Certificate Generation Utility started (Logging to sb_content_cert.log)
2024-12-30 06:17:24,166 - Parsing config file: cert/cfg/ICVSBContent.cfg
2024-12-30 06:17:24,167 - Parsed config items:
cert-keypair:	cert/key/ICVSBContent.pem
cert-keypair-pwd:	cert/key/ICVSBContent.pwd
load-verify-scheme:	0
crypto-type:	0
aes-ce-id:	0
aes-enc-key:	cert/key/KCEICV.txt
images-table:	cert/Images.txt
nvcounter-val:	1
cert-pkg:	cert/ICVSBContent.crt
2024-12-30 06:17:24,167 - **** Creating Content Certificate ****
2024-12-30 06:17:24,172 - **** Certificate file (context) creation has been completed successfully ****
2024-12-30 06:17:25,770 - Content Certificate Generation Utility started (Logging to sb_content_cert.log)
2024-12-30 06:17:25,770 - Parsing config file: cert/cfg/ICVSBContent.cfg
2024-12-30 06:17:25,771 - Parsed config items:
cert-keypair:	cert/key/ICVSBContent.pem
cert-keypair-pwd:	cert/key/ICVSBContent.pwd
load-verify-scheme:	0
crypto-type:	0
aes-ce-id:	0
aes-enc-key:	cert/key/KCEICV.txt
images-table:	cert/Images.txt
nvcounter-val:	1
cert-pkg:	cert/ICVSBContent.crt
2024-12-30 06:17:25,771 - **** Creating Content Certificate ****
2024-12-30 06:17:25,776 - **** Certificate file (context) creation has been completed successfully ****
2024-12-30 06:17:26,076 - Content Certificate Generation Utility started (Logging to sb_content_cert.log)
2024-12-30 06:17:26,076 - Parsing config file: cert/cfg/ICVSBContent.cfg
2024-12-30 06:17:26,076 - Parsed config items:
cert-keypair:	cert/key/ICVSBContent.pem
cert-keypair-pwd:	cert/key/ICVSBContent.pwd
load-verify-scheme:	0
crypto-type:	0
aes-ce-id:	0
aes-enc-key:	cert/key/KCEICV.txt
images-table:	cert/Images.txt
nvcounter-val:	1
cert-pkg:	cert/ICVSBContent.crt
2024-12-30 06:17:26,076 - **** Creating Content Certificate ****
2024-12-30 06:17:26,082 - **** Certificate file (context) creation has been completed successfully ****
2024-12-30 06:39:49,494 - Content Certificate Generation Utility started (Logging to sb_content_cert.log)
2024-12-30 06:39:49,494 - Parsing config file: cert/cfg/ICVSBContent.cfg
2024-12-30 06:39:49,494 - Parsed config items:
cert-keypair:	cert/key/ICVSBContent.pem
cert-keypair-pwd:	cert/key/ICVSBContent.pwd
load-verify-scheme:	0
crypto-type:	0
aes-ce-id:	0
aes-enc-key:	cert/key/KCEICV.txt
images-table:	cert/Images.txt
nvcounter-val:	1
cert-pkg:	cert/ICVSBContent.crt
2024-12-30 06:39:49,495 - **** Creating Content Certificate ****
2024-12-30 06:39:49,500 - **** Certificate file (context) creation has been completed successfully ****
2024-12-30 06:39:49,781 - Content Certificate Generation Utility started (Logging to sb_content_cert.log)
2024-12-30 06:39:49,782 - Parsing config file: cert/cfg/ICVSBContent.cfg
2024-12-30 06:39:49,782 - Parsed config items:
cert-keypair:	cert/key/ICVSBContent.pem
cert-keypair-pwd:	cert/key/ICVSBContent.pwd
load-verify-scheme:	0
crypto-type:	0
aes-ce-id:	0
aes-enc-key:	cert/key/KCEICV.txt
images-table:	cert/Images.txt
nvcounter-val:	1
cert-pkg:	cert/ICVSBContent.crt
2024-12-30 06:39:49,782 - **** Creating Content Certificate ****
2024-12-30 06:39:49,787 - **** Certificate file (context) creation has been completed successfully ****
2024-12-30 06:39:50,243 - Content Certificate Generation Utility started (Logging to sb_content_cert.log)
2024-12-30 06:39:50,244 - Parsing config file: cert/cfg/ICVSBContent.cfg
2024-12-30 06:39:50,244 - Parsed config items:
cert-keypair:	cert/key/ICVSBContent.pem
cert-keypair-pwd:	cert/key/ICVSBContent.pwd
load-verify-scheme:	0
crypto-type:	0
aes-ce-id:	0
aes-enc-key:	cert/key/KCEICV.txt
images-table:	cert/Images.txt
nvcounter-val:	1
cert-pkg:	cert/ICVSBContent.crt
2024-12-30 06:39:50,244 - **** Creating Content Certificate ****
2024-12-30 06:39:50,250 - **** Certificate file (context) creation has been completed successfully ****
2024-12-30 06:39:50,533 - Content Certificate Generation Utility started (Logging to sb_content_cert.log)
2024-12-30 06:39:50,534 - Parsing config file: cert/cfg/ICVSBContent.cfg
2024-12-30 06:39:50,534 - Parsed config items:
cert-keypair:	cert/key/ICVSBContent.pem
cert-keypair-pwd:	cert/key/ICVSBContent.pwd
load-verify-scheme:	0
crypto-type:	0
aes-ce-id:	0
aes-enc-key:	cert/key/KCEICV.txt
images-table:	cert/Images.txt
nvcounter-val:	1
cert-pkg:	cert/ICVSBContent.crt
2024-12-30 06:39:50,534 - **** Creating Content Certificate ****
2024-12-30 06:39:50,540 - **** Certificate file (context) creation has been completed successfully ****
2024-12-30 06:39:52,142 - Content Certificate Generation Utility started (Logging to sb_content_cert.log)
2024-12-30 06:39:52,142 - Parsing config file: cert/cfg/ICVSBContent.cfg
2024-12-30 06:39:52,142 - Parsed config items:
cert-keypair:	cert/key/ICVSBContent.pem
cert-keypair-pwd:	cert/key/ICVSBContent.pwd
load-verify-scheme:	0
crypto-type:	0
aes-ce-id:	0
aes-enc-key:	cert/key/KCEICV.txt
images-table:	cert/Images.txt
nvcounter-val:	1
cert-pkg:	cert/ICVSBContent.crt
2024-12-30 06:39:52,142 - **** Creating Content Certificate ****
2024-12-30 06:39:52,147 - **** Certificate file (context) creation has been completed successfully ****
2024-12-30 06:39:52,450 - Content Certificate Generation Utility started (Logging to sb_content_cert.log)
2024-12-30 06:39:52,450 - Parsing config file: cert/cfg/ICVSBContent.cfg
2024-12-30 06:39:52,450 - Parsed config items:
cert-keypair:	cert/key/ICVSBContent.pem
cert-keypair-pwd:	cert/key/ICVSBContent.pwd
load-verify-scheme:	0
crypto-type:	0
aes-ce-id:	0
aes-enc-key:	cert/key/KCEICV.txt
images-table:	cert/Images.txt
nvcounter-val:	1
cert-pkg:	cert/ICVSBContent.crt
2024-12-30 06:39:52,450 - **** Creating Content Certificate ****
2024-12-30 06:39:52,456 - **** Certificate file (context) creation has been completed successfully ****
2024-12-30 06:55:19,707 - Content Certificate Generation Utility started (Logging to sb_content_cert.log)
2024-12-30 06:55:19,708 - Parsing config file: cert/cfg/ICVSBContent.cfg
2024-12-30 06:55:19,708 - Parsed config items:
cert-keypair:	cert/key/ICVSBContent.pem
cert-keypair-pwd:	cert/key/ICVSBContent.pwd
load-verify-scheme:	0
crypto-type:	0
aes-ce-id:	0
aes-enc-key:	cert/key/KCEICV.txt
images-table:	cert/Images.txt
nvcounter-val:	1
cert-pkg:	cert/ICVSBContent.crt
2024-12-30 06:55:19,708 - **** Creating Content Certificate ****
2024-12-30 06:55:19,713 - **** Certificate file (context) creation has been completed successfully ****
2024-12-30 06:55:19,986 - Content Certificate Generation Utility started (Logging to sb_content_cert.log)
2024-12-30 06:55:19,986 - Parsing config file: cert/cfg/ICVSBContent.cfg
2024-12-30 06:55:19,986 - Parsed config items:
cert-keypair:	cert/key/ICVSBContent.pem
cert-keypair-pwd:	cert/key/ICVSBContent.pwd
load-verify-scheme:	0
crypto-type:	0
aes-ce-id:	0
aes-enc-key:	cert/key/KCEICV.txt
images-table:	cert/Images.txt
nvcounter-val:	1
cert-pkg:	cert/ICVSBContent.crt
2024-12-30 06:55:19,987 - **** Creating Content Certificate ****
2024-12-30 06:55:19,992 - **** Certificate file (context) creation has been completed successfully ****
2024-12-30 06:55:20,443 - Content Certificate Generation Utility started (Logging to sb_content_cert.log)
2024-12-30 06:55:20,443 - Parsing config file: cert/cfg/ICVSBContent.cfg
2024-12-30 06:55:20,443 - Parsed config items:
cert-keypair:	cert/key/ICVSBContent.pem
cert-keypair-pwd:	cert/key/ICVSBContent.pwd
load-verify-scheme:	0
crypto-type:	0
aes-ce-id:	0
aes-enc-key:	cert/key/KCEICV.txt
images-table:	cert/Images.txt
nvcounter-val:	1
cert-pkg:	cert/ICVSBContent.crt
2024-12-30 06:55:20,444 - **** Creating Content Certificate ****
2024-12-30 06:55:20,450 - **** Certificate file (context) creation has been completed successfully ****
2024-12-30 06:55:20,730 - Content Certificate Generation Utility started (Logging to sb_content_cert.log)
2024-12-30 06:55:20,730 - Parsing config file: cert/cfg/ICVSBContent.cfg
2024-12-30 06:55:20,731 - Parsed config items:
cert-keypair:	cert/key/ICVSBContent.pem
cert-keypair-pwd:	cert/key/ICVSBContent.pwd
load-verify-scheme:	0
crypto-type:	0
aes-ce-id:	0
aes-enc-key:	cert/key/KCEICV.txt
images-table:	cert/Images.txt
nvcounter-val:	1
cert-pkg:	cert/ICVSBContent.crt
2024-12-30 06:55:20,731 - **** Creating Content Certificate ****
2024-12-30 06:55:20,736 - **** Certificate file (context) creation has been completed successfully ****
2024-12-30 06:55:22,344 - Content Certificate Generation Utility started (Logging to sb_content_cert.log)
2024-12-30 06:55:22,345 - Parsing config file: cert/cfg/ICVSBContent.cfg
2024-12-30 06:55:22,345 - Parsed config items:
cert-keypair:	cert/key/ICVSBContent.pem
cert-keypair-pwd:	cert/key/ICVSBContent.pwd
load-verify-scheme:	0
crypto-type:	0
aes-ce-id:	0
aes-enc-key:	cert/key/KCEICV.txt
images-table:	cert/Images.txt
nvcounter-val:	1
cert-pkg:	cert/ICVSBContent.crt
2024-12-30 06:55:22,345 - **** Creating Content Certificate ****
2024-12-30 06:55:22,350 - **** Certificate file (context) creation has been completed successfully ****
2024-12-30 06:55:22,653 - Content Certificate Generation Utility started (Logging to sb_content_cert.log)
2024-12-30 06:55:22,653 - Parsing config file: cert/cfg/ICVSBContent.cfg
2024-12-30 06:55:22,654 - Parsed config items:
cert-keypair:	cert/key/ICVSBContent.pem
cert-keypair-pwd:	cert/key/ICVSBContent.pwd
load-verify-scheme:	0
crypto-type:	0
aes-ce-id:	0
aes-enc-key:	cert/key/KCEICV.txt
images-table:	cert/Images.txt
nvcounter-val:	1
cert-pkg:	cert/ICVSBContent.crt
2024-12-30 06:55:22,654 - **** Creating Content Certificate ****
2024-12-30 06:55:22,659 - **** Certificate file (context) creation has been completed successfully ****
2024-12-30 07:55:29,899 - Content Certificate Generation Utility started (Logging to sb_content_cert.log)
2024-12-30 07:55:29,899 - Parsing config file: cert/cfg/ICVSBContent.cfg
2024-12-30 07:55:29,900 - Parsed config items:
cert-keypair:	cert/key/ICVSBContent.pem
cert-keypair-pwd:	cert/key/ICVSBContent.pwd
load-verify-scheme:	0
crypto-type:	0
aes-ce-id:	0
aes-enc-key:	cert/key/KCEICV.txt
images-table:	cert/Images.txt
nvcounter-val:	1
cert-pkg:	cert/ICVSBContent.crt
2024-12-30 07:55:29,900 - **** Creating Content Certificate ****
2024-12-30 07:55:29,905 - **** Certificate file (context) creation has been completed successfully ****
2024-12-30 07:55:30,193 - Content Certificate Generation Utility started (Logging to sb_content_cert.log)
2024-12-30 07:55:30,194 - Parsing config file: cert/cfg/ICVSBContent.cfg
2024-12-30 07:55:30,194 - Parsed config items:
cert-keypair:	cert/key/ICVSBContent.pem
cert-keypair-pwd:	cert/key/ICVSBContent.pwd
load-verify-scheme:	0
crypto-type:	0
aes-ce-id:	0
aes-enc-key:	cert/key/KCEICV.txt
images-table:	cert/Images.txt
nvcounter-val:	1
cert-pkg:	cert/ICVSBContent.crt
2024-12-30 07:55:30,194 - **** Creating Content Certificate ****
2024-12-30 07:55:30,199 - **** Certificate file (context) creation has been completed successfully ****
2024-12-30 07:55:30,667 - Content Certificate Generation Utility started (Logging to sb_content_cert.log)
2024-12-30 07:55:30,667 - Parsing config file: cert/cfg/ICVSBContent.cfg
2024-12-30 07:55:30,668 - Parsed config items:
cert-keypair:	cert/key/ICVSBContent.pem
cert-keypair-pwd:	cert/key/ICVSBContent.pwd
load-verify-scheme:	0
crypto-type:	0
aes-ce-id:	0
aes-enc-key:	cert/key/KCEICV.txt
images-table:	cert/Images.txt
nvcounter-val:	1
cert-pkg:	cert/ICVSBContent.crt
2024-12-30 07:55:30,668 - **** Creating Content Certificate ****
2024-12-30 07:55:30,674 - **** Certificate file (context) creation has been completed successfully ****
2024-12-30 07:55:30,959 - Content Certificate Generation Utility started (Logging to sb_content_cert.log)
2024-12-30 07:55:30,959 - Parsing config file: cert/cfg/ICVSBContent.cfg
2024-12-30 07:55:30,960 - Parsed config items:
cert-keypair:	cert/key/ICVSBContent.pem
cert-keypair-pwd:	cert/key/ICVSBContent.pwd
load-verify-scheme:	0
crypto-type:	0
aes-ce-id:	0
aes-enc-key:	cert/key/KCEICV.txt
images-table:	cert/Images.txt
nvcounter-val:	1
cert-pkg:	cert/ICVSBContent.crt
2024-12-30 07:55:30,960 - **** Creating Content Certificate ****
2024-12-30 07:55:30,965 - **** Certificate file (context) creation has been completed successfully ****
2024-12-30 07:55:59,909 - Content Certificate Generation Utility started (Logging to sb_content_cert.log)
2024-12-30 07:55:59,910 - Parsing config file: cert/cfg/ICVSBContent.cfg
2024-12-30 07:55:59,910 - Parsed config items:
cert-keypair:	cert/key/ICVSBContent.pem
cert-keypair-pwd:	cert/key/ICVSBContent.pwd
load-verify-scheme:	0
crypto-type:	0
aes-ce-id:	0
aes-enc-key:	cert/key/KCEICV.txt
images-table:	cert/Images.txt
nvcounter-val:	1
cert-pkg:	cert/ICVSBContent.crt
2024-12-30 07:55:59,910 - **** Creating Content Certificate ****
2024-12-30 07:55:59,915 - **** Certificate file (context) creation has been completed successfully ****
2024-12-30 07:56:00,199 - Content Certificate Generation Utility started (Logging to sb_content_cert.log)
2024-12-30 07:56:00,200 - Parsing config file: cert/cfg/ICVSBContent.cfg
2024-12-30 07:56:00,200 - Parsed config items:
cert-keypair:	cert/key/ICVSBContent.pem
cert-keypair-pwd:	cert/key/ICVSBContent.pwd
load-verify-scheme:	0
crypto-type:	0
aes-ce-id:	0
aes-enc-key:	cert/key/KCEICV.txt
images-table:	cert/Images.txt
nvcounter-val:	1
cert-pkg:	cert/ICVSBContent.crt
2024-12-30 07:56:00,200 - **** Creating Content Certificate ****
2024-12-30 07:56:00,205 - **** Certificate file (context) creation has been completed successfully ****
2024-12-30 07:56:00,676 - Content Certificate Generation Utility started (Logging to sb_content_cert.log)
2024-12-30 07:56:00,677 - Parsing config file: cert/cfg/ICVSBContent.cfg
2024-12-30 07:56:00,677 - Parsed config items:
cert-keypair:	cert/key/ICVSBContent.pem
cert-keypair-pwd:	cert/key/ICVSBContent.pwd
load-verify-scheme:	0
crypto-type:	0
aes-ce-id:	0
aes-enc-key:	cert/key/KCEICV.txt
images-table:	cert/Images.txt
nvcounter-val:	1
cert-pkg:	cert/ICVSBContent.crt
2024-12-30 07:56:00,677 - **** Creating Content Certificate ****
2024-12-30 07:56:00,683 - **** Certificate file (context) creation has been completed successfully ****
2024-12-30 07:56:00,964 - Content Certificate Generation Utility started (Logging to sb_content_cert.log)
2024-12-30 07:56:00,964 - Parsing config file: cert/cfg/ICVSBContent.cfg
2024-12-30 07:56:00,965 - Parsed config items:
cert-keypair:	cert/key/ICVSBContent.pem
cert-keypair-pwd:	cert/key/ICVSBContent.pwd
load-verify-scheme:	0
crypto-type:	0
aes-ce-id:	0
aes-enc-key:	cert/key/KCEICV.txt
images-table:	cert/Images.txt
nvcounter-val:	1
cert-pkg:	cert/ICVSBContent.crt
2024-12-30 07:56:00,965 - **** Creating Content Certificate ****
2024-12-30 07:56:00,970 - **** Certificate file (context) creation has been completed successfully ****
2024-12-30 07:56:02,596 - Content Certificate Generation Utility started (Logging to sb_content_cert.log)
2024-12-30 07:56:02,597 - Parsing config file: cert/cfg/ICVSBContent.cfg
2024-12-30 07:56:02,597 - Parsed config items:
cert-keypair:	cert/key/ICVSBContent.pem
cert-keypair-pwd:	cert/key/ICVSBContent.pwd
load-verify-scheme:	0
crypto-type:	0
aes-ce-id:	0
aes-enc-key:	cert/key/KCEICV.txt
images-table:	cert/Images.txt
nvcounter-val:	1
cert-pkg:	cert/ICVSBContent.crt
2024-12-30 07:56:02,597 - **** Creating Content Certificate ****
2024-12-30 07:56:02,602 - **** Certificate file (context) creation has been completed successfully ****
2024-12-30 07:56:02,902 - Content Certificate Generation Utility started (Logging to sb_content_cert.log)
2024-12-30 07:56:02,902 - Parsing config file: cert/cfg/ICVSBContent.cfg
2024-12-30 07:56:02,902 - Parsed config items:
cert-keypair:	cert/key/ICVSBContent.pem
cert-keypair-pwd:	cert/key/ICVSBContent.pwd
load-verify-scheme:	0
crypto-type:	0
aes-ce-id:	0
aes-enc-key:	cert/key/KCEICV.txt
images-table:	cert/Images.txt
nvcounter-val:	1
cert-pkg:	cert/ICVSBContent.crt
2024-12-30 07:56:02,903 - **** Creating Content Certificate ****
2024-12-30 07:56:02,908 - **** Certificate file (context) creation has been completed successfully ****
2024-12-30 08:01:05,755 - Content Certificate Generation Utility started (Logging to sb_content_cert.log)
2024-12-30 08:01:05,755 - Parsing config file: cert/cfg/ICVSBContent.cfg
2024-12-30 08:01:05,756 - Parsed config items:
cert-keypair:	cert/key/ICVSBContent.pem
cert-keypair-pwd:	cert/key/ICVSBContent.pwd
load-verify-scheme:	0
crypto-type:	0
aes-ce-id:	0
aes-enc-key:	cert/key/KCEICV.txt
images-table:	cert/Images.txt
nvcounter-val:	1
cert-pkg:	cert/ICVSBContent.crt
2024-12-30 08:01:05,756 - **** Creating Content Certificate ****
2024-12-30 08:01:05,761 - **** Certificate file (context) creation has been completed successfully ****
2024-12-30 08:01:06,044 - Content Certificate Generation Utility started (Logging to sb_content_cert.log)
2024-12-30 08:01:06,045 - Parsing config file: cert/cfg/ICVSBContent.cfg
2024-12-30 08:01:06,045 - Parsed config items:
cert-keypair:	cert/key/ICVSBContent.pem
cert-keypair-pwd:	cert/key/ICVSBContent.pwd
load-verify-scheme:	0
crypto-type:	0
aes-ce-id:	0
aes-enc-key:	cert/key/KCEICV.txt
images-table:	cert/Images.txt
nvcounter-val:	1
cert-pkg:	cert/ICVSBContent.crt
2024-12-30 08:01:06,045 - **** Creating Content Certificate ****
2024-12-30 08:01:06,050 - **** Certificate file (context) creation has been completed successfully ****
2024-12-30 08:01:06,511 - Content Certificate Generation Utility started (Logging to sb_content_cert.log)
2024-12-30 08:01:06,511 - Parsing config file: cert/cfg/ICVSBContent.cfg
2024-12-30 08:01:06,511 - Parsed config items:
cert-keypair:	cert/key/ICVSBContent.pem
cert-keypair-pwd:	cert/key/ICVSBContent.pwd
load-verify-scheme:	0
crypto-type:	0
aes-ce-id:	0
aes-enc-key:	cert/key/KCEICV.txt
images-table:	cert/Images.txt
nvcounter-val:	1
cert-pkg:	cert/ICVSBContent.crt
2024-12-30 08:01:06,512 - **** Creating Content Certificate ****
2024-12-30 08:01:06,518 - **** Certificate file (context) creation has been completed successfully ****
2024-12-30 08:01:06,802 - Content Certificate Generation Utility started (Logging to sb_content_cert.log)
2024-12-30 08:01:06,802 - Parsing config file: cert/cfg/ICVSBContent.cfg
2024-12-30 08:01:06,803 - Parsed config items:
cert-keypair:	cert/key/ICVSBContent.pem
cert-keypair-pwd:	cert/key/ICVSBContent.pwd
load-verify-scheme:	0
crypto-type:	0
aes-ce-id:	0
aes-enc-key:	cert/key/KCEICV.txt
images-table:	cert/Images.txt
nvcounter-val:	1
cert-pkg:	cert/ICVSBContent.crt
2024-12-30 08:01:06,803 - **** Creating Content Certificate ****
2024-12-30 08:01:06,808 - **** Certificate file (context) creation has been completed successfully ****
2024-12-30 08:01:08,434 - Content Certificate Generation Utility started (Logging to sb_content_cert.log)
2024-12-30 08:01:08,434 - Parsing config file: cert/cfg/ICVSBContent.cfg
2024-12-30 08:01:08,434 - Parsed config items:
cert-keypair:	cert/key/ICVSBContent.pem
cert-keypair-pwd:	cert/key/ICVSBContent.pwd
load-verify-scheme:	0
crypto-type:	0
aes-ce-id:	0
aes-enc-key:	cert/key/KCEICV.txt
images-table:	cert/Images.txt
nvcounter-val:	1
cert-pkg:	cert/ICVSBContent.crt
2024-12-30 08:01:08,435 - **** Creating Content Certificate ****
2024-12-30 08:01:08,440 - **** Certificate file (context) creation has been completed successfully ****
2024-12-30 08:01:08,743 - Content Certificate Generation Utility started (Logging to sb_content_cert.log)
2024-12-30 08:01:08,743 - Parsing config file: cert/cfg/ICVSBContent.cfg
2024-12-30 08:01:08,743 - Parsed config items:
cert-keypair:	cert/key/ICVSBContent.pem
cert-keypair-pwd:	cert/key/ICVSBContent.pwd
load-verify-scheme:	0
crypto-type:	0
aes-ce-id:	0
aes-enc-key:	cert/key/KCEICV.txt
images-table:	cert/Images.txt
nvcounter-val:	1
cert-pkg:	cert/ICVSBContent.crt
2024-12-30 08:01:08,743 - **** Creating Content Certificate ****
2024-12-30 08:01:08,748 - **** Certificate file (context) creation has been completed successfully ****
2024-12-30 08:03:29,166 - Content Certificate Generation Utility started (Logging to sb_content_cert.log)
2024-12-30 08:03:29,166 - Parsing config file: cert/cfg/ICVSBContent.cfg
2024-12-30 08:03:29,166 - Parsed config items:
cert-keypair:	cert/key/ICVSBContent.pem
cert-keypair-pwd:	cert/key/ICVSBContent.pwd
load-verify-scheme:	0
crypto-type:	0
aes-ce-id:	0
aes-enc-key:	cert/key/KCEICV.txt
images-table:	cert/Images.txt
nvcounter-val:	1
cert-pkg:	cert/ICVSBContent.crt
2024-12-30 08:03:29,166 - **** Creating Content Certificate ****
2024-12-30 08:03:29,172 - **** Certificate file (context) creation has been completed successfully ****
2024-12-30 08:03:29,454 - Content Certificate Generation Utility started (Logging to sb_content_cert.log)
2024-12-30 08:03:29,454 - Parsing config file: cert/cfg/ICVSBContent.cfg
2024-12-30 08:03:29,455 - Parsed config items:
cert-keypair:	cert/key/ICVSBContent.pem
cert-keypair-pwd:	cert/key/ICVSBContent.pwd
load-verify-scheme:	0
crypto-type:	0
aes-ce-id:	0
aes-enc-key:	cert/key/KCEICV.txt
images-table:	cert/Images.txt
nvcounter-val:	1
cert-pkg:	cert/ICVSBContent.crt
2024-12-30 08:03:29,455 - **** Creating Content Certificate ****
2024-12-30 08:03:29,460 - **** Certificate file (context) creation has been completed successfully ****
2024-12-30 08:03:29,912 - Content Certificate Generation Utility started (Logging to sb_content_cert.log)
2024-12-30 08:03:29,912 - Parsing config file: cert/cfg/ICVSBContent.cfg
2024-12-30 08:03:29,912 - Parsed config items:
cert-keypair:	cert/key/ICVSBContent.pem
cert-keypair-pwd:	cert/key/ICVSBContent.pwd
load-verify-scheme:	0
crypto-type:	0
aes-ce-id:	0
aes-enc-key:	cert/key/KCEICV.txt
images-table:	cert/Images.txt
nvcounter-val:	1
cert-pkg:	cert/ICVSBContent.crt
2024-12-30 08:03:29,912 - **** Creating Content Certificate ****
2024-12-30 08:03:29,919 - **** Certificate file (context) creation has been completed successfully ****
2024-12-30 08:03:30,203 - Content Certificate Generation Utility started (Logging to sb_content_cert.log)
2024-12-30 08:03:30,204 - Parsing config file: cert/cfg/ICVSBContent.cfg
2024-12-30 08:03:30,204 - Parsed config items:
cert-keypair:	cert/key/ICVSBContent.pem
cert-keypair-pwd:	cert/key/ICVSBContent.pwd
load-verify-scheme:	0
crypto-type:	0
aes-ce-id:	0
aes-enc-key:	cert/key/KCEICV.txt
images-table:	cert/Images.txt
nvcounter-val:	1
cert-pkg:	cert/ICVSBContent.crt
2024-12-30 08:03:30,204 - **** Creating Content Certificate ****
2024-12-30 08:03:30,209 - **** Certificate file (context) creation has been completed successfully ****
2024-12-30 08:03:31,818 - Content Certificate Generation Utility started (Logging to sb_content_cert.log)
2024-12-30 08:03:31,818 - Parsing config file: cert/cfg/ICVSBContent.cfg
2024-12-30 08:03:31,818 - Parsed config items:
cert-keypair:	cert/key/ICVSBContent.pem
cert-keypair-pwd:	cert/key/ICVSBContent.pwd
load-verify-scheme:	0
crypto-type:	0
aes-ce-id:	0
aes-enc-key:	cert/key/KCEICV.txt
images-table:	cert/Images.txt
nvcounter-val:	1
cert-pkg:	cert/ICVSBContent.crt
2024-12-30 08:03:31,818 - **** Creating Content Certificate ****
2024-12-30 08:03:31,823 - **** Certificate file (context) creation has been completed successfully ****
2024-12-30 08:03:32,126 - Content Certificate Generation Utility started (Logging to sb_content_cert.log)
2024-12-30 08:03:32,126 - Parsing config file: cert/cfg/ICVSBContent.cfg
2024-12-30 08:03:32,126 - Parsed config items:
cert-keypair:	cert/key/ICVSBContent.pem
cert-keypair-pwd:	cert/key/ICVSBContent.pwd
load-verify-scheme:	0
crypto-type:	0
aes-ce-id:	0
aes-enc-key:	cert/key/KCEICV.txt
images-table:	cert/Images.txt
nvcounter-val:	1
cert-pkg:	cert/ICVSBContent.crt
2024-12-30 08:03:32,126 - **** Creating Content Certificate ****
2024-12-30 08:03:32,131 - **** Certificate file (context) creation has been completed successfully ****
2024-12-30 08:04:37,666 - Content Certificate Generation Utility started (Logging to sb_content_cert.log)
2024-12-30 08:04:37,667 - Parsing config file: cert/cfg/ICVSBContent.cfg
2024-12-30 08:04:37,667 - Parsed config items:
cert-keypair:	cert/key/ICVSBContent.pem
cert-keypair-pwd:	cert/key/ICVSBContent.pwd
load-verify-scheme:	0
crypto-type:	0
aes-ce-id:	0
aes-enc-key:	cert/key/KCEICV.txt
images-table:	cert/Images.txt
nvcounter-val:	1
cert-pkg:	cert/ICVSBContent.crt
2024-12-30 08:04:37,667 - **** Creating Content Certificate ****
2024-12-30 08:04:37,672 - **** Certificate file (context) creation has been completed successfully ****
2024-12-30 08:04:37,952 - Content Certificate Generation Utility started (Logging to sb_content_cert.log)
2024-12-30 08:04:37,952 - Parsing config file: cert/cfg/ICVSBContent.cfg
2024-12-30 08:04:37,952 - Parsed config items:
cert-keypair:	cert/key/ICVSBContent.pem
cert-keypair-pwd:	cert/key/ICVSBContent.pwd
load-verify-scheme:	0
crypto-type:	0
aes-ce-id:	0
aes-enc-key:	cert/key/KCEICV.txt
images-table:	cert/Images.txt
nvcounter-val:	1
cert-pkg:	cert/ICVSBContent.crt
2024-12-30 08:04:37,953 - **** Creating Content Certificate ****
2024-12-30 08:04:37,958 - **** Certificate file (context) creation has been completed successfully ****
2024-12-30 08:04:38,413 - Content Certificate Generation Utility started (Logging to sb_content_cert.log)
2024-12-30 08:04:38,413 - Parsing config file: cert/cfg/ICVSBContent.cfg
2024-12-30 08:04:38,413 - Parsed config items:
cert-keypair:	cert/key/ICVSBContent.pem
cert-keypair-pwd:	cert/key/ICVSBContent.pwd
load-verify-scheme:	0
crypto-type:	0
aes-ce-id:	0
aes-enc-key:	cert/key/KCEICV.txt
images-table:	cert/Images.txt
nvcounter-val:	1
cert-pkg:	cert/ICVSBContent.crt
2024-12-30 08:04:38,414 - **** Creating Content Certificate ****
2024-12-30 08:04:38,420 - **** Certificate file (context) creation has been completed successfully ****
2024-12-30 08:04:38,701 - Content Certificate Generation Utility started (Logging to sb_content_cert.log)
2024-12-30 08:04:38,701 - Parsing config file: cert/cfg/ICVSBContent.cfg
2024-12-30 08:04:38,702 - Parsed config items:
cert-keypair:	cert/key/ICVSBContent.pem
cert-keypair-pwd:	cert/key/ICVSBContent.pwd
load-verify-scheme:	0
crypto-type:	0
aes-ce-id:	0
aes-enc-key:	cert/key/KCEICV.txt
images-table:	cert/Images.txt
nvcounter-val:	1
cert-pkg:	cert/ICVSBContent.crt
2024-12-30 08:04:38,702 - **** Creating Content Certificate ****
2024-12-30 08:04:38,707 - **** Certificate file (context) creation has been completed successfully ****
2024-12-30 08:04:40,315 - Content Certificate Generation Utility started (Logging to sb_content_cert.log)
2024-12-30 08:04:40,315 - Parsing config file: cert/cfg/ICVSBContent.cfg
2024-12-30 08:04:40,315 - Parsed config items:
cert-keypair:	cert/key/ICVSBContent.pem
cert-keypair-pwd:	cert/key/ICVSBContent.pwd
load-verify-scheme:	0
crypto-type:	0
aes-ce-id:	0
aes-enc-key:	cert/key/KCEICV.txt
images-table:	cert/Images.txt
nvcounter-val:	1
cert-pkg:	cert/ICVSBContent.crt
2024-12-30 08:04:40,316 - **** Creating Content Certificate ****
2024-12-30 08:04:40,321 - **** Certificate file (context) creation has been completed successfully ****
2024-12-30 08:04:40,619 - Content Certificate Generation Utility started (Logging to sb_content_cert.log)
2024-12-30 08:04:40,620 - Parsing config file: cert/cfg/ICVSBContent.cfg
2024-12-30 08:04:40,620 - Parsed config items:
cert-keypair:	cert/key/ICVSBContent.pem
cert-keypair-pwd:	cert/key/ICVSBContent.pwd
load-verify-scheme:	0
crypto-type:	0
aes-ce-id:	0
aes-enc-key:	cert/key/KCEICV.txt
images-table:	cert/Images.txt
nvcounter-val:	1
cert-pkg:	cert/ICVSBContent.crt
2024-12-30 08:04:40,620 - **** Creating Content Certificate ****
2024-12-30 08:04:40,625 - **** Certificate file (context) creation has been completed successfully ****
2024-12-30 08:06:39,622 - Content Certificate Generation Utility started (Logging to sb_content_cert.log)
2024-12-30 08:06:39,622 - Parsing config file: cert/cfg/ICVSBContent.cfg
2024-12-30 08:06:39,622 - Parsed config items:
cert-keypair:	cert/key/ICVSBContent.pem
cert-keypair-pwd:	cert/key/ICVSBContent.pwd
load-verify-scheme:	0
crypto-type:	0
aes-ce-id:	0
aes-enc-key:	cert/key/KCEICV.txt
images-table:	cert/Images.txt
nvcounter-val:	1
cert-pkg:	cert/ICVSBContent.crt
2024-12-30 08:06:39,623 - **** Creating Content Certificate ****
2024-12-30 08:06:39,628 - **** Certificate file (context) creation has been completed successfully ****
2024-12-30 08:06:39,915 - Content Certificate Generation Utility started (Logging to sb_content_cert.log)
2024-12-30 08:06:39,915 - Parsing config file: cert/cfg/ICVSBContent.cfg
2024-12-30 08:06:39,916 - Parsed config items:
cert-keypair:	cert/key/ICVSBContent.pem
cert-keypair-pwd:	cert/key/ICVSBContent.pwd
load-verify-scheme:	0
crypto-type:	0
aes-ce-id:	0
aes-enc-key:	cert/key/KCEICV.txt
images-table:	cert/Images.txt
nvcounter-val:	1
cert-pkg:	cert/ICVSBContent.crt
2024-12-30 08:06:39,916 - **** Creating Content Certificate ****
2024-12-30 08:06:39,921 - **** Certificate file (context) creation has been completed successfully ****
2024-12-30 08:06:40,379 - Content Certificate Generation Utility started (Logging to sb_content_cert.log)
2024-12-30 08:06:40,379 - Parsing config file: cert/cfg/ICVSBContent.cfg
2024-12-30 08:06:40,379 - Parsed config items:
cert-keypair:	cert/key/ICVSBContent.pem
cert-keypair-pwd:	cert/key/ICVSBContent.pwd
load-verify-scheme:	0
crypto-type:	0
aes-ce-id:	0
aes-enc-key:	cert/key/KCEICV.txt
images-table:	cert/Images.txt
nvcounter-val:	1
cert-pkg:	cert/ICVSBContent.crt
2024-12-30 08:06:40,379 - **** Creating Content Certificate ****
2024-12-30 08:06:40,385 - **** Certificate file (context) creation has been completed successfully ****
2024-12-30 08:06:40,667 - Content Certificate Generation Utility started (Logging to sb_content_cert.log)
2024-12-30 08:06:40,668 - Parsing config file: cert/cfg/ICVSBContent.cfg
2024-12-30 08:06:40,668 - Parsed config items:
cert-keypair:	cert/key/ICVSBContent.pem
cert-keypair-pwd:	cert/key/ICVSBContent.pwd
load-verify-scheme:	0
crypto-type:	0
aes-ce-id:	0
aes-enc-key:	cert/key/KCEICV.txt
images-table:	cert/Images.txt
nvcounter-val:	1
cert-pkg:	cert/ICVSBContent.crt
2024-12-30 08:06:40,668 - **** Creating Content Certificate ****
2024-12-30 08:06:40,673 - **** Certificate file (context) creation has been completed successfully ****
2024-12-30 08:06:42,288 - Content Certificate Generation Utility started (Logging to sb_content_cert.log)
2024-12-30 08:06:42,289 - Parsing config file: cert/cfg/ICVSBContent.cfg
2024-12-30 08:06:42,289 - Parsed config items:
cert-keypair:	cert/key/ICVSBContent.pem
cert-keypair-pwd:	cert/key/ICVSBContent.pwd
load-verify-scheme:	0
crypto-type:	0
aes-ce-id:	0
aes-enc-key:	cert/key/KCEICV.txt
images-table:	cert/Images.txt
nvcounter-val:	1
cert-pkg:	cert/ICVSBContent.crt
2024-12-30 08:06:42,289 - **** Creating Content Certificate ****
2024-12-30 08:06:42,294 - **** Certificate file (context) creation has been completed successfully ****
2024-12-30 08:06:42,595 - Content Certificate Generation Utility started (Logging to sb_content_cert.log)
2024-12-30 08:06:42,595 - Parsing config file: cert/cfg/ICVSBContent.cfg
2024-12-30 08:06:42,595 - Parsed config items:
cert-keypair:	cert/key/ICVSBContent.pem
cert-keypair-pwd:	cert/key/ICVSBContent.pwd
load-verify-scheme:	0
crypto-type:	0
aes-ce-id:	0
aes-enc-key:	cert/key/KCEICV.txt
images-table:	cert/Images.txt
nvcounter-val:	1
cert-pkg:	cert/ICVSBContent.crt
2024-12-30 08:06:42,596 - **** Creating Content Certificate ****
2024-12-30 08:06:42,601 - **** Certificate file (context) creation has been completed successfully ****
2024-12-30 08:09:35,957 - Content Certificate Generation Utility started (Logging to sb_content_cert.log)
2024-12-30 08:09:35,958 - Parsing config file: cert/cfg/ICVSBContent.cfg
2024-12-30 08:09:35,958 - Parsed config items:
cert-keypair:	cert/key/ICVSBContent.pem
cert-keypair-pwd:	cert/key/ICVSBContent.pwd
load-verify-scheme:	0
crypto-type:	0
aes-ce-id:	0
aes-enc-key:	cert/key/KCEICV.txt
images-table:	cert/Images.txt
nvcounter-val:	1
cert-pkg:	cert/ICVSBContent.crt
2024-12-30 08:09:35,958 - **** Creating Content Certificate ****
2024-12-30 08:09:35,963 - **** Certificate file (context) creation has been completed successfully ****
2024-12-30 08:09:36,244 - Content Certificate Generation Utility started (Logging to sb_content_cert.log)
2024-12-30 08:09:36,244 - Parsing config file: cert/cfg/ICVSBContent.cfg
2024-12-30 08:09:36,244 - Parsed config items:
cert-keypair:	cert/key/ICVSBContent.pem
cert-keypair-pwd:	cert/key/ICVSBContent.pwd
load-verify-scheme:	0
crypto-type:	0
aes-ce-id:	0
aes-enc-key:	cert/key/KCEICV.txt
images-table:	cert/Images.txt
nvcounter-val:	1
cert-pkg:	cert/ICVSBContent.crt
2024-12-30 08:09:36,245 - **** Creating Content Certificate ****
2024-12-30 08:09:36,250 - **** Certificate file (context) creation has been completed successfully ****
2024-12-30 08:09:36,703 - Content Certificate Generation Utility started (Logging to sb_content_cert.log)
2024-12-30 08:09:36,703 - Parsing config file: cert/cfg/ICVSBContent.cfg
2024-12-30 08:09:36,703 - Parsed config items:
cert-keypair:	cert/key/ICVSBContent.pem
cert-keypair-pwd:	cert/key/ICVSBContent.pwd
load-verify-scheme:	0
crypto-type:	0
aes-ce-id:	0
aes-enc-key:	cert/key/KCEICV.txt
images-table:	cert/Images.txt
nvcounter-val:	1
cert-pkg:	cert/ICVSBContent.crt
2024-12-30 08:09:36,704 - **** Creating Content Certificate ****
2024-12-30 08:09:36,710 - **** Certificate file (context) creation has been completed successfully ****
2024-12-30 08:09:36,990 - Content Certificate Generation Utility started (Logging to sb_content_cert.log)
2024-12-30 08:09:36,990 - Parsing config file: cert/cfg/ICVSBContent.cfg
2024-12-30 08:09:36,990 - Parsed config items:
cert-keypair:	cert/key/ICVSBContent.pem
cert-keypair-pwd:	cert/key/ICVSBContent.pwd
load-verify-scheme:	0
crypto-type:	0
aes-ce-id:	0
aes-enc-key:	cert/key/KCEICV.txt
images-table:	cert/Images.txt
nvcounter-val:	1
cert-pkg:	cert/ICVSBContent.crt
2024-12-30 08:09:36,990 - **** Creating Content Certificate ****
2024-12-30 08:09:36,996 - **** Certificate file (context) creation has been completed successfully ****
2024-12-30 08:09:48,766 - Content Certificate Generation Utility started (Logging to sb_content_cert.log)
2024-12-30 08:09:48,766 - Parsing config file: cert/cfg/ICVSBContent.cfg
2024-12-30 08:09:48,766 - Parsed config items:
cert-keypair:	cert/key/ICVSBContent.pem
cert-keypair-pwd:	cert/key/ICVSBContent.pwd
load-verify-scheme:	0
crypto-type:	0
aes-ce-id:	0
aes-enc-key:	cert/key/KCEICV.txt
images-table:	cert/Images.txt
nvcounter-val:	1
cert-pkg:	cert/ICVSBContent.crt
2024-12-30 08:09:48,767 - **** Creating Content Certificate ****
2024-12-30 08:09:48,772 - **** Certificate file (context) creation has been completed successfully ****
2024-12-30 08:09:49,055 - Content Certificate Generation Utility started (Logging to sb_content_cert.log)
2024-12-30 08:09:49,056 - Parsing config file: cert/cfg/ICVSBContent.cfg
2024-12-30 08:09:49,056 - Parsed config items:
cert-keypair:	cert/key/ICVSBContent.pem
cert-keypair-pwd:	cert/key/ICVSBContent.pwd
load-verify-scheme:	0
crypto-type:	0
aes-ce-id:	0
aes-enc-key:	cert/key/KCEICV.txt
images-table:	cert/Images.txt
nvcounter-val:	1
cert-pkg:	cert/ICVSBContent.crt
2024-12-30 08:09:49,056 - **** Creating Content Certificate ****
2024-12-30 08:09:49,061 - **** Certificate file (context) creation has been completed successfully ****
2024-12-30 08:09:49,515 - Content Certificate Generation Utility started (Logging to sb_content_cert.log)
2024-12-30 08:09:49,515 - Parsing config file: cert/cfg/ICVSBContent.cfg
2024-12-30 08:09:49,516 - Parsed config items:
cert-keypair:	cert/key/ICVSBContent.pem
cert-keypair-pwd:	cert/key/ICVSBContent.pwd
load-verify-scheme:	0
crypto-type:	0
aes-ce-id:	0
aes-enc-key:	cert/key/KCEICV.txt
images-table:	cert/Images.txt
nvcounter-val:	1
cert-pkg:	cert/ICVSBContent.crt
2024-12-30 08:09:49,516 - **** Creating Content Certificate ****
2024-12-30 08:09:49,522 - **** Certificate file (context) creation has been completed successfully ****
2024-12-30 08:09:49,803 - Content Certificate Generation Utility started (Logging to sb_content_cert.log)
2024-12-30 08:09:49,803 - Parsing config file: cert/cfg/ICVSBContent.cfg
2024-12-30 08:09:49,804 - Parsed config items:
cert-keypair:	cert/key/ICVSBContent.pem
cert-keypair-pwd:	cert/key/ICVSBContent.pwd
load-verify-scheme:	0
crypto-type:	0
aes-ce-id:	0
aes-enc-key:	cert/key/KCEICV.txt
images-table:	cert/Images.txt
nvcounter-val:	1
cert-pkg:	cert/ICVSBContent.crt
2024-12-30 08:09:49,804 - **** Creating Content Certificate ****
2024-12-30 08:09:49,809 - **** Certificate file (context) creation has been completed successfully ****
2024-12-30 08:10:18,477 - Content Certificate Generation Utility started (Logging to sb_content_cert.log)
2024-12-30 08:10:18,478 - Parsing config file: cert/cfg/ICVSBContent.cfg
2024-12-30 08:10:18,478 - Parsed config items:
cert-keypair:	cert/key/ICVSBContent.pem
cert-keypair-pwd:	cert/key/ICVSBContent.pwd
load-verify-scheme:	0
crypto-type:	0
aes-ce-id:	0
aes-enc-key:	cert/key/KCEICV.txt
images-table:	cert/Images.txt
nvcounter-val:	1
cert-pkg:	cert/ICVSBContent.crt
2024-12-30 08:10:18,478 - **** Creating Content Certificate ****
2024-12-30 08:10:18,483 - **** Certificate file (context) creation has been completed successfully ****
2024-12-30 08:10:18,766 - Content Certificate Generation Utility started (Logging to sb_content_cert.log)
2024-12-30 08:10:18,767 - Parsing config file: cert/cfg/ICVSBContent.cfg
2024-12-30 08:10:18,767 - Parsed config items:
cert-keypair:	cert/key/ICVSBContent.pem
cert-keypair-pwd:	cert/key/ICVSBContent.pwd
load-verify-scheme:	0
crypto-type:	0
aes-ce-id:	0
aes-enc-key:	cert/key/KCEICV.txt
images-table:	cert/Images.txt
nvcounter-val:	1
cert-pkg:	cert/ICVSBContent.crt
2024-12-30 08:10:18,767 - **** Creating Content Certificate ****
2024-12-30 08:10:18,772 - **** Certificate file (context) creation has been completed successfully ****
2024-12-30 08:10:19,225 - Content Certificate Generation Utility started (Logging to sb_content_cert.log)
2024-12-30 08:10:19,225 - Parsing config file: cert/cfg/ICVSBContent.cfg
2024-12-30 08:10:19,225 - Parsed config items:
cert-keypair:	cert/key/ICVSBContent.pem
cert-keypair-pwd:	cert/key/ICVSBContent.pwd
load-verify-scheme:	0
crypto-type:	0
aes-ce-id:	0
aes-enc-key:	cert/key/KCEICV.txt
images-table:	cert/Images.txt
nvcounter-val:	1
cert-pkg:	cert/ICVSBContent.crt
2024-12-30 08:10:19,226 - **** Creating Content Certificate ****
2024-12-30 08:10:19,232 - **** Certificate file (context) creation has been completed successfully ****
2024-12-30 08:10:19,496 - Content Certificate Generation Utility started (Logging to sb_content_cert.log)
2024-12-30 08:10:19,497 - Parsing config file: cert/cfg/ICVSBContent.cfg
2024-12-30 08:10:19,497 - Parsed config items:
cert-keypair:	cert/key/ICVSBContent.pem
cert-keypair-pwd:	cert/key/ICVSBContent.pwd
load-verify-scheme:	0
crypto-type:	0
aes-ce-id:	0
aes-enc-key:	cert/key/KCEICV.txt
images-table:	cert/Images.txt
nvcounter-val:	1
cert-pkg:	cert/ICVSBContent.crt
2024-12-30 08:10:19,497 - **** Creating Content Certificate ****
2024-12-30 08:10:19,502 - **** Certificate file (context) creation has been completed successfully ****
2024-12-30 08:10:21,098 - Content Certificate Generation Utility started (Logging to sb_content_cert.log)
2024-12-30 08:10:21,098 - Parsing config file: cert/cfg/ICVSBContent.cfg
2024-12-30 08:10:21,098 - Parsed config items:
cert-keypair:	cert/key/ICVSBContent.pem
cert-keypair-pwd:	cert/key/ICVSBContent.pwd
load-verify-scheme:	0
crypto-type:	0
aes-ce-id:	0
aes-enc-key:	cert/key/KCEICV.txt
images-table:	cert/Images.txt
nvcounter-val:	1
cert-pkg:	cert/ICVSBContent.crt
2024-12-30 08:10:21,099 - **** Creating Content Certificate ****
2024-12-30 08:10:21,104 - **** Certificate file (context) creation has been completed successfully ****
2024-12-30 08:10:21,388 - Content Certificate Generation Utility started (Logging to sb_content_cert.log)
2024-12-30 08:10:21,388 - Parsing config file: cert/cfg/ICVSBContent.cfg
2024-12-30 08:10:21,388 - Parsed config items:
cert-keypair:	cert/key/ICVSBContent.pem
cert-keypair-pwd:	cert/key/ICVSBContent.pwd
load-verify-scheme:	0
crypto-type:	0
aes-ce-id:	0
aes-enc-key:	cert/key/KCEICV.txt
images-table:	cert/Images.txt
nvcounter-val:	1
cert-pkg:	cert/ICVSBContent.crt
2024-12-30 08:10:21,388 - **** Creating Content Certificate ****
2024-12-30 08:10:21,393 - **** Certificate file (context) creation has been completed successfully ****
2024-12-30 08:10:50,469 - Content Certificate Generation Utility started (Logging to sb_content_cert.log)
2024-12-30 08:10:50,469 - Parsing config file: cert/cfg/ICVSBContent.cfg
2024-12-30 08:10:50,469 - Parsed config items:
cert-keypair:	cert/key/ICVSBContent.pem
cert-keypair-pwd:	cert/key/ICVSBContent.pwd
load-verify-scheme:	0
crypto-type:	0
aes-ce-id:	0
aes-enc-key:	cert/key/KCEICV.txt
images-table:	cert/Images.txt
nvcounter-val:	1
cert-pkg:	cert/ICVSBContent.crt
2024-12-30 08:10:50,469 - **** Creating Content Certificate ****
2024-12-30 08:10:50,475 - **** Certificate file (context) creation has been completed successfully ****
2024-12-30 08:10:50,757 - Content Certificate Generation Utility started (Logging to sb_content_cert.log)
2024-12-30 08:10:50,757 - Parsing config file: cert/cfg/ICVSBContent.cfg
2024-12-30 08:10:50,757 - Parsed config items:
cert-keypair:	cert/key/ICVSBContent.pem
cert-keypair-pwd:	cert/key/ICVSBContent.pwd
load-verify-scheme:	0
crypto-type:	0
aes-ce-id:	0
aes-enc-key:	cert/key/KCEICV.txt
images-table:	cert/Images.txt
nvcounter-val:	1
cert-pkg:	cert/ICVSBContent.crt
2024-12-30 08:10:50,758 - **** Creating Content Certificate ****
2024-12-30 08:10:50,763 - **** Certificate file (context) creation has been completed successfully ****
2024-12-30 08:10:51,227 - Content Certificate Generation Utility started (Logging to sb_content_cert.log)
2024-12-30 08:10:51,227 - Parsing config file: cert/cfg/ICVSBContent.cfg
2024-12-30 08:10:51,227 - Parsed config items:
cert-keypair:	cert/key/ICVSBContent.pem
cert-keypair-pwd:	cert/key/ICVSBContent.pwd
load-verify-scheme:	0
crypto-type:	0
aes-ce-id:	0
aes-enc-key:	cert/key/KCEICV.txt
images-table:	cert/Images.txt
nvcounter-val:	1
cert-pkg:	cert/ICVSBContent.crt
2024-12-30 08:10:51,228 - **** Creating Content Certificate ****
2024-12-30 08:10:51,234 - **** Certificate file (context) creation has been completed successfully ****
2024-12-30 08:10:51,516 - Content Certificate Generation Utility started (Logging to sb_content_cert.log)
2024-12-30 08:10:51,517 - Parsing config file: cert/cfg/ICVSBContent.cfg
2024-12-30 08:10:51,517 - Parsed config items:
cert-keypair:	cert/key/ICVSBContent.pem
cert-keypair-pwd:	cert/key/ICVSBContent.pwd
load-verify-scheme:	0
crypto-type:	0
aes-ce-id:	0
aes-enc-key:	cert/key/KCEICV.txt
images-table:	cert/Images.txt
nvcounter-val:	1
cert-pkg:	cert/ICVSBContent.crt
2024-12-30 08:10:51,517 - **** Creating Content Certificate ****
2024-12-30 08:10:51,522 - **** Certificate file (context) creation has been completed successfully ****
2024-12-30 08:10:53,129 - Content Certificate Generation Utility started (Logging to sb_content_cert.log)
2024-12-30 08:10:53,129 - Parsing config file: cert/cfg/ICVSBContent.cfg
2024-12-30 08:10:53,129 - Parsed config items:
cert-keypair:	cert/key/ICVSBContent.pem
cert-keypair-pwd:	cert/key/ICVSBContent.pwd
load-verify-scheme:	0
crypto-type:	0
aes-ce-id:	0
aes-enc-key:	cert/key/KCEICV.txt
images-table:	cert/Images.txt
nvcounter-val:	1
cert-pkg:	cert/ICVSBContent.crt
2024-12-30 08:10:53,129 - **** Creating Content Certificate ****
2024-12-30 08:10:53,135 - **** Certificate file (context) creation has been completed successfully ****
2024-12-30 08:10:53,434 - Content Certificate Generation Utility started (Logging to sb_content_cert.log)
2024-12-30 08:10:53,434 - Parsing config file: cert/cfg/ICVSBContent.cfg
2024-12-30 08:10:53,434 - Parsed config items:
cert-keypair:	cert/key/ICVSBContent.pem
cert-keypair-pwd:	cert/key/ICVSBContent.pwd
load-verify-scheme:	0
crypto-type:	0
aes-ce-id:	0
aes-enc-key:	cert/key/KCEICV.txt
images-table:	cert/Images.txt
nvcounter-val:	1
cert-pkg:	cert/ICVSBContent.crt
2024-12-30 08:10:53,434 - **** Creating Content Certificate ****
2024-12-30 08:10:53,440 - **** Certificate file (context) creation has been completed successfully ****
2024-12-30 08:13:22,778 - Content Certificate Generation Utility started (Logging to sb_content_cert.log)
2024-12-30 08:13:22,778 - Parsing config file: cert/cfg/ICVSBContent.cfg
2024-12-30 08:13:22,779 - Parsed config items:
cert-keypair:	cert/key/ICVSBContent.pem
cert-keypair-pwd:	cert/key/ICVSBContent.pwd
load-verify-scheme:	0
crypto-type:	0
aes-ce-id:	0
aes-enc-key:	cert/key/KCEICV.txt
images-table:	cert/Images.txt
nvcounter-val:	1
cert-pkg:	cert/ICVSBContent.crt
2024-12-30 08:13:22,779 - **** Creating Content Certificate ****
2024-12-30 08:13:22,784 - **** Certificate file (context) creation has been completed successfully ****
2024-12-30 08:13:23,041 - Content Certificate Generation Utility started (Logging to sb_content_cert.log)
2024-12-30 08:13:23,041 - Parsing config file: cert/cfg/ICVSBContent.cfg
2024-12-30 08:13:23,042 - Parsed config items:
cert-keypair:	cert/key/ICVSBContent.pem
cert-keypair-pwd:	cert/key/ICVSBContent.pwd
load-verify-scheme:	0
crypto-type:	0
aes-ce-id:	0
aes-enc-key:	cert/key/KCEICV.txt
images-table:	cert/Images.txt
nvcounter-val:	1
cert-pkg:	cert/ICVSBContent.crt
2024-12-30 08:13:23,042 - **** Creating Content Certificate ****
2024-12-30 08:13:23,047 - **** Certificate file (context) creation has been completed successfully ****
2024-12-30 08:13:23,494 - Content Certificate Generation Utility started (Logging to sb_content_cert.log)
2024-12-30 08:13:23,494 - Parsing config file: cert/cfg/ICVSBContent.cfg
2024-12-30 08:13:23,494 - Parsed config items:
cert-keypair:	cert/key/ICVSBContent.pem
cert-keypair-pwd:	cert/key/ICVSBContent.pwd
load-verify-scheme:	0
crypto-type:	0
aes-ce-id:	0
aes-enc-key:	cert/key/KCEICV.txt
images-table:	cert/Images.txt
nvcounter-val:	1
cert-pkg:	cert/ICVSBContent.crt
2024-12-30 08:13:23,495 - **** Creating Content Certificate ****
2024-12-30 08:13:23,501 - **** Certificate file (context) creation has been completed successfully ****
2024-12-30 08:13:23,766 - Content Certificate Generation Utility started (Logging to sb_content_cert.log)
2024-12-30 08:13:23,766 - Parsing config file: cert/cfg/ICVSBContent.cfg
2024-12-30 08:13:23,766 - Parsed config items:
cert-keypair:	cert/key/ICVSBContent.pem
cert-keypair-pwd:	cert/key/ICVSBContent.pwd
load-verify-scheme:	0
crypto-type:	0
aes-ce-id:	0
aes-enc-key:	cert/key/KCEICV.txt
images-table:	cert/Images.txt
nvcounter-val:	1
cert-pkg:	cert/ICVSBContent.crt
2024-12-30 08:13:23,767 - **** Creating Content Certificate ****
2024-12-30 08:13:23,772 - **** Certificate file (context) creation has been completed successfully ****
2024-12-30 08:13:25,371 - Content Certificate Generation Utility started (Logging to sb_content_cert.log)
2024-12-30 08:13:25,372 - Parsing config file: cert/cfg/ICVSBContent.cfg
2024-12-30 08:13:25,372 - Parsed config items:
cert-keypair:	cert/key/ICVSBContent.pem
cert-keypair-pwd:	cert/key/ICVSBContent.pwd
load-verify-scheme:	0
crypto-type:	0
aes-ce-id:	0
aes-enc-key:	cert/key/KCEICV.txt
images-table:	cert/Images.txt
nvcounter-val:	1
cert-pkg:	cert/ICVSBContent.crt
2024-12-30 08:13:25,372 - **** Creating Content Certificate ****
2024-12-30 08:13:25,377 - **** Certificate file (context) creation has been completed successfully ****
2024-12-30 08:13:25,676 - Content Certificate Generation Utility started (Logging to sb_content_cert.log)
2024-12-30 08:13:25,676 - Parsing config file: cert/cfg/ICVSBContent.cfg
2024-12-30 08:13:25,677 - Parsed config items:
cert-keypair:	cert/key/ICVSBContent.pem
cert-keypair-pwd:	cert/key/ICVSBContent.pwd
load-verify-scheme:	0
crypto-type:	0
aes-ce-id:	0
aes-enc-key:	cert/key/KCEICV.txt
images-table:	cert/Images.txt
nvcounter-val:	1
cert-pkg:	cert/ICVSBContent.crt
2024-12-30 08:13:25,677 - **** Creating Content Certificate ****
2024-12-30 08:13:25,682 - **** Certificate file (context) creation has been completed successfully ****
2024-12-30 08:30:39,183 - Content Certificate Generation Utility started (Logging to sb_content_cert.log)
2024-12-30 08:30:39,183 - Parsing config file: cert/cfg/ICVSBContent.cfg
2024-12-30 08:30:39,183 - Parsed config items:
cert-keypair:	cert/key/ICVSBContent.pem
cert-keypair-pwd:	cert/key/ICVSBContent.pwd
load-verify-scheme:	0
crypto-type:	0
aes-ce-id:	0
aes-enc-key:	cert/key/KCEICV.txt
images-table:	cert/Images.txt
nvcounter-val:	1
cert-pkg:	cert/ICVSBContent.crt
2024-12-30 08:30:39,184 - **** Creating Content Certificate ****
2024-12-30 08:30:39,189 - **** Certificate file (context) creation has been completed successfully ****
2024-12-30 08:30:39,466 - Content Certificate Generation Utility started (Logging to sb_content_cert.log)
2024-12-30 08:30:39,467 - Parsing config file: cert/cfg/ICVSBContent.cfg
2024-12-30 08:30:39,467 - Parsed config items:
cert-keypair:	cert/key/ICVSBContent.pem
cert-keypair-pwd:	cert/key/ICVSBContent.pwd
load-verify-scheme:	0
crypto-type:	0
aes-ce-id:	0
aes-enc-key:	cert/key/KCEICV.txt
images-table:	cert/Images.txt
nvcounter-val:	1
cert-pkg:	cert/ICVSBContent.crt
2024-12-30 08:30:39,467 - **** Creating Content Certificate ****
2024-12-30 08:30:39,472 - **** Certificate file (context) creation has been completed successfully ****
2024-12-30 08:30:39,928 - Content Certificate Generation Utility started (Logging to sb_content_cert.log)
2024-12-30 08:30:39,929 - Parsing config file: cert/cfg/ICVSBContent.cfg
2024-12-30 08:30:39,929 - Parsed config items:
cert-keypair:	cert/key/ICVSBContent.pem
cert-keypair-pwd:	cert/key/ICVSBContent.pwd
load-verify-scheme:	0
crypto-type:	0
aes-ce-id:	0
aes-enc-key:	cert/key/KCEICV.txt
images-table:	cert/Images.txt
nvcounter-val:	1
cert-pkg:	cert/ICVSBContent.crt
2024-12-30 08:30:39,929 - **** Creating Content Certificate ****
2024-12-30 08:30:39,935 - **** Certificate file (context) creation has been completed successfully ****
2024-12-30 08:30:40,221 - Content Certificate Generation Utility started (Logging to sb_content_cert.log)
2024-12-30 08:30:40,221 - Parsing config file: cert/cfg/ICVSBContent.cfg
2024-12-30 08:30:40,221 - Parsed config items:
cert-keypair:	cert/key/ICVSBContent.pem
cert-keypair-pwd:	cert/key/ICVSBContent.pwd
load-verify-scheme:	0
crypto-type:	0
aes-ce-id:	0
aes-enc-key:	cert/key/KCEICV.txt
images-table:	cert/Images.txt
nvcounter-val:	1
cert-pkg:	cert/ICVSBContent.crt
2024-12-30 08:30:40,222 - **** Creating Content Certificate ****
2024-12-30 08:30:40,227 - **** Certificate file (context) creation has been completed successfully ****
2024-12-30 08:30:41,822 - Content Certificate Generation Utility started (Logging to sb_content_cert.log)
2024-12-30 08:30:41,822 - Parsing config file: cert/cfg/ICVSBContent.cfg
2024-12-30 08:30:41,822 - Parsed config items:
cert-keypair:	cert/key/ICVSBContent.pem
cert-keypair-pwd:	cert/key/ICVSBContent.pwd
load-verify-scheme:	0
crypto-type:	0
aes-ce-id:	0
aes-enc-key:	cert/key/KCEICV.txt
images-table:	cert/Images.txt
nvcounter-val:	1
cert-pkg:	cert/ICVSBContent.crt
2024-12-30 08:30:41,823 - **** Creating Content Certificate ****
2024-12-30 08:30:41,828 - **** Certificate file (context) creation has been completed successfully ****
2024-12-30 08:30:42,127 - Content Certificate Generation Utility started (Logging to sb_content_cert.log)
2024-12-30 08:30:42,127 - Parsing config file: cert/cfg/ICVSBContent.cfg
2024-12-30 08:30:42,127 - Parsed config items:
cert-keypair:	cert/key/ICVSBContent.pem
cert-keypair-pwd:	cert/key/ICVSBContent.pwd
load-verify-scheme:	0
crypto-type:	0
aes-ce-id:	0
aes-enc-key:	cert/key/KCEICV.txt
images-table:	cert/Images.txt
nvcounter-val:	1
cert-pkg:	cert/ICVSBContent.crt
2024-12-30 08:30:42,128 - **** Creating Content Certificate ****
2024-12-30 08:30:42,133 - **** Certificate file (context) creation has been completed successfully ****
2024-12-30 08:37:12,869 - Content Certificate Generation Utility started (Logging to sb_content_cert.log)
2024-12-30 08:37:12,869 - Parsing config file: cert/cfg/ICVSBContent.cfg
2024-12-30 08:37:12,869 - Parsed config items:
cert-keypair:	cert/key/ICVSBContent.pem
cert-keypair-pwd:	cert/key/ICVSBContent.pwd
load-verify-scheme:	0
crypto-type:	0
aes-ce-id:	0
aes-enc-key:	cert/key/KCEICV.txt
images-table:	cert/Images.txt
nvcounter-val:	1
cert-pkg:	cert/ICVSBContent.crt
2024-12-30 08:37:12,870 - **** Creating Content Certificate ****
2024-12-30 08:37:12,875 - **** Certificate file (context) creation has been completed successfully ****
2024-12-30 08:37:13,157 - Content Certificate Generation Utility started (Logging to sb_content_cert.log)
2024-12-30 08:37:13,157 - Parsing config file: cert/cfg/ICVSBContent.cfg
2024-12-30 08:37:13,157 - Parsed config items:
cert-keypair:	cert/key/ICVSBContent.pem
cert-keypair-pwd:	cert/key/ICVSBContent.pwd
load-verify-scheme:	0
crypto-type:	0
aes-ce-id:	0
aes-enc-key:	cert/key/KCEICV.txt
images-table:	cert/Images.txt
nvcounter-val:	1
cert-pkg:	cert/ICVSBContent.crt
2024-12-30 08:37:13,158 - **** Creating Content Certificate ****
2024-12-30 08:37:13,163 - **** Certificate file (context) creation has been completed successfully ****
2024-12-30 08:37:13,594 - Content Certificate Generation Utility started (Logging to sb_content_cert.log)
2024-12-30 08:37:13,594 - Parsing config file: cert/cfg/ICVSBContent.cfg
2024-12-30 08:37:13,594 - Parsed config items:
cert-keypair:	cert/key/ICVSBContent.pem
cert-keypair-pwd:	cert/key/ICVSBContent.pwd
load-verify-scheme:	0
crypto-type:	0
aes-ce-id:	0
aes-enc-key:	cert/key/KCEICV.txt
images-table:	cert/Images.txt
nvcounter-val:	1
cert-pkg:	cert/ICVSBContent.crt
2024-12-30 08:37:13,595 - **** Creating Content Certificate ****
2024-12-30 08:37:13,601 - **** Certificate file (context) creation has been completed successfully ****
2024-12-30 08:37:13,884 - Content Certificate Generation Utility started (Logging to sb_content_cert.log)
2024-12-30 08:37:13,885 - Parsing config file: cert/cfg/ICVSBContent.cfg
2024-12-30 08:37:13,885 - Parsed config items:
cert-keypair:	cert/key/ICVSBContent.pem
cert-keypair-pwd:	cert/key/ICVSBContent.pwd
load-verify-scheme:	0
crypto-type:	0
aes-ce-id:	0
aes-enc-key:	cert/key/KCEICV.txt
images-table:	cert/Images.txt
nvcounter-val:	1
cert-pkg:	cert/ICVSBContent.crt
2024-12-30 08:37:13,885 - **** Creating Content Certificate ****
2024-12-30 08:37:13,891 - **** Certificate file (context) creation has been completed successfully ****
2024-12-30 08:40:42,106 - Content Certificate Generation Utility started (Logging to sb_content_cert.log)
2024-12-30 08:40:42,107 - Parsing config file: cert/cfg/ICVSBContent.cfg
2024-12-30 08:40:42,108 - Parsed config items:
cert-keypair:	cert/key/ICVSBContent.pem
cert-keypair-pwd:	cert/key/ICVSBContent.pwd
load-verify-scheme:	0
crypto-type:	0
aes-ce-id:	0
aes-enc-key:	cert/key/KCEICV.txt
images-table:	cert/Images.txt
nvcounter-val:	1
cert-pkg:	cert/ICVSBContent.crt
2024-12-30 08:40:42,108 - **** Creating Content Certificate ****
2024-12-30 08:40:42,123 - **** Certificate file (context) creation has been completed successfully ****
2024-12-30 08:40:42,414 - Content Certificate Generation Utility started (Logging to sb_content_cert.log)
2024-12-30 08:40:42,414 - Parsing config file: cert/cfg/ICVSBContent.cfg
2024-12-30 08:40:42,414 - Parsed config items:
cert-keypair:	cert/key/ICVSBContent.pem
cert-keypair-pwd:	cert/key/ICVSBContent.pwd
load-verify-scheme:	0
crypto-type:	0
aes-ce-id:	0
aes-enc-key:	cert/key/KCEICV.txt
images-table:	cert/Images.txt
nvcounter-val:	1
cert-pkg:	cert/ICVSBContent.crt
2024-12-30 08:40:42,415 - **** Creating Content Certificate ****
2024-12-30 08:40:42,420 - **** Certificate file (context) creation has been completed successfully ****
2024-12-30 08:40:42,880 - Content Certificate Generation Utility started (Logging to sb_content_cert.log)
2024-12-30 08:40:42,880 - Parsing config file: cert/cfg/ICVSBContent.cfg
2024-12-30 08:40:42,881 - Parsed config items:
cert-keypair:	cert/key/ICVSBContent.pem
cert-keypair-pwd:	cert/key/ICVSBContent.pwd
load-verify-scheme:	0
crypto-type:	0
aes-ce-id:	0
aes-enc-key:	cert/key/KCEICV.txt
images-table:	cert/Images.txt
nvcounter-val:	1
cert-pkg:	cert/ICVSBContent.crt
2024-12-30 08:40:42,881 - **** Creating Content Certificate ****
2024-12-30 08:40:42,887 - **** Certificate file (context) creation has been completed successfully ****
2024-12-30 08:40:43,166 - Content Certificate Generation Utility started (Logging to sb_content_cert.log)
2024-12-30 08:40:43,167 - Parsing config file: cert/cfg/ICVSBContent.cfg
2024-12-30 08:40:43,167 - Parsed config items:
cert-keypair:	cert/key/ICVSBContent.pem
cert-keypair-pwd:	cert/key/ICVSBContent.pwd
load-verify-scheme:	0
crypto-type:	0
aes-ce-id:	0
aes-enc-key:	cert/key/KCEICV.txt
images-table:	cert/Images.txt
nvcounter-val:	1
cert-pkg:	cert/ICVSBContent.crt
2024-12-30 08:40:43,167 - **** Creating Content Certificate ****
2024-12-30 08:40:43,172 - **** Certificate file (context) creation has been completed successfully ****
2024-12-30 08:40:44,777 - Content Certificate Generation Utility started (Logging to sb_content_cert.log)
2024-12-30 08:40:44,778 - Parsing config file: cert/cfg/ICVSBContent.cfg
2024-12-30 08:40:44,778 - Parsed config items:
cert-keypair:	cert/key/ICVSBContent.pem
cert-keypair-pwd:	cert/key/ICVSBContent.pwd
load-verify-scheme:	0
crypto-type:	0
aes-ce-id:	0
aes-enc-key:	cert/key/KCEICV.txt
images-table:	cert/Images.txt
nvcounter-val:	1
cert-pkg:	cert/ICVSBContent.crt
2024-12-30 08:40:44,778 - **** Creating Content Certificate ****
2024-12-30 08:40:44,783 - **** Certificate file (context) creation has been completed successfully ****
2024-12-30 08:40:45,086 - Content Certificate Generation Utility started (Logging to sb_content_cert.log)
2024-12-30 08:40:45,087 - Parsing config file: cert/cfg/ICVSBContent.cfg
2024-12-30 08:40:45,087 - Parsed config items:
cert-keypair:	cert/key/ICVSBContent.pem
cert-keypair-pwd:	cert/key/ICVSBContent.pwd
load-verify-scheme:	0
crypto-type:	0
aes-ce-id:	0
aes-enc-key:	cert/key/KCEICV.txt
images-table:	cert/Images.txt
nvcounter-val:	1
cert-pkg:	cert/ICVSBContent.crt
2024-12-30 08:40:45,087 - **** Creating Content Certificate ****
2024-12-30 08:40:45,092 - **** Certificate file (context) creation has been completed successfully ****
2024-12-30 08:51:14,631 - Content Certificate Generation Utility started (Logging to sb_content_cert.log)
2024-12-30 08:51:14,631 - Parsing config file: cert/cfg/ICVSBContent.cfg
2024-12-30 08:51:14,631 - Parsed config items:
cert-keypair:	cert/key/ICVSBContent.pem
cert-keypair-pwd:	cert/key/ICVSBContent.pwd
load-verify-scheme:	0
crypto-type:	0
aes-ce-id:	0
aes-enc-key:	cert/key/KCEICV.txt
images-table:	cert/Images.txt
nvcounter-val:	1
cert-pkg:	cert/ICVSBContent.crt
2024-12-30 08:51:14,632 - **** Creating Content Certificate ****
2024-12-30 08:51:14,637 - **** Certificate file (context) creation has been completed successfully ****
2024-12-30 08:51:14,899 - Content Certificate Generation Utility started (Logging to sb_content_cert.log)
2024-12-30 08:51:14,899 - Parsing config file: cert/cfg/ICVSBContent.cfg
2024-12-30 08:51:14,899 - Parsed config items:
cert-keypair:	cert/key/ICVSBContent.pem
cert-keypair-pwd:	cert/key/ICVSBContent.pwd
load-verify-scheme:	0
crypto-type:	0
aes-ce-id:	0
aes-enc-key:	cert/key/KCEICV.txt
images-table:	cert/Images.txt
nvcounter-val:	1
cert-pkg:	cert/ICVSBContent.crt
2024-12-30 08:51:14,899 - **** Creating Content Certificate ****
2024-12-30 08:51:14,905 - **** Certificate file (context) creation has been completed successfully ****
2024-12-30 08:51:15,361 - Content Certificate Generation Utility started (Logging to sb_content_cert.log)
2024-12-30 08:51:15,361 - Parsing config file: cert/cfg/ICVSBContent.cfg
2024-12-30 08:51:15,361 - Parsed config items:
cert-keypair:	cert/key/ICVSBContent.pem
cert-keypair-pwd:	cert/key/ICVSBContent.pwd
load-verify-scheme:	0
crypto-type:	0
aes-ce-id:	0
aes-enc-key:	cert/key/KCEICV.txt
images-table:	cert/Images.txt
nvcounter-val:	1
cert-pkg:	cert/ICVSBContent.crt
2024-12-30 08:51:15,362 - **** Creating Content Certificate ****
2024-12-30 08:51:15,368 - **** Certificate file (context) creation has been completed successfully ****
2024-12-30 08:51:15,653 - Content Certificate Generation Utility started (Logging to sb_content_cert.log)
2024-12-30 08:51:15,653 - Parsing config file: cert/cfg/ICVSBContent.cfg
2024-12-30 08:51:15,653 - Parsed config items:
cert-keypair:	cert/key/ICVSBContent.pem
cert-keypair-pwd:	cert/key/ICVSBContent.pwd
load-verify-scheme:	0
crypto-type:	0
aes-ce-id:	0
aes-enc-key:	cert/key/KCEICV.txt
images-table:	cert/Images.txt
nvcounter-val:	1
cert-pkg:	cert/ICVSBContent.crt
2024-12-30 08:51:15,654 - **** Creating Content Certificate ****
2024-12-30 08:51:15,659 - **** Certificate file (context) creation has been completed successfully ****
2024-12-30 08:51:28,087 - Content Certificate Generation Utility started (Logging to sb_content_cert.log)
2024-12-30 08:51:28,087 - Parsing config file: cert/cfg/ICVSBContent.cfg
2024-12-30 08:51:28,087 - Parsed config items:
cert-keypair:	cert/key/ICVSBContent.pem
cert-keypair-pwd:	cert/key/ICVSBContent.pwd
load-verify-scheme:	0
crypto-type:	0
aes-ce-id:	0
aes-enc-key:	cert/key/KCEICV.txt
images-table:	cert/Images.txt
nvcounter-val:	1
cert-pkg:	cert/ICVSBContent.crt
2024-12-30 08:51:28,088 - **** Creating Content Certificate ****
2024-12-30 08:51:28,093 - **** Certificate file (context) creation has been completed successfully ****
2024-12-30 08:51:28,350 - Content Certificate Generation Utility started (Logging to sb_content_cert.log)
2024-12-30 08:51:28,350 - Parsing config file: cert/cfg/ICVSBContent.cfg
2024-12-30 08:51:28,351 - Parsed config items:
cert-keypair:	cert/key/ICVSBContent.pem
cert-keypair-pwd:	cert/key/ICVSBContent.pwd
load-verify-scheme:	0
crypto-type:	0
aes-ce-id:	0
aes-enc-key:	cert/key/KCEICV.txt
images-table:	cert/Images.txt
nvcounter-val:	1
cert-pkg:	cert/ICVSBContent.crt
2024-12-30 08:51:28,351 - **** Creating Content Certificate ****
2024-12-30 08:51:28,356 - **** Certificate file (context) creation has been completed successfully ****
2024-12-30 08:51:28,818 - Content Certificate Generation Utility started (Logging to sb_content_cert.log)
2024-12-30 08:51:28,818 - Parsing config file: cert/cfg/ICVSBContent.cfg
2024-12-30 08:51:28,818 - Parsed config items:
cert-keypair:	cert/key/ICVSBContent.pem
cert-keypair-pwd:	cert/key/ICVSBContent.pwd
load-verify-scheme:	0
crypto-type:	0
aes-ce-id:	0
aes-enc-key:	cert/key/KCEICV.txt
images-table:	cert/Images.txt
nvcounter-val:	1
cert-pkg:	cert/ICVSBContent.crt
2024-12-30 08:51:28,818 - **** Creating Content Certificate ****
2024-12-30 08:51:28,824 - **** Certificate file (context) creation has been completed successfully ****
2024-12-30 08:51:29,103 - Content Certificate Generation Utility started (Logging to sb_content_cert.log)
2024-12-30 08:51:29,103 - Parsing config file: cert/cfg/ICVSBContent.cfg
2024-12-30 08:51:29,104 - Parsed config items:
cert-keypair:	cert/key/ICVSBContent.pem
cert-keypair-pwd:	cert/key/ICVSBContent.pwd
load-verify-scheme:	0
crypto-type:	0
aes-ce-id:	0
aes-enc-key:	cert/key/KCEICV.txt
images-table:	cert/Images.txt
nvcounter-val:	1
cert-pkg:	cert/ICVSBContent.crt
2024-12-30 08:51:29,104 - **** Creating Content Certificate ****
2024-12-30 08:51:29,109 - **** Certificate file (context) creation has been completed successfully ****
2024-12-30 08:51:30,719 - Content Certificate Generation Utility started (Logging to sb_content_cert.log)
2024-12-30 08:51:30,720 - Parsing config file: cert/cfg/ICVSBContent.cfg
2024-12-30 08:51:30,720 - Parsed config items:
cert-keypair:	cert/key/ICVSBContent.pem
cert-keypair-pwd:	cert/key/ICVSBContent.pwd
load-verify-scheme:	0
crypto-type:	0
aes-ce-id:	0
aes-enc-key:	cert/key/KCEICV.txt
images-table:	cert/Images.txt
nvcounter-val:	1
cert-pkg:	cert/ICVSBContent.crt
2024-12-30 08:51:30,720 - **** Creating Content Certificate ****
2024-12-30 08:51:30,725 - **** Certificate file (context) creation has been completed successfully ****
2024-12-30 08:51:31,023 - Content Certificate Generation Utility started (Logging to sb_content_cert.log)
2024-12-30 08:51:31,024 - Parsing config file: cert/cfg/ICVSBContent.cfg
2024-12-30 08:51:31,024 - Parsed config items:
cert-keypair:	cert/key/ICVSBContent.pem
cert-keypair-pwd:	cert/key/ICVSBContent.pwd
load-verify-scheme:	0
crypto-type:	0
aes-ce-id:	0
aes-enc-key:	cert/key/KCEICV.txt
images-table:	cert/Images.txt
nvcounter-val:	1
cert-pkg:	cert/ICVSBContent.crt
2024-12-30 08:51:31,024 - **** Creating Content Certificate ****
2024-12-30 08:51:31,029 - **** Certificate file (context) creation has been completed successfully ****
2024-12-30 09:02:58,014 - Content Certificate Generation Utility started (Logging to sb_content_cert.log)
2024-12-30 09:02:58,014 - Parsing config file: cert/cfg/ICVSBContent.cfg
2024-12-30 09:02:58,014 - Parsed config items:
cert-keypair:	cert/key/ICVSBContent.pem
cert-keypair-pwd:	cert/key/ICVSBContent.pwd
load-verify-scheme:	0
crypto-type:	0
aes-ce-id:	0
aes-enc-key:	cert/key/KCEICV.txt
images-table:	cert/Images.txt
nvcounter-val:	1
cert-pkg:	cert/ICVSBContent.crt
2024-12-30 09:02:58,014 - **** Creating Content Certificate ****
2024-12-30 09:02:58,020 - **** Certificate file (context) creation has been completed successfully ****
2024-12-30 09:02:58,303 - Content Certificate Generation Utility started (Logging to sb_content_cert.log)
2024-12-30 09:02:58,303 - Parsing config file: cert/cfg/ICVSBContent.cfg
2024-12-30 09:02:58,303 - Parsed config items:
cert-keypair:	cert/key/ICVSBContent.pem
cert-keypair-pwd:	cert/key/ICVSBContent.pwd
load-verify-scheme:	0
crypto-type:	0
aes-ce-id:	0
aes-enc-key:	cert/key/KCEICV.txt
images-table:	cert/Images.txt
nvcounter-val:	1
cert-pkg:	cert/ICVSBContent.crt
2024-12-30 09:02:58,303 - **** Creating Content Certificate ****
2024-12-30 09:02:58,308 - **** Certificate file (context) creation has been completed successfully ****
2024-12-30 09:02:58,764 - Content Certificate Generation Utility started (Logging to sb_content_cert.log)
2024-12-30 09:02:58,764 - Parsing config file: cert/cfg/ICVSBContent.cfg
2024-12-30 09:02:58,765 - Parsed config items:
cert-keypair:	cert/key/ICVSBContent.pem
cert-keypair-pwd:	cert/key/ICVSBContent.pwd
load-verify-scheme:	0
crypto-type:	0
aes-ce-id:	0
aes-enc-key:	cert/key/KCEICV.txt
images-table:	cert/Images.txt
nvcounter-val:	1
cert-pkg:	cert/ICVSBContent.crt
2024-12-30 09:02:58,765 - **** Creating Content Certificate ****
2024-12-30 09:02:58,771 - **** Certificate file (context) creation has been completed successfully ****
2024-12-30 09:02:59,053 - Content Certificate Generation Utility started (Logging to sb_content_cert.log)
2024-12-30 09:02:59,053 - Parsing config file: cert/cfg/ICVSBContent.cfg
2024-12-30 09:02:59,053 - Parsed config items:
cert-keypair:	cert/key/ICVSBContent.pem
cert-keypair-pwd:	cert/key/ICVSBContent.pwd
load-verify-scheme:	0
crypto-type:	0
aes-ce-id:	0
aes-enc-key:	cert/key/KCEICV.txt
images-table:	cert/Images.txt
nvcounter-val:	1
cert-pkg:	cert/ICVSBContent.crt
2024-12-30 09:02:59,054 - **** Creating Content Certificate ****
2024-12-30 09:02:59,059 - **** Certificate file (context) creation has been completed successfully ****
2024-12-30 09:03:00,655 - Content Certificate Generation Utility started (Logging to sb_content_cert.log)
2024-12-30 09:03:00,656 - Parsing config file: cert/cfg/ICVSBContent.cfg
2024-12-30 09:03:00,656 - Parsed config items:
cert-keypair:	cert/key/ICVSBContent.pem
cert-keypair-pwd:	cert/key/ICVSBContent.pwd
load-verify-scheme:	0
crypto-type:	0
aes-ce-id:	0
aes-enc-key:	cert/key/KCEICV.txt
images-table:	cert/Images.txt
nvcounter-val:	1
cert-pkg:	cert/ICVSBContent.crt
2024-12-30 09:03:00,656 - **** Creating Content Certificate ****
2024-12-30 09:03:00,661 - **** Certificate file (context) creation has been completed successfully ****
2024-12-30 09:03:00,962 - Content Certificate Generation Utility started (Logging to sb_content_cert.log)
2024-12-30 09:03:00,963 - Parsing config file: cert/cfg/ICVSBContent.cfg
2024-12-30 09:03:00,963 - Parsed config items:
cert-keypair:	cert/key/ICVSBContent.pem
cert-keypair-pwd:	cert/key/ICVSBContent.pwd
load-verify-scheme:	0
crypto-type:	0
aes-ce-id:	0
aes-enc-key:	cert/key/KCEICV.txt
images-table:	cert/Images.txt
nvcounter-val:	1
cert-pkg:	cert/ICVSBContent.crt
2024-12-30 09:03:00,963 - **** Creating Content Certificate ****
2024-12-30 09:03:00,968 - **** Certificate file (context) creation has been completed successfully ****
2024-12-30 09:03:11,007 - Content Certificate Generation Utility started (Logging to sb_content_cert.log)
2024-12-30 09:03:11,007 - Parsing config file: cert/cfg/ICVSBContent.cfg
2024-12-30 09:03:11,007 - Parsed config items:
cert-keypair:	cert/key/ICVSBContent.pem
cert-keypair-pwd:	cert/key/ICVSBContent.pwd
load-verify-scheme:	0
crypto-type:	0
aes-ce-id:	0
aes-enc-key:	cert/key/KCEICV.txt
images-table:	cert/Images.txt
nvcounter-val:	1
cert-pkg:	cert/ICVSBContent.crt
2024-12-30 09:03:11,008 - **** Creating Content Certificate ****
2024-12-30 09:03:11,013 - **** Certificate file (context) creation has been completed successfully ****
2024-12-30 09:03:11,288 - Content Certificate Generation Utility started (Logging to sb_content_cert.log)
2024-12-30 09:03:11,289 - Parsing config file: cert/cfg/ICVSBContent.cfg
2024-12-30 09:03:11,289 - Parsed config items:
cert-keypair:	cert/key/ICVSBContent.pem
cert-keypair-pwd:	cert/key/ICVSBContent.pwd
load-verify-scheme:	0
crypto-type:	0
aes-ce-id:	0
aes-enc-key:	cert/key/KCEICV.txt
images-table:	cert/Images.txt
nvcounter-val:	1
cert-pkg:	cert/ICVSBContent.crt
2024-12-30 09:03:11,289 - **** Creating Content Certificate ****
2024-12-30 09:03:11,294 - **** Certificate file (context) creation has been completed successfully ****
2024-12-30 09:03:11,751 - Content Certificate Generation Utility started (Logging to sb_content_cert.log)
2024-12-30 09:03:11,751 - Parsing config file: cert/cfg/ICVSBContent.cfg
2024-12-30 09:03:11,752 - Parsed config items:
cert-keypair:	cert/key/ICVSBContent.pem
cert-keypair-pwd:	cert/key/ICVSBContent.pwd
load-verify-scheme:	0
crypto-type:	0
aes-ce-id:	0
aes-enc-key:	cert/key/KCEICV.txt
images-table:	cert/Images.txt
nvcounter-val:	1
cert-pkg:	cert/ICVSBContent.crt
2024-12-30 09:03:11,752 - **** Creating Content Certificate ****
2024-12-30 09:03:11,759 - **** Certificate file (context) creation has been completed successfully ****
2024-12-30 09:03:12,038 - Content Certificate Generation Utility started (Logging to sb_content_cert.log)
2024-12-30 09:03:12,039 - Parsing config file: cert/cfg/ICVSBContent.cfg
2024-12-30 09:03:12,039 - Parsed config items:
cert-keypair:	cert/key/ICVSBContent.pem
cert-keypair-pwd:	cert/key/ICVSBContent.pwd
load-verify-scheme:	0
crypto-type:	0
aes-ce-id:	0
aes-enc-key:	cert/key/KCEICV.txt
images-table:	cert/Images.txt
nvcounter-val:	1
cert-pkg:	cert/ICVSBContent.crt
2024-12-30 09:03:12,039 - **** Creating Content Certificate ****
2024-12-30 09:03:12,044 - **** Certificate file (context) creation has been completed successfully ****
2024-12-30 09:03:13,658 - Content Certificate Generation Utility started (Logging to sb_content_cert.log)
2024-12-30 09:03:13,658 - Parsing config file: cert/cfg/ICVSBContent.cfg
2024-12-30 09:03:13,658 - Parsed config items:
cert-keypair:	cert/key/ICVSBContent.pem
cert-keypair-pwd:	cert/key/ICVSBContent.pwd
load-verify-scheme:	0
crypto-type:	0
aes-ce-id:	0
aes-enc-key:	cert/key/KCEICV.txt
images-table:	cert/Images.txt
nvcounter-val:	1
cert-pkg:	cert/ICVSBContent.crt
2024-12-30 09:03:13,658 - **** Creating Content Certificate ****
2024-12-30 09:03:13,663 - **** Certificate file (context) creation has been completed successfully ****
2024-12-30 09:03:13,944 - Content Certificate Generation Utility started (Logging to sb_content_cert.log)
2024-12-30 09:03:13,944 - Parsing config file: cert/cfg/ICVSBContent.cfg
2024-12-30 09:03:13,944 - Parsed config items:
cert-keypair:	cert/key/ICVSBContent.pem
cert-keypair-pwd:	cert/key/ICVSBContent.pwd
load-verify-scheme:	0
crypto-type:	0
aes-ce-id:	0
aes-enc-key:	cert/key/KCEICV.txt
images-table:	cert/Images.txt
nvcounter-val:	1
cert-pkg:	cert/ICVSBContent.crt
2024-12-30 09:03:13,945 - **** Creating Content Certificate ****
2024-12-30 09:03:13,949 - **** Certificate file (context) creation has been completed successfully ****
2024-12-31 01:17:12,345 - Content Certificate Generation Utility started (Logging to sb_content_cert.log)
2024-12-31 01:17:12,346 - Parsing config file: cert/cfg/ICVSBContent.cfg
2024-12-31 01:17:12,346 - Parsed config items:
cert-keypair:	cert/key/ICVSBContent.pem
cert-keypair-pwd:	cert/key/ICVSBContent.pwd
load-verify-scheme:	0
crypto-type:	0
aes-ce-id:	0
aes-enc-key:	cert/key/KCEICV.txt
images-table:	cert/Images.txt
nvcounter-val:	1
cert-pkg:	cert/ICVSBContent.crt
2024-12-31 01:17:12,346 - **** Creating Content Certificate ****
2024-12-31 01:17:12,351 - **** Certificate file (context) creation has been completed successfully ****
2024-12-31 01:17:12,630 - Content Certificate Generation Utility started (Logging to sb_content_cert.log)
2024-12-31 01:17:12,630 - Parsing config file: cert/cfg/ICVSBContent.cfg
2024-12-31 01:17:12,630 - Parsed config items:
cert-keypair:	cert/key/ICVSBContent.pem
cert-keypair-pwd:	cert/key/ICVSBContent.pwd
load-verify-scheme:	0
crypto-type:	0
aes-ce-id:	0
aes-enc-key:	cert/key/KCEICV.txt
images-table:	cert/Images.txt
nvcounter-val:	1
cert-pkg:	cert/ICVSBContent.crt
2024-12-31 01:17:12,630 - **** Creating Content Certificate ****
2024-12-31 01:17:12,635 - **** Certificate file (context) creation has been completed successfully ****
2024-12-31 01:17:13,075 - Content Certificate Generation Utility started (Logging to sb_content_cert.log)
2024-12-31 01:17:13,075 - Parsing config file: cert/cfg/ICVSBContent.cfg
2024-12-31 01:17:13,075 - Parsed config items:
cert-keypair:	cert/key/ICVSBContent.pem
cert-keypair-pwd:	cert/key/ICVSBContent.pwd
load-verify-scheme:	0
crypto-type:	0
aes-ce-id:	0
aes-enc-key:	cert/key/KCEICV.txt
images-table:	cert/Images.txt
nvcounter-val:	1
cert-pkg:	cert/ICVSBContent.crt
2024-12-31 01:17:13,076 - **** Creating Content Certificate ****
2024-12-31 01:17:13,082 - **** Certificate file (context) creation has been completed successfully ****
2024-12-31 01:17:13,363 - Content Certificate Generation Utility started (Logging to sb_content_cert.log)
2024-12-31 01:17:13,363 - Parsing config file: cert/cfg/ICVSBContent.cfg
2024-12-31 01:17:13,364 - Parsed config items:
cert-keypair:	cert/key/ICVSBContent.pem
cert-keypair-pwd:	cert/key/ICVSBContent.pwd
load-verify-scheme:	0
crypto-type:	0
aes-ce-id:	0
aes-enc-key:	cert/key/KCEICV.txt
images-table:	cert/Images.txt
nvcounter-val:	1
cert-pkg:	cert/ICVSBContent.crt
2024-12-31 01:17:13,364 - **** Creating Content Certificate ****
2024-12-31 01:17:13,369 - **** Certificate file (context) creation has been completed successfully ****
2024-12-31 01:17:14,972 - Content Certificate Generation Utility started (Logging to sb_content_cert.log)
2024-12-31 01:17:14,973 - Parsing config file: cert/cfg/ICVSBContent.cfg
2024-12-31 01:17:14,973 - Parsed config items:
cert-keypair:	cert/key/ICVSBContent.pem
cert-keypair-pwd:	cert/key/ICVSBContent.pwd
load-verify-scheme:	0
crypto-type:	0
aes-ce-id:	0
aes-enc-key:	cert/key/KCEICV.txt
images-table:	cert/Images.txt
nvcounter-val:	1
cert-pkg:	cert/ICVSBContent.crt
2024-12-31 01:17:14,973 - **** Creating Content Certificate ****
2024-12-31 01:17:14,978 - **** Certificate file (context) creation has been completed successfully ****
2024-12-31 01:17:15,279 - Content Certificate Generation Utility started (Logging to sb_content_cert.log)
2024-12-31 01:17:15,280 - Parsing config file: cert/cfg/ICVSBContent.cfg
2024-12-31 01:17:15,280 - Parsed config items:
cert-keypair:	cert/key/ICVSBContent.pem
cert-keypair-pwd:	cert/key/ICVSBContent.pwd
load-verify-scheme:	0
crypto-type:	0
aes-ce-id:	0
aes-enc-key:	cert/key/KCEICV.txt
images-table:	cert/Images.txt
nvcounter-val:	1
cert-pkg:	cert/ICVSBContent.crt
2024-12-31 01:17:15,280 - **** Creating Content Certificate ****
2024-12-31 01:17:15,285 - **** Certificate file (context) creation has been completed successfully ****
2024-12-31 01:59:52,949 - Content Certificate Generation Utility started (Logging to sb_content_cert.log)
2024-12-31 01:59:52,950 - Parsing config file: cert/cfg/ICVSBContent.cfg
2024-12-31 01:59:52,950 - Parsed config items:
cert-keypair:	cert/key/ICVSBContent.pem
cert-keypair-pwd:	cert/key/ICVSBContent.pwd
load-verify-scheme:	0
crypto-type:	0
aes-ce-id:	0
aes-enc-key:	cert/key/KCEICV.txt
images-table:	cert/Images.txt
nvcounter-val:	1
cert-pkg:	cert/ICVSBContent.crt
2024-12-31 01:59:52,950 - **** Creating Content Certificate ****
2024-12-31 01:59:52,955 - **** Certificate file (context) creation has been completed successfully ****
2024-12-31 01:59:53,238 - Content Certificate Generation Utility started (Logging to sb_content_cert.log)
2024-12-31 01:59:53,239 - Parsing config file: cert/cfg/ICVSBContent.cfg
2024-12-31 01:59:53,239 - Parsed config items:
cert-keypair:	cert/key/ICVSBContent.pem
cert-keypair-pwd:	cert/key/ICVSBContent.pwd
load-verify-scheme:	0
crypto-type:	0
aes-ce-id:	0
aes-enc-key:	cert/key/KCEICV.txt
images-table:	cert/Images.txt
nvcounter-val:	1
cert-pkg:	cert/ICVSBContent.crt
2024-12-31 01:59:53,239 - **** Creating Content Certificate ****
2024-12-31 01:59:53,244 - **** Certificate file (context) creation has been completed successfully ****
2024-12-31 01:59:53,703 - Content Certificate Generation Utility started (Logging to sb_content_cert.log)
2024-12-31 01:59:53,703 - Parsing config file: cert/cfg/ICVSBContent.cfg
2024-12-31 01:59:53,703 - Parsed config items:
cert-keypair:	cert/key/ICVSBContent.pem
cert-keypair-pwd:	cert/key/ICVSBContent.pwd
load-verify-scheme:	0
crypto-type:	0
aes-ce-id:	0
aes-enc-key:	cert/key/KCEICV.txt
images-table:	cert/Images.txt
nvcounter-val:	1
cert-pkg:	cert/ICVSBContent.crt
2024-12-31 01:59:53,704 - **** Creating Content Certificate ****
2024-12-31 01:59:53,710 - **** Certificate file (context) creation has been completed successfully ****
2024-12-31 01:59:53,995 - Content Certificate Generation Utility started (Logging to sb_content_cert.log)
2024-12-31 01:59:53,996 - Parsing config file: cert/cfg/ICVSBContent.cfg
2024-12-31 01:59:53,996 - Parsed config items:
cert-keypair:	cert/key/ICVSBContent.pem
cert-keypair-pwd:	cert/key/ICVSBContent.pwd
load-verify-scheme:	0
crypto-type:	0
aes-ce-id:	0
aes-enc-key:	cert/key/KCEICV.txt
images-table:	cert/Images.txt
nvcounter-val:	1
cert-pkg:	cert/ICVSBContent.crt
2024-12-31 01:59:53,996 - **** Creating Content Certificate ****
2024-12-31 01:59:54,001 - **** Certificate file (context) creation has been completed successfully ****
2024-12-31 01:59:55,611 - Content Certificate Generation Utility started (Logging to sb_content_cert.log)
2024-12-31 01:59:55,611 - Parsing config file: cert/cfg/ICVSBContent.cfg
2024-12-31 01:59:55,611 - Parsed config items:
cert-keypair:	cert/key/ICVSBContent.pem
cert-keypair-pwd:	cert/key/ICVSBContent.pwd
load-verify-scheme:	0
crypto-type:	0
aes-ce-id:	0
aes-enc-key:	cert/key/KCEICV.txt
images-table:	cert/Images.txt
nvcounter-val:	1
cert-pkg:	cert/ICVSBContent.crt
2024-12-31 01:59:55,612 - **** Creating Content Certificate ****
2024-12-31 01:59:55,617 - **** Certificate file (context) creation has been completed successfully ****
2024-12-31 01:59:55,916 - Content Certificate Generation Utility started (Logging to sb_content_cert.log)
2024-12-31 01:59:55,916 - Parsing config file: cert/cfg/ICVSBContent.cfg
2024-12-31 01:59:55,917 - Parsed config items:
cert-keypair:	cert/key/ICVSBContent.pem
cert-keypair-pwd:	cert/key/ICVSBContent.pwd
load-verify-scheme:	0
crypto-type:	0
aes-ce-id:	0
aes-enc-key:	cert/key/KCEICV.txt
images-table:	cert/Images.txt
nvcounter-val:	1
cert-pkg:	cert/ICVSBContent.crt
2024-12-31 01:59:55,917 - **** Creating Content Certificate ****
2024-12-31 01:59:55,922 - **** Certificate file (context) creation has been completed successfully ****
2024-12-31 02:00:57,747 - Content Certificate Generation Utility started (Logging to sb_content_cert.log)
2024-12-31 02:00:57,747 - Parsing config file: cert/cfg/ICVSBContent.cfg
2024-12-31 02:00:57,747 - Parsed config items:
cert-keypair:	cert/key/ICVSBContent.pem
cert-keypair-pwd:	cert/key/ICVSBContent.pwd
load-verify-scheme:	0
crypto-type:	0
aes-ce-id:	0
aes-enc-key:	cert/key/KCEICV.txt
images-table:	cert/Images.txt
nvcounter-val:	1
cert-pkg:	cert/ICVSBContent.crt
2024-12-31 02:00:57,748 - **** Creating Content Certificate ****
2024-12-31 02:00:57,753 - **** Certificate file (context) creation has been completed successfully ****
2024-12-31 02:00:58,033 - Content Certificate Generation Utility started (Logging to sb_content_cert.log)
2024-12-31 02:00:58,033 - Parsing config file: cert/cfg/ICVSBContent.cfg
2024-12-31 02:00:58,034 - Parsed config items:
cert-keypair:	cert/key/ICVSBContent.pem
cert-keypair-pwd:	cert/key/ICVSBContent.pwd
load-verify-scheme:	0
crypto-type:	0
aes-ce-id:	0
aes-enc-key:	cert/key/KCEICV.txt
images-table:	cert/Images.txt
nvcounter-val:	1
cert-pkg:	cert/ICVSBContent.crt
2024-12-31 02:00:58,034 - **** Creating Content Certificate ****
2024-12-31 02:00:58,039 - **** Certificate file (context) creation has been completed successfully ****
2024-12-31 02:00:58,485 - Content Certificate Generation Utility started (Logging to sb_content_cert.log)
2024-12-31 02:00:58,485 - Parsing config file: cert/cfg/ICVSBContent.cfg
2024-12-31 02:00:58,485 - Parsed config items:
cert-keypair:	cert/key/ICVSBContent.pem
cert-keypair-pwd:	cert/key/ICVSBContent.pwd
load-verify-scheme:	0
crypto-type:	0
aes-ce-id:	0
aes-enc-key:	cert/key/KCEICV.txt
images-table:	cert/Images.txt
nvcounter-val:	1
cert-pkg:	cert/ICVSBContent.crt
2024-12-31 02:00:58,486 - **** Creating Content Certificate ****
2024-12-31 02:00:58,492 - **** Certificate file (context) creation has been completed successfully ****
2024-12-31 02:00:58,774 - Content Certificate Generation Utility started (Logging to sb_content_cert.log)
2024-12-31 02:00:58,774 - Parsing config file: cert/cfg/ICVSBContent.cfg
2024-12-31 02:00:58,775 - Parsed config items:
cert-keypair:	cert/key/ICVSBContent.pem
cert-keypair-pwd:	cert/key/ICVSBContent.pwd
load-verify-scheme:	0
crypto-type:	0
aes-ce-id:	0
aes-enc-key:	cert/key/KCEICV.txt
images-table:	cert/Images.txt
nvcounter-val:	1
cert-pkg:	cert/ICVSBContent.crt
2024-12-31 02:00:58,775 - **** Creating Content Certificate ****
2024-12-31 02:00:58,780 - **** Certificate file (context) creation has been completed successfully ****
2024-12-31 02:01:00,380 - Content Certificate Generation Utility started (Logging to sb_content_cert.log)
2024-12-31 02:01:00,381 - Parsing config file: cert/cfg/ICVSBContent.cfg
2024-12-31 02:01:00,381 - Parsed config items:
cert-keypair:	cert/key/ICVSBContent.pem
cert-keypair-pwd:	cert/key/ICVSBContent.pwd
load-verify-scheme:	0
crypto-type:	0
aes-ce-id:	0
aes-enc-key:	cert/key/KCEICV.txt
images-table:	cert/Images.txt
nvcounter-val:	1
cert-pkg:	cert/ICVSBContent.crt
2024-12-31 02:01:00,381 - **** Creating Content Certificate ****
2024-12-31 02:01:00,386 - **** Certificate file (context) creation has been completed successfully ****
2024-12-31 02:01:00,685 - Content Certificate Generation Utility started (Logging to sb_content_cert.log)
2024-12-31 02:01:00,685 - Parsing config file: cert/cfg/ICVSBContent.cfg
2024-12-31 02:01:00,686 - Parsed config items:
cert-keypair:	cert/key/ICVSBContent.pem
cert-keypair-pwd:	cert/key/ICVSBContent.pwd
load-verify-scheme:	0
crypto-type:	0
aes-ce-id:	0
aes-enc-key:	cert/key/KCEICV.txt
images-table:	cert/Images.txt
nvcounter-val:	1
cert-pkg:	cert/ICVSBContent.crt
2024-12-31 02:01:00,686 - **** Creating Content Certificate ****
2024-12-31 02:01:00,691 - **** Certificate file (context) creation has been completed successfully ****
2024-12-31 02:11:22,868 - Content Certificate Generation Utility started (Logging to sb_content_cert.log)
2024-12-31 02:11:22,868 - Parsing config file: cert/cfg/ICVSBContent.cfg
2024-12-31 02:11:22,869 - Parsed config items:
cert-keypair:	cert/key/ICVSBContent.pem
cert-keypair-pwd:	cert/key/ICVSBContent.pwd
load-verify-scheme:	0
crypto-type:	0
aes-ce-id:	0
aes-enc-key:	cert/key/KCEICV.txt
images-table:	cert/Images.txt
nvcounter-val:	1
cert-pkg:	cert/ICVSBContent.crt
2024-12-31 02:11:22,869 - **** Creating Content Certificate ****
2024-12-31 02:11:22,874 - **** Certificate file (context) creation has been completed successfully ****
2024-12-31 02:11:23,140 - Content Certificate Generation Utility started (Logging to sb_content_cert.log)
2024-12-31 02:11:23,140 - Parsing config file: cert/cfg/ICVSBContent.cfg
2024-12-31 02:11:23,141 - Parsed config items:
cert-keypair:	cert/key/ICVSBContent.pem
cert-keypair-pwd:	cert/key/ICVSBContent.pwd
load-verify-scheme:	0
crypto-type:	0
aes-ce-id:	0
aes-enc-key:	cert/key/KCEICV.txt
images-table:	cert/Images.txt
nvcounter-val:	1
cert-pkg:	cert/ICVSBContent.crt
2024-12-31 02:11:23,141 - **** Creating Content Certificate ****
2024-12-31 02:11:23,146 - **** Certificate file (context) creation has been completed successfully ****
2024-12-31 02:11:23,556 - Content Certificate Generation Utility started (Logging to sb_content_cert.log)
2024-12-31 02:11:23,556 - Parsing config file: cert/cfg/ICVSBContent.cfg
2024-12-31 02:11:23,557 - Parsed config items:
cert-keypair:	cert/key/ICVSBContent.pem
cert-keypair-pwd:	cert/key/ICVSBContent.pwd
load-verify-scheme:	0
crypto-type:	0
aes-ce-id:	0
aes-enc-key:	cert/key/KCEICV.txt
images-table:	cert/Images.txt
nvcounter-val:	1
cert-pkg:	cert/ICVSBContent.crt
2024-12-31 02:11:23,557 - **** Creating Content Certificate ****
2024-12-31 02:11:23,563 - **** Certificate file (context) creation has been completed successfully ****
2024-12-31 02:11:23,821 - Content Certificate Generation Utility started (Logging to sb_content_cert.log)
2024-12-31 02:11:23,821 - Parsing config file: cert/cfg/ICVSBContent.cfg
2024-12-31 02:11:23,822 - Parsed config items:
cert-keypair:	cert/key/ICVSBContent.pem
cert-keypair-pwd:	cert/key/ICVSBContent.pwd
load-verify-scheme:	0
crypto-type:	0
aes-ce-id:	0
aes-enc-key:	cert/key/KCEICV.txt
images-table:	cert/Images.txt
nvcounter-val:	1
cert-pkg:	cert/ICVSBContent.crt
2024-12-31 02:11:23,822 - **** Creating Content Certificate ****
2024-12-31 02:11:23,827 - **** Certificate file (context) creation has been completed successfully ****
2024-12-31 02:11:25,259 - Content Certificate Generation Utility started (Logging to sb_content_cert.log)
2024-12-31 02:11:25,259 - Parsing config file: cert/cfg/ICVSBContent.cfg
2024-12-31 02:11:25,259 - Parsed config items:
cert-keypair:	cert/key/ICVSBContent.pem
cert-keypair-pwd:	cert/key/ICVSBContent.pwd
load-verify-scheme:	0
crypto-type:	0
aes-ce-id:	0
aes-enc-key:	cert/key/KCEICV.txt
images-table:	cert/Images.txt
nvcounter-val:	1
cert-pkg:	cert/ICVSBContent.crt
2024-12-31 02:11:25,259 - **** Creating Content Certificate ****
2024-12-31 02:11:25,263 - **** Certificate file (context) creation has been completed successfully ****
2024-12-31 02:11:25,524 - Content Certificate Generation Utility started (Logging to sb_content_cert.log)
2024-12-31 02:11:25,524 - Parsing config file: cert/cfg/ICVSBContent.cfg
2024-12-31 02:11:25,524 - Parsed config items:
cert-keypair:	cert/key/ICVSBContent.pem
cert-keypair-pwd:	cert/key/ICVSBContent.pwd
load-verify-scheme:	0
crypto-type:	0
aes-ce-id:	0
aes-enc-key:	cert/key/KCEICV.txt
images-table:	cert/Images.txt
nvcounter-val:	1
cert-pkg:	cert/ICVSBContent.crt
2024-12-31 02:11:25,524 - **** Creating Content Certificate ****
2024-12-31 02:11:25,529 - **** Certificate file (context) creation has been completed successfully ****
2025-01-02 03:22:24,250 - Content Certificate Generation Utility started (Logging to sb_content_cert.log)
2025-01-02 03:22:24,250 - Parsing config file: cert/cfg/ICVSBContent.cfg
2025-01-02 03:22:24,250 - Parsed config items:
cert-keypair:	cert/key/ICVSBContent.pem
cert-keypair-pwd:	cert/key/ICVSBContent.pwd
load-verify-scheme:	0
crypto-type:	0
aes-ce-id:	0
aes-enc-key:	cert/key/KCEICV.txt
images-table:	cert/Images.txt
nvcounter-val:	1
cert-pkg:	cert/ICVSBContent.crt
2025-01-02 03:22:24,250 - **** Creating Content Certificate ****
2025-01-02 03:22:24,256 - **** Certificate file (context) creation has been completed successfully ****
2025-01-02 03:22:24,537 - Content Certificate Generation Utility started (Logging to sb_content_cert.log)
2025-01-02 03:22:24,537 - Parsing config file: cert/cfg/ICVSBContent.cfg
2025-01-02 03:22:24,538 - Parsed config items:
cert-keypair:	cert/key/ICVSBContent.pem
cert-keypair-pwd:	cert/key/ICVSBContent.pwd
load-verify-scheme:	0
crypto-type:	0
aes-ce-id:	0
aes-enc-key:	cert/key/KCEICV.txt
images-table:	cert/Images.txt
nvcounter-val:	1
cert-pkg:	cert/ICVSBContent.crt
2025-01-02 03:22:24,538 - **** Creating Content Certificate ****
2025-01-02 03:22:24,543 - **** Certificate file (context) creation has been completed successfully ****
2025-01-02 03:22:24,996 - Content Certificate Generation Utility started (Logging to sb_content_cert.log)
2025-01-02 03:22:24,997 - Parsing config file: cert/cfg/ICVSBContent.cfg
2025-01-02 03:22:24,997 - Parsed config items:
cert-keypair:	cert/key/ICVSBContent.pem
cert-keypair-pwd:	cert/key/ICVSBContent.pwd
load-verify-scheme:	0
crypto-type:	0
aes-ce-id:	0
aes-enc-key:	cert/key/KCEICV.txt
images-table:	cert/Images.txt
nvcounter-val:	1
cert-pkg:	cert/ICVSBContent.crt
2025-01-02 03:22:24,997 - **** Creating Content Certificate ****
2025-01-02 03:22:25,003 - **** Certificate file (context) creation has been completed successfully ****
2025-01-02 03:22:25,288 - Content Certificate Generation Utility started (Logging to sb_content_cert.log)
2025-01-02 03:22:25,288 - Parsing config file: cert/cfg/ICVSBContent.cfg
2025-01-02 03:22:25,288 - Parsed config items:
cert-keypair:	cert/key/ICVSBContent.pem
cert-keypair-pwd:	cert/key/ICVSBContent.pwd
load-verify-scheme:	0
crypto-type:	0
aes-ce-id:	0
aes-enc-key:	cert/key/KCEICV.txt
images-table:	cert/Images.txt
nvcounter-val:	1
cert-pkg:	cert/ICVSBContent.crt
2025-01-02 03:22:25,288 - **** Creating Content Certificate ****
2025-01-02 03:22:25,294 - **** Certificate file (context) creation has been completed successfully ****
2025-01-02 03:22:56,889 - Content Certificate Generation Utility started (Logging to sb_content_cert.log)
2025-01-02 03:22:56,889 - Parsing config file: cert/cfg/ICVSBContent.cfg
2025-01-02 03:22:56,889 - Parsed config items:
cert-keypair:	cert/key/ICVSBContent.pem
cert-keypair-pwd:	cert/key/ICVSBContent.pwd
load-verify-scheme:	0
crypto-type:	0
aes-ce-id:	0
aes-enc-key:	cert/key/KCEICV.txt
images-table:	cert/Images.txt
nvcounter-val:	1
cert-pkg:	cert/ICVSBContent.crt
2025-01-02 03:22:56,889 - **** Creating Content Certificate ****
2025-01-02 03:22:56,895 - **** Certificate file (context) creation has been completed successfully ****
2025-01-02 03:22:57,173 - Content Certificate Generation Utility started (Logging to sb_content_cert.log)
2025-01-02 03:22:57,173 - Parsing config file: cert/cfg/ICVSBContent.cfg
2025-01-02 03:22:57,174 - Parsed config items:
cert-keypair:	cert/key/ICVSBContent.pem
cert-keypair-pwd:	cert/key/ICVSBContent.pwd
load-verify-scheme:	0
crypto-type:	0
aes-ce-id:	0
aes-enc-key:	cert/key/KCEICV.txt
images-table:	cert/Images.txt
nvcounter-val:	1
cert-pkg:	cert/ICVSBContent.crt
2025-01-02 03:22:57,174 - **** Creating Content Certificate ****
2025-01-02 03:22:57,179 - **** Certificate file (context) creation has been completed successfully ****
2025-01-02 03:22:57,633 - Content Certificate Generation Utility started (Logging to sb_content_cert.log)
2025-01-02 03:22:57,634 - Parsing config file: cert/cfg/ICVSBContent.cfg
2025-01-02 03:22:57,634 - Parsed config items:
cert-keypair:	cert/key/ICVSBContent.pem
cert-keypair-pwd:	cert/key/ICVSBContent.pwd
load-verify-scheme:	0
crypto-type:	0
aes-ce-id:	0
aes-enc-key:	cert/key/KCEICV.txt
images-table:	cert/Images.txt
nvcounter-val:	1
cert-pkg:	cert/ICVSBContent.crt
2025-01-02 03:22:57,634 - **** Creating Content Certificate ****
2025-01-02 03:22:57,640 - **** Certificate file (context) creation has been completed successfully ****
2025-01-02 03:22:57,924 - Content Certificate Generation Utility started (Logging to sb_content_cert.log)
2025-01-02 03:22:57,924 - Parsing config file: cert/cfg/ICVSBContent.cfg
2025-01-02 03:22:57,924 - Parsed config items:
cert-keypair:	cert/key/ICVSBContent.pem
cert-keypair-pwd:	cert/key/ICVSBContent.pwd
load-verify-scheme:	0
crypto-type:	0
aes-ce-id:	0
aes-enc-key:	cert/key/KCEICV.txt
images-table:	cert/Images.txt
nvcounter-val:	1
cert-pkg:	cert/ICVSBContent.crt
2025-01-02 03:22:57,925 - **** Creating Content Certificate ****
2025-01-02 03:22:57,930 - **** Certificate file (context) creation has been completed successfully ****
2025-01-02 03:25:54,108 - Content Certificate Generation Utility started (Logging to sb_content_cert.log)
2025-01-02 03:25:54,109 - Parsing config file: cert/cfg/ICVSBContent.cfg
2025-01-02 03:25:54,109 - Parsed config items:
cert-keypair:	cert/key/ICVSBContent.pem
cert-keypair-pwd:	cert/key/ICVSBContent.pwd
load-verify-scheme:	0
crypto-type:	0
aes-ce-id:	0
aes-enc-key:	cert/key/KCEICV.txt
images-table:	cert/Images.txt
nvcounter-val:	1
cert-pkg:	cert/ICVSBContent.crt
2025-01-02 03:25:54,109 - **** Creating Content Certificate ****
2025-01-02 03:25:54,114 - **** Certificate file (context) creation has been completed successfully ****
2025-01-02 03:25:54,395 - Content Certificate Generation Utility started (Logging to sb_content_cert.log)
2025-01-02 03:25:54,395 - Parsing config file: cert/cfg/ICVSBContent.cfg
2025-01-02 03:25:54,396 - Parsed config items:
cert-keypair:	cert/key/ICVSBContent.pem
cert-keypair-pwd:	cert/key/ICVSBContent.pwd
load-verify-scheme:	0
crypto-type:	0
aes-ce-id:	0
aes-enc-key:	cert/key/KCEICV.txt
images-table:	cert/Images.txt
nvcounter-val:	1
cert-pkg:	cert/ICVSBContent.crt
2025-01-02 03:25:54,396 - **** Creating Content Certificate ****
2025-01-02 03:25:54,401 - **** Certificate file (context) creation has been completed successfully ****
2025-01-02 03:25:54,850 - Content Certificate Generation Utility started (Logging to sb_content_cert.log)
2025-01-02 03:25:54,850 - Parsing config file: cert/cfg/ICVSBContent.cfg
2025-01-02 03:25:54,850 - Parsed config items:
cert-keypair:	cert/key/ICVSBContent.pem
cert-keypair-pwd:	cert/key/ICVSBContent.pwd
load-verify-scheme:	0
crypto-type:	0
aes-ce-id:	0
aes-enc-key:	cert/key/KCEICV.txt
images-table:	cert/Images.txt
nvcounter-val:	1
cert-pkg:	cert/ICVSBContent.crt
2025-01-02 03:25:54,851 - **** Creating Content Certificate ****
2025-01-02 03:25:54,857 - **** Certificate file (context) creation has been completed successfully ****
2025-01-02 03:25:55,115 - Content Certificate Generation Utility started (Logging to sb_content_cert.log)
2025-01-02 03:25:55,116 - Parsing config file: cert/cfg/ICVSBContent.cfg
2025-01-02 03:25:55,116 - Parsed config items:
cert-keypair:	cert/key/ICVSBContent.pem
cert-keypair-pwd:	cert/key/ICVSBContent.pwd
load-verify-scheme:	0
crypto-type:	0
aes-ce-id:	0
aes-enc-key:	cert/key/KCEICV.txt
images-table:	cert/Images.txt
nvcounter-val:	1
cert-pkg:	cert/ICVSBContent.crt
2025-01-02 03:25:55,116 - **** Creating Content Certificate ****
2025-01-02 03:25:55,121 - **** Certificate file (context) creation has been completed successfully ****
2025-01-02 03:25:56,791 - Content Certificate Generation Utility started (Logging to sb_content_cert.log)
2025-01-02 03:25:56,791 - Parsing config file: cert/cfg/ICVSBContent.cfg
2025-01-02 03:25:56,792 - Parsed config items:
cert-keypair:	cert/key/ICVSBContent.pem
cert-keypair-pwd:	cert/key/ICVSBContent.pwd
load-verify-scheme:	0
crypto-type:	0
aes-ce-id:	0
aes-enc-key:	cert/key/KCEICV.txt
images-table:	cert/Images.txt
nvcounter-val:	1
cert-pkg:	cert/ICVSBContent.crt
2025-01-02 03:25:56,792 - **** Creating Content Certificate ****
2025-01-02 03:25:56,797 - **** Certificate file (context) creation has been completed successfully ****
2025-01-02 03:25:57,078 - Content Certificate Generation Utility started (Logging to sb_content_cert.log)
2025-01-02 03:25:57,078 - Parsing config file: cert/cfg/ICVSBContent.cfg
2025-01-02 03:25:57,078 - Parsed config items:
cert-keypair:	cert/key/ICVSBContent.pem
cert-keypair-pwd:	cert/key/ICVSBContent.pwd
load-verify-scheme:	0
crypto-type:	0
aes-ce-id:	0
aes-enc-key:	cert/key/KCEICV.txt
images-table:	cert/Images.txt
nvcounter-val:	1
cert-pkg:	cert/ICVSBContent.crt
2025-01-02 03:25:57,079 - **** Creating Content Certificate ****
2025-01-02 03:25:57,084 - **** Certificate file (context) creation has been completed successfully ****
2025-01-02 03:30:22,285 - Content Certificate Generation Utility started (Logging to sb_content_cert.log)
2025-01-02 03:30:22,286 - Parsing config file: cert/cfg/ICVSBContent.cfg
2025-01-02 03:30:22,286 - Parsed config items:
cert-keypair:	cert/key/ICVSBContent.pem
cert-keypair-pwd:	cert/key/ICVSBContent.pwd
load-verify-scheme:	0
crypto-type:	0
aes-ce-id:	0
aes-enc-key:	cert/key/KCEICV.txt
images-table:	cert/Images.txt
nvcounter-val:	1
cert-pkg:	cert/ICVSBContent.crt
2025-01-02 03:30:22,286 - **** Creating Content Certificate ****
2025-01-02 03:30:22,291 - **** Certificate file (context) creation has been completed successfully ****
2025-01-02 03:30:22,573 - Content Certificate Generation Utility started (Logging to sb_content_cert.log)
2025-01-02 03:30:22,573 - Parsing config file: cert/cfg/ICVSBContent.cfg
2025-01-02 03:30:22,573 - Parsed config items:
cert-keypair:	cert/key/ICVSBContent.pem
cert-keypair-pwd:	cert/key/ICVSBContent.pwd
load-verify-scheme:	0
crypto-type:	0
aes-ce-id:	0
aes-enc-key:	cert/key/KCEICV.txt
images-table:	cert/Images.txt
nvcounter-val:	1
cert-pkg:	cert/ICVSBContent.crt
2025-01-02 03:30:22,573 - **** Creating Content Certificate ****
2025-01-02 03:30:22,578 - **** Certificate file (context) creation has been completed successfully ****
2025-01-02 03:30:23,039 - Content Certificate Generation Utility started (Logging to sb_content_cert.log)
2025-01-02 03:30:23,039 - Parsing config file: cert/cfg/ICVSBContent.cfg
2025-01-02 03:30:23,039 - Parsed config items:
cert-keypair:	cert/key/ICVSBContent.pem
cert-keypair-pwd:	cert/key/ICVSBContent.pwd
load-verify-scheme:	0
crypto-type:	0
aes-ce-id:	0
aes-enc-key:	cert/key/KCEICV.txt
images-table:	cert/Images.txt
nvcounter-val:	1
cert-pkg:	cert/ICVSBContent.crt
2025-01-02 03:30:23,039 - **** Creating Content Certificate ****
2025-01-02 03:30:23,046 - **** Certificate file (context) creation has been completed successfully ****
2025-01-02 03:30:23,331 - Content Certificate Generation Utility started (Logging to sb_content_cert.log)
2025-01-02 03:30:23,331 - Parsing config file: cert/cfg/ICVSBContent.cfg
2025-01-02 03:30:23,331 - Parsed config items:
cert-keypair:	cert/key/ICVSBContent.pem
cert-keypair-pwd:	cert/key/ICVSBContent.pwd
load-verify-scheme:	0
crypto-type:	0
aes-ce-id:	0
aes-enc-key:	cert/key/KCEICV.txt
images-table:	cert/Images.txt
nvcounter-val:	1
cert-pkg:	cert/ICVSBContent.crt
2025-01-02 03:30:23,331 - **** Creating Content Certificate ****
2025-01-02 03:30:23,337 - **** Certificate file (context) creation has been completed successfully ****
2025-01-02 03:30:24,956 - Content Certificate Generation Utility started (Logging to sb_content_cert.log)
2025-01-02 03:30:24,956 - Parsing config file: cert/cfg/ICVSBContent.cfg
2025-01-02 03:30:24,956 - Parsed config items:
cert-keypair:	cert/key/ICVSBContent.pem
cert-keypair-pwd:	cert/key/ICVSBContent.pwd
load-verify-scheme:	0
crypto-type:	0
aes-ce-id:	0
aes-enc-key:	cert/key/KCEICV.txt
images-table:	cert/Images.txt
nvcounter-val:	1
cert-pkg:	cert/ICVSBContent.crt
2025-01-02 03:30:24,956 - **** Creating Content Certificate ****
2025-01-02 03:30:24,962 - **** Certificate file (context) creation has been completed successfully ****
2025-01-02 03:30:25,255 - Content Certificate Generation Utility started (Logging to sb_content_cert.log)
2025-01-02 03:30:25,255 - Parsing config file: cert/cfg/ICVSBContent.cfg
2025-01-02 03:30:25,255 - Parsed config items:
cert-keypair:	cert/key/ICVSBContent.pem
cert-keypair-pwd:	cert/key/ICVSBContent.pwd
load-verify-scheme:	0
crypto-type:	0
aes-ce-id:	0
aes-enc-key:	cert/key/KCEICV.txt
images-table:	cert/Images.txt
nvcounter-val:	1
cert-pkg:	cert/ICVSBContent.crt
2025-01-02 03:30:25,255 - **** Creating Content Certificate ****
2025-01-02 03:30:25,260 - **** Certificate file (context) creation has been completed successfully ****
2025-01-02 03:34:23,942 - Content Certificate Generation Utility started (Logging to sb_content_cert.log)
2025-01-02 03:34:23,942 - Parsing config file: cert/cfg/ICVSBContent.cfg
2025-01-02 03:34:23,943 - Parsed config items:
cert-keypair:	cert/key/ICVSBContent.pem
cert-keypair-pwd:	cert/key/ICVSBContent.pwd
load-verify-scheme:	0
crypto-type:	0
aes-ce-id:	0
aes-enc-key:	cert/key/KCEICV.txt
images-table:	cert/Images.txt
nvcounter-val:	1
cert-pkg:	cert/ICVSBContent.crt
2025-01-02 03:34:23,943 - **** Creating Content Certificate ****
2025-01-02 03:34:23,948 - **** Certificate file (context) creation has been completed successfully ****
2025-01-02 03:34:24,232 - Content Certificate Generation Utility started (Logging to sb_content_cert.log)
2025-01-02 03:34:24,232 - Parsing config file: cert/cfg/ICVSBContent.cfg
2025-01-02 03:34:24,232 - Parsed config items:
cert-keypair:	cert/key/ICVSBContent.pem
cert-keypair-pwd:	cert/key/ICVSBContent.pwd
load-verify-scheme:	0
crypto-type:	0
aes-ce-id:	0
aes-enc-key:	cert/key/KCEICV.txt
images-table:	cert/Images.txt
nvcounter-val:	1
cert-pkg:	cert/ICVSBContent.crt
2025-01-02 03:34:24,232 - **** Creating Content Certificate ****
2025-01-02 03:34:24,237 - **** Certificate file (context) creation has been completed successfully ****
2025-01-02 03:34:24,700 - Content Certificate Generation Utility started (Logging to sb_content_cert.log)
2025-01-02 03:34:24,700 - Parsing config file: cert/cfg/ICVSBContent.cfg
2025-01-02 03:34:24,701 - Parsed config items:
cert-keypair:	cert/key/ICVSBContent.pem
cert-keypair-pwd:	cert/key/ICVSBContent.pwd
load-verify-scheme:	0
crypto-type:	0
aes-ce-id:	0
aes-enc-key:	cert/key/KCEICV.txt
images-table:	cert/Images.txt
nvcounter-val:	1
cert-pkg:	cert/ICVSBContent.crt
2025-01-02 03:34:24,701 - **** Creating Content Certificate ****
2025-01-02 03:34:24,707 - **** Certificate file (context) creation has been completed successfully ****
2025-01-02 03:34:24,992 - Content Certificate Generation Utility started (Logging to sb_content_cert.log)
2025-01-02 03:34:24,992 - Parsing config file: cert/cfg/ICVSBContent.cfg
2025-01-02 03:34:24,992 - Parsed config items:
cert-keypair:	cert/key/ICVSBContent.pem
cert-keypair-pwd:	cert/key/ICVSBContent.pwd
load-verify-scheme:	0
crypto-type:	0
aes-ce-id:	0
aes-enc-key:	cert/key/KCEICV.txt
images-table:	cert/Images.txt
nvcounter-val:	1
cert-pkg:	cert/ICVSBContent.crt
2025-01-02 03:34:24,992 - **** Creating Content Certificate ****
2025-01-02 03:34:24,998 - **** Certificate file (context) creation has been completed successfully ****
2025-01-02 03:34:26,625 - Content Certificate Generation Utility started (Logging to sb_content_cert.log)
2025-01-02 03:34:26,625 - Parsing config file: cert/cfg/ICVSBContent.cfg
2025-01-02 03:34:26,625 - Parsed config items:
cert-keypair:	cert/key/ICVSBContent.pem
cert-keypair-pwd:	cert/key/ICVSBContent.pwd
load-verify-scheme:	0
crypto-type:	0
aes-ce-id:	0
aes-enc-key:	cert/key/KCEICV.txt
images-table:	cert/Images.txt
nvcounter-val:	1
cert-pkg:	cert/ICVSBContent.crt
2025-01-02 03:34:26,626 - **** Creating Content Certificate ****
2025-01-02 03:34:26,631 - **** Certificate file (context) creation has been completed successfully ****
2025-01-02 03:34:26,937 - Content Certificate Generation Utility started (Logging to sb_content_cert.log)
2025-01-02 03:34:26,937 - Parsing config file: cert/cfg/ICVSBContent.cfg
2025-01-02 03:34:26,937 - Parsed config items:
cert-keypair:	cert/key/ICVSBContent.pem
cert-keypair-pwd:	cert/key/ICVSBContent.pwd
load-verify-scheme:	0
crypto-type:	0
aes-ce-id:	0
aes-enc-key:	cert/key/KCEICV.txt
images-table:	cert/Images.txt
nvcounter-val:	1
cert-pkg:	cert/ICVSBContent.crt
2025-01-02 03:34:26,938 - **** Creating Content Certificate ****
2025-01-02 03:34:26,943 - **** Certificate file (context) creation has been completed successfully ****
2025-01-02 03:36:25,827 - Content Certificate Generation Utility started (Logging to sb_content_cert.log)
2025-01-02 03:36:25,827 - Parsing config file: cert/cfg/ICVSBContent.cfg
2025-01-02 03:36:25,828 - Parsed config items:
cert-keypair:	cert/key/ICVSBContent.pem
cert-keypair-pwd:	cert/key/ICVSBContent.pwd
load-verify-scheme:	0
crypto-type:	0
aes-ce-id:	0
aes-enc-key:	cert/key/KCEICV.txt
images-table:	cert/Images.txt
nvcounter-val:	1
cert-pkg:	cert/ICVSBContent.crt
2025-01-02 03:36:25,828 - **** Creating Content Certificate ****
2025-01-02 03:36:25,833 - **** Certificate file (context) creation has been completed successfully ****
2025-01-02 03:36:26,095 - Content Certificate Generation Utility started (Logging to sb_content_cert.log)
2025-01-02 03:36:26,095 - Parsing config file: cert/cfg/ICVSBContent.cfg
2025-01-02 03:36:26,095 - Parsed config items:
cert-keypair:	cert/key/ICVSBContent.pem
cert-keypair-pwd:	cert/key/ICVSBContent.pwd
load-verify-scheme:	0
crypto-type:	0
aes-ce-id:	0
aes-enc-key:	cert/key/KCEICV.txt
images-table:	cert/Images.txt
nvcounter-val:	1
cert-pkg:	cert/ICVSBContent.crt
2025-01-02 03:36:26,095 - **** Creating Content Certificate ****
2025-01-02 03:36:26,099 - **** Certificate file (context) creation has been completed successfully ****
2025-01-02 03:36:26,546 - Content Certificate Generation Utility started (Logging to sb_content_cert.log)
2025-01-02 03:36:26,546 - Parsing config file: cert/cfg/ICVSBContent.cfg
2025-01-02 03:36:26,547 - Parsed config items:
cert-keypair:	cert/key/ICVSBContent.pem
cert-keypair-pwd:	cert/key/ICVSBContent.pwd
load-verify-scheme:	0
crypto-type:	0
aes-ce-id:	0
aes-enc-key:	cert/key/KCEICV.txt
images-table:	cert/Images.txt
nvcounter-val:	1
cert-pkg:	cert/ICVSBContent.crt
2025-01-02 03:36:26,547 - **** Creating Content Certificate ****
2025-01-02 03:36:26,553 - **** Certificate file (context) creation has been completed successfully ****
2025-01-02 03:36:26,835 - Content Certificate Generation Utility started (Logging to sb_content_cert.log)
2025-01-02 03:36:26,836 - Parsing config file: cert/cfg/ICVSBContent.cfg
2025-01-02 03:36:26,836 - Parsed config items:
cert-keypair:	cert/key/ICVSBContent.pem
cert-keypair-pwd:	cert/key/ICVSBContent.pwd
load-verify-scheme:	0
crypto-type:	0
aes-ce-id:	0
aes-enc-key:	cert/key/KCEICV.txt
images-table:	cert/Images.txt
nvcounter-val:	1
cert-pkg:	cert/ICVSBContent.crt
2025-01-02 03:36:26,836 - **** Creating Content Certificate ****
2025-01-02 03:36:26,841 - **** Certificate file (context) creation has been completed successfully ****
2025-01-02 03:36:28,469 - Content Certificate Generation Utility started (Logging to sb_content_cert.log)
2025-01-02 03:36:28,470 - Parsing config file: cert/cfg/ICVSBContent.cfg
2025-01-02 03:36:28,470 - Parsed config items:
cert-keypair:	cert/key/ICVSBContent.pem
cert-keypair-pwd:	cert/key/ICVSBContent.pwd
load-verify-scheme:	0
crypto-type:	0
aes-ce-id:	0
aes-enc-key:	cert/key/KCEICV.txt
images-table:	cert/Images.txt
nvcounter-val:	1
cert-pkg:	cert/ICVSBContent.crt
2025-01-02 03:36:28,470 - **** Creating Content Certificate ****
2025-01-02 03:36:28,475 - **** Certificate file (context) creation has been completed successfully ****
2025-01-02 03:36:28,778 - Content Certificate Generation Utility started (Logging to sb_content_cert.log)
2025-01-02 03:36:28,778 - Parsing config file: cert/cfg/ICVSBContent.cfg
2025-01-02 03:36:28,779 - Parsed config items:
cert-keypair:	cert/key/ICVSBContent.pem
cert-keypair-pwd:	cert/key/ICVSBContent.pwd
load-verify-scheme:	0
crypto-type:	0
aes-ce-id:	0
aes-enc-key:	cert/key/KCEICV.txt
images-table:	cert/Images.txt
nvcounter-val:	1
cert-pkg:	cert/ICVSBContent.crt
2025-01-02 03:36:28,779 - **** Creating Content Certificate ****
2025-01-02 03:36:28,784 - **** Certificate file (context) creation has been completed successfully ****
2025-01-02 03:38:17,439 - Content Certificate Generation Utility started (Logging to sb_content_cert.log)
2025-01-02 03:38:17,440 - Parsing config file: cert/cfg/ICVSBContent.cfg
2025-01-02 03:38:17,440 - Parsed config items:
cert-keypair:	cert/key/ICVSBContent.pem
cert-keypair-pwd:	cert/key/ICVSBContent.pwd
load-verify-scheme:	0
crypto-type:	0
aes-ce-id:	0
aes-enc-key:	cert/key/KCEICV.txt
images-table:	cert/Images.txt
nvcounter-val:	1
cert-pkg:	cert/ICVSBContent.crt
2025-01-02 03:38:17,440 - **** Creating Content Certificate ****
2025-01-02 03:38:17,445 - **** Certificate file (context) creation has been completed successfully ****
2025-01-02 03:38:17,730 - Content Certificate Generation Utility started (Logging to sb_content_cert.log)
2025-01-02 03:38:17,730 - Parsing config file: cert/cfg/ICVSBContent.cfg
2025-01-02 03:38:17,730 - Parsed config items:
cert-keypair:	cert/key/ICVSBContent.pem
cert-keypair-pwd:	cert/key/ICVSBContent.pwd
load-verify-scheme:	0
crypto-type:	0
aes-ce-id:	0
aes-enc-key:	cert/key/KCEICV.txt
images-table:	cert/Images.txt
nvcounter-val:	1
cert-pkg:	cert/ICVSBContent.crt
2025-01-02 03:38:17,731 - **** Creating Content Certificate ****
2025-01-02 03:38:17,736 - **** Certificate file (context) creation has been completed successfully ****
2025-01-02 03:38:18,201 - Content Certificate Generation Utility started (Logging to sb_content_cert.log)
2025-01-02 03:38:18,201 - Parsing config file: cert/cfg/ICVSBContent.cfg
2025-01-02 03:38:18,202 - Parsed config items:
cert-keypair:	cert/key/ICVSBContent.pem
cert-keypair-pwd:	cert/key/ICVSBContent.pwd
load-verify-scheme:	0
crypto-type:	0
aes-ce-id:	0
aes-enc-key:	cert/key/KCEICV.txt
images-table:	cert/Images.txt
nvcounter-val:	1
cert-pkg:	cert/ICVSBContent.crt
2025-01-02 03:38:18,202 - **** Creating Content Certificate ****
2025-01-02 03:38:18,208 - **** Certificate file (context) creation has been completed successfully ****
2025-01-02 03:38:18,496 - Content Certificate Generation Utility started (Logging to sb_content_cert.log)
2025-01-02 03:38:18,497 - Parsing config file: cert/cfg/ICVSBContent.cfg
2025-01-02 03:38:18,497 - Parsed config items:
cert-keypair:	cert/key/ICVSBContent.pem
cert-keypair-pwd:	cert/key/ICVSBContent.pwd
load-verify-scheme:	0
crypto-type:	0
aes-ce-id:	0
aes-enc-key:	cert/key/KCEICV.txt
images-table:	cert/Images.txt
nvcounter-val:	1
cert-pkg:	cert/ICVSBContent.crt
2025-01-02 03:38:18,497 - **** Creating Content Certificate ****
2025-01-02 03:38:18,502 - **** Certificate file (context) creation has been completed successfully ****
2025-01-02 03:38:20,125 - Content Certificate Generation Utility started (Logging to sb_content_cert.log)
2025-01-02 03:38:20,125 - Parsing config file: cert/cfg/ICVSBContent.cfg
2025-01-02 03:38:20,125 - Parsed config items:
cert-keypair:	cert/key/ICVSBContent.pem
cert-keypair-pwd:	cert/key/ICVSBContent.pwd
load-verify-scheme:	0
crypto-type:	0
aes-ce-id:	0
aes-enc-key:	cert/key/KCEICV.txt
images-table:	cert/Images.txt
nvcounter-val:	1
cert-pkg:	cert/ICVSBContent.crt
2025-01-02 03:38:20,126 - **** Creating Content Certificate ****
2025-01-02 03:38:20,131 - **** Certificate file (context) creation has been completed successfully ****
2025-01-02 03:38:20,429 - Content Certificate Generation Utility started (Logging to sb_content_cert.log)
2025-01-02 03:38:20,429 - Parsing config file: cert/cfg/ICVSBContent.cfg
2025-01-02 03:38:20,430 - Parsed config items:
cert-keypair:	cert/key/ICVSBContent.pem
cert-keypair-pwd:	cert/key/ICVSBContent.pwd
load-verify-scheme:	0
crypto-type:	0
aes-ce-id:	0
aes-enc-key:	cert/key/KCEICV.txt
images-table:	cert/Images.txt
nvcounter-val:	1
cert-pkg:	cert/ICVSBContent.crt
2025-01-02 03:38:20,430 - **** Creating Content Certificate ****
2025-01-02 03:38:20,435 - **** Certificate file (context) creation has been completed successfully ****
2025-01-02 03:42:11,666 - Content Certificate Generation Utility started (Logging to sb_content_cert.log)
2025-01-02 03:42:11,666 - Parsing config file: cert/cfg/ICVSBContent.cfg
2025-01-02 03:42:11,666 - Parsed config items:
cert-keypair:	cert/key/ICVSBContent.pem
cert-keypair-pwd:	cert/key/ICVSBContent.pwd
load-verify-scheme:	0
crypto-type:	0
aes-ce-id:	0
aes-enc-key:	cert/key/KCEICV.txt
images-table:	cert/Images.txt
nvcounter-val:	1
cert-pkg:	cert/ICVSBContent.crt
2025-01-02 03:42:11,666 - **** Creating Content Certificate ****
2025-01-02 03:42:11,671 - **** Certificate file (context) creation has been completed successfully ****
2025-01-02 03:42:11,935 - Content Certificate Generation Utility started (Logging to sb_content_cert.log)
2025-01-02 03:42:11,935 - Parsing config file: cert/cfg/ICVSBContent.cfg
2025-01-02 03:42:11,935 - Parsed config items:
cert-keypair:	cert/key/ICVSBContent.pem
cert-keypair-pwd:	cert/key/ICVSBContent.pwd
load-verify-scheme:	0
crypto-type:	0
aes-ce-id:	0
aes-enc-key:	cert/key/KCEICV.txt
images-table:	cert/Images.txt
nvcounter-val:	1
cert-pkg:	cert/ICVSBContent.crt
2025-01-02 03:42:11,936 - **** Creating Content Certificate ****
2025-01-02 03:42:11,940 - **** Certificate file (context) creation has been completed successfully ****
2025-01-02 03:42:12,370 - Content Certificate Generation Utility started (Logging to sb_content_cert.log)
2025-01-02 03:42:12,370 - Parsing config file: cert/cfg/ICVSBContent.cfg
2025-01-02 03:42:12,370 - Parsed config items:
cert-keypair:	cert/key/ICVSBContent.pem
cert-keypair-pwd:	cert/key/ICVSBContent.pwd
load-verify-scheme:	0
crypto-type:	0
aes-ce-id:	0
aes-enc-key:	cert/key/KCEICV.txt
images-table:	cert/Images.txt
nvcounter-val:	1
cert-pkg:	cert/ICVSBContent.crt
2025-01-02 03:42:12,371 - **** Creating Content Certificate ****
2025-01-02 03:42:12,376 - **** Certificate file (context) creation has been completed successfully ****
2025-01-02 03:42:12,638 - Content Certificate Generation Utility started (Logging to sb_content_cert.log)
2025-01-02 03:42:12,638 - Parsing config file: cert/cfg/ICVSBContent.cfg
2025-01-02 03:42:12,638 - Parsed config items:
cert-keypair:	cert/key/ICVSBContent.pem
cert-keypair-pwd:	cert/key/ICVSBContent.pwd
load-verify-scheme:	0
crypto-type:	0
aes-ce-id:	0
aes-enc-key:	cert/key/KCEICV.txt
images-table:	cert/Images.txt
nvcounter-val:	1
cert-pkg:	cert/ICVSBContent.crt
2025-01-02 03:42:12,638 - **** Creating Content Certificate ****
2025-01-02 03:42:12,643 - **** Certificate file (context) creation has been completed successfully ****
2025-01-02 03:43:13,124 - Content Certificate Generation Utility started (Logging to sb_content_cert.log)
2025-01-02 03:43:13,124 - Parsing config file: cert/cfg/ICVSBContent.cfg
2025-01-02 03:43:13,124 - Parsed config items:
cert-keypair:	cert/key/ICVSBContent.pem
cert-keypair-pwd:	cert/key/ICVSBContent.pwd
load-verify-scheme:	0
crypto-type:	0
aes-ce-id:	0
aes-enc-key:	cert/key/KCEICV.txt
images-table:	cert/Images.txt
nvcounter-val:	1
cert-pkg:	cert/ICVSBContent.crt
2025-01-02 03:43:13,124 - **** Creating Content Certificate ****
2025-01-02 03:43:13,129 - **** Certificate file (context) creation has been completed successfully ****
2025-01-02 03:43:13,395 - Content Certificate Generation Utility started (Logging to sb_content_cert.log)
2025-01-02 03:43:13,395 - Parsing config file: cert/cfg/ICVSBContent.cfg
2025-01-02 03:43:13,395 - Parsed config items:
cert-keypair:	cert/key/ICVSBContent.pem
cert-keypair-pwd:	cert/key/ICVSBContent.pwd
load-verify-scheme:	0
crypto-type:	0
aes-ce-id:	0
aes-enc-key:	cert/key/KCEICV.txt
images-table:	cert/Images.txt
nvcounter-val:	1
cert-pkg:	cert/ICVSBContent.crt
2025-01-02 03:43:13,396 - **** Creating Content Certificate ****
2025-01-02 03:43:13,401 - **** Certificate file (context) creation has been completed successfully ****
2025-01-02 03:43:13,835 - Content Certificate Generation Utility started (Logging to sb_content_cert.log)
2025-01-02 03:43:13,835 - Parsing config file: cert/cfg/ICVSBContent.cfg
2025-01-02 03:43:13,835 - Parsed config items:
cert-keypair:	cert/key/ICVSBContent.pem
cert-keypair-pwd:	cert/key/ICVSBContent.pwd
load-verify-scheme:	0
crypto-type:	0
aes-ce-id:	0
aes-enc-key:	cert/key/KCEICV.txt
images-table:	cert/Images.txt
nvcounter-val:	1
cert-pkg:	cert/ICVSBContent.crt
2025-01-02 03:43:13,836 - **** Creating Content Certificate ****
2025-01-02 03:43:13,841 - **** Certificate file (context) creation has been completed successfully ****
2025-01-02 03:43:14,107 - Content Certificate Generation Utility started (Logging to sb_content_cert.log)
2025-01-02 03:43:14,108 - Parsing config file: cert/cfg/ICVSBContent.cfg
2025-01-02 03:43:14,108 - Parsed config items:
cert-keypair:	cert/key/ICVSBContent.pem
cert-keypair-pwd:	cert/key/ICVSBContent.pwd
load-verify-scheme:	0
crypto-type:	0
aes-ce-id:	0
aes-enc-key:	cert/key/KCEICV.txt
images-table:	cert/Images.txt
nvcounter-val:	1
cert-pkg:	cert/ICVSBContent.crt
2025-01-02 03:43:14,108 - **** Creating Content Certificate ****
2025-01-02 03:43:14,113 - **** Certificate file (context) creation has been completed successfully ****
2025-01-02 03:43:32,830 - Content Certificate Generation Utility started (Logging to sb_content_cert.log)
2025-01-02 03:43:32,830 - Parsing config file: cert/cfg/ICVSBContent.cfg
2025-01-02 03:43:32,830 - Parsed config items:
cert-keypair:	cert/key/ICVSBContent.pem
cert-keypair-pwd:	cert/key/ICVSBContent.pwd
load-verify-scheme:	0
crypto-type:	0
aes-ce-id:	0
aes-enc-key:	cert/key/KCEICV.txt
images-table:	cert/Images.txt
nvcounter-val:	1
cert-pkg:	cert/ICVSBContent.crt
2025-01-02 03:43:32,830 - **** Creating Content Certificate ****
2025-01-02 03:43:32,835 - **** Certificate file (context) creation has been completed successfully ****
2025-01-02 03:43:33,099 - Content Certificate Generation Utility started (Logging to sb_content_cert.log)
2025-01-02 03:43:33,099 - Parsing config file: cert/cfg/ICVSBContent.cfg
2025-01-02 03:43:33,099 - Parsed config items:
cert-keypair:	cert/key/ICVSBContent.pem
cert-keypair-pwd:	cert/key/ICVSBContent.pwd
load-verify-scheme:	0
crypto-type:	0
aes-ce-id:	0
aes-enc-key:	cert/key/KCEICV.txt
images-table:	cert/Images.txt
nvcounter-val:	1
cert-pkg:	cert/ICVSBContent.crt
2025-01-02 03:43:33,100 - **** Creating Content Certificate ****
2025-01-02 03:43:33,104 - **** Certificate file (context) creation has been completed successfully ****
2025-01-02 03:43:33,538 - Content Certificate Generation Utility started (Logging to sb_content_cert.log)
2025-01-02 03:43:33,539 - Parsing config file: cert/cfg/ICVSBContent.cfg
2025-01-02 03:43:33,539 - Parsed config items:
cert-keypair:	cert/key/ICVSBContent.pem
cert-keypair-pwd:	cert/key/ICVSBContent.pwd
load-verify-scheme:	0
crypto-type:	0
aes-ce-id:	0
aes-enc-key:	cert/key/KCEICV.txt
images-table:	cert/Images.txt
nvcounter-val:	1
cert-pkg:	cert/ICVSBContent.crt
2025-01-02 03:43:33,539 - **** Creating Content Certificate ****
2025-01-02 03:43:33,545 - **** Certificate file (context) creation has been completed successfully ****
2025-01-02 03:43:33,810 - Content Certificate Generation Utility started (Logging to sb_content_cert.log)
2025-01-02 03:43:33,810 - Parsing config file: cert/cfg/ICVSBContent.cfg
2025-01-02 03:43:33,810 - Parsed config items:
cert-keypair:	cert/key/ICVSBContent.pem
cert-keypair-pwd:	cert/key/ICVSBContent.pwd
load-verify-scheme:	0
crypto-type:	0
aes-ce-id:	0
aes-enc-key:	cert/key/KCEICV.txt
images-table:	cert/Images.txt
nvcounter-val:	1
cert-pkg:	cert/ICVSBContent.crt
2025-01-02 03:43:33,811 - **** Creating Content Certificate ****
2025-01-02 03:43:33,815 - **** Certificate file (context) creation has been completed successfully ****
2025-01-02 03:45:19,672 - Content Certificate Generation Utility started (Logging to sb_content_cert.log)
2025-01-02 03:45:19,672 - Parsing config file: cert/cfg/ICVSBContent.cfg
2025-01-02 03:45:19,673 - Parsed config items:
cert-keypair:	cert/key/ICVSBContent.pem
cert-keypair-pwd:	cert/key/ICVSBContent.pwd
load-verify-scheme:	0
crypto-type:	0
aes-ce-id:	0
aes-enc-key:	cert/key/KCEICV.txt
images-table:	cert/Images.txt
nvcounter-val:	1
cert-pkg:	cert/ICVSBContent.crt
2025-01-02 03:45:19,673 - **** Creating Content Certificate ****
2025-01-02 03:45:19,678 - **** Certificate file (context) creation has been completed successfully ****
2025-01-02 03:45:19,967 - Content Certificate Generation Utility started (Logging to sb_content_cert.log)
2025-01-02 03:45:19,967 - Parsing config file: cert/cfg/ICVSBContent.cfg
2025-01-02 03:45:19,968 - Parsed config items:
cert-keypair:	cert/key/ICVSBContent.pem
cert-keypair-pwd:	cert/key/ICVSBContent.pwd
load-verify-scheme:	0
crypto-type:	0
aes-ce-id:	0
aes-enc-key:	cert/key/KCEICV.txt
images-table:	cert/Images.txt
nvcounter-val:	1
cert-pkg:	cert/ICVSBContent.crt
2025-01-02 03:45:19,968 - **** Creating Content Certificate ****
2025-01-02 03:45:19,973 - **** Certificate file (context) creation has been completed successfully ****
2025-01-02 03:45:20,435 - Content Certificate Generation Utility started (Logging to sb_content_cert.log)
2025-01-02 03:45:20,435 - Parsing config file: cert/cfg/ICVSBContent.cfg
2025-01-02 03:45:20,436 - Parsed config items:
cert-keypair:	cert/key/ICVSBContent.pem
cert-keypair-pwd:	cert/key/ICVSBContent.pwd
load-verify-scheme:	0
crypto-type:	0
aes-ce-id:	0
aes-enc-key:	cert/key/KCEICV.txt
images-table:	cert/Images.txt
nvcounter-val:	1
cert-pkg:	cert/ICVSBContent.crt
2025-01-02 03:45:20,436 - **** Creating Content Certificate ****
2025-01-02 03:45:20,442 - **** Certificate file (context) creation has been completed successfully ****
2025-01-02 03:45:20,726 - Content Certificate Generation Utility started (Logging to sb_content_cert.log)
2025-01-02 03:45:20,726 - Parsing config file: cert/cfg/ICVSBContent.cfg
2025-01-02 03:45:20,727 - Parsed config items:
cert-keypair:	cert/key/ICVSBContent.pem
cert-keypair-pwd:	cert/key/ICVSBContent.pwd
load-verify-scheme:	0
crypto-type:	0
aes-ce-id:	0
aes-enc-key:	cert/key/KCEICV.txt
images-table:	cert/Images.txt
nvcounter-val:	1
cert-pkg:	cert/ICVSBContent.crt
2025-01-02 03:45:20,727 - **** Creating Content Certificate ****
2025-01-02 03:45:20,732 - **** Certificate file (context) creation has been completed successfully ****
2025-01-02 03:45:50,989 - Content Certificate Generation Utility started (Logging to sb_content_cert.log)
2025-01-02 03:45:50,989 - Parsing config file: cert/cfg/ICVSBContent.cfg
2025-01-02 03:45:50,989 - Parsed config items:
cert-keypair:	cert/key/ICVSBContent.pem
cert-keypair-pwd:	cert/key/ICVSBContent.pwd
load-verify-scheme:	0
crypto-type:	0
aes-ce-id:	0
aes-enc-key:	cert/key/KCEICV.txt
images-table:	cert/Images.txt
nvcounter-val:	1
cert-pkg:	cert/ICVSBContent.crt
2025-01-02 03:45:50,990 - **** Creating Content Certificate ****
2025-01-02 03:45:50,995 - **** Certificate file (context) creation has been completed successfully ****
2025-01-02 03:45:51,283 - Content Certificate Generation Utility started (Logging to sb_content_cert.log)
2025-01-02 03:45:51,283 - Parsing config file: cert/cfg/ICVSBContent.cfg
2025-01-02 03:45:51,283 - Parsed config items:
cert-keypair:	cert/key/ICVSBContent.pem
cert-keypair-pwd:	cert/key/ICVSBContent.pwd
load-verify-scheme:	0
crypto-type:	0
aes-ce-id:	0
aes-enc-key:	cert/key/KCEICV.txt
images-table:	cert/Images.txt
nvcounter-val:	1
cert-pkg:	cert/ICVSBContent.crt
2025-01-02 03:45:51,283 - **** Creating Content Certificate ****
2025-01-02 03:45:51,289 - **** Certificate file (context) creation has been completed successfully ****
2025-01-02 03:45:51,755 - Content Certificate Generation Utility started (Logging to sb_content_cert.log)
2025-01-02 03:45:51,755 - Parsing config file: cert/cfg/ICVSBContent.cfg
2025-01-02 03:45:51,755 - Parsed config items:
cert-keypair:	cert/key/ICVSBContent.pem
cert-keypair-pwd:	cert/key/ICVSBContent.pwd
load-verify-scheme:	0
crypto-type:	0
aes-ce-id:	0
aes-enc-key:	cert/key/KCEICV.txt
images-table:	cert/Images.txt
nvcounter-val:	1
cert-pkg:	cert/ICVSBContent.crt
2025-01-02 03:45:51,756 - **** Creating Content Certificate ****
2025-01-02 03:45:51,762 - **** Certificate file (context) creation has been completed successfully ****
2025-01-02 03:45:52,048 - Content Certificate Generation Utility started (Logging to sb_content_cert.log)
2025-01-02 03:45:52,048 - Parsing config file: cert/cfg/ICVSBContent.cfg
2025-01-02 03:45:52,049 - Parsed config items:
cert-keypair:	cert/key/ICVSBContent.pem
cert-keypair-pwd:	cert/key/ICVSBContent.pwd
load-verify-scheme:	0
crypto-type:	0
aes-ce-id:	0
aes-enc-key:	cert/key/KCEICV.txt
images-table:	cert/Images.txt
nvcounter-val:	1
cert-pkg:	cert/ICVSBContent.crt
2025-01-02 03:45:52,049 - **** Creating Content Certificate ****
2025-01-02 03:45:52,054 - **** Certificate file (context) creation has been completed successfully ****
2025-01-02 03:47:33,289 - Content Certificate Generation Utility started (Logging to sb_content_cert.log)
2025-01-02 03:47:33,289 - Parsing config file: cert/cfg/ICVSBContent.cfg
2025-01-02 03:47:33,289 - Parsed config items:
cert-keypair:	cert/key/ICVSBContent.pem
cert-keypair-pwd:	cert/key/ICVSBContent.pwd
load-verify-scheme:	0
crypto-type:	0
aes-ce-id:	0
aes-enc-key:	cert/key/KCEICV.txt
images-table:	cert/Images.txt
nvcounter-val:	1
cert-pkg:	cert/ICVSBContent.crt
2025-01-02 03:47:33,289 - **** Creating Content Certificate ****
2025-01-02 03:47:33,295 - **** Certificate file (context) creation has been completed successfully ****
2025-01-02 03:47:33,577 - Content Certificate Generation Utility started (Logging to sb_content_cert.log)
2025-01-02 03:47:33,577 - Parsing config file: cert/cfg/ICVSBContent.cfg
2025-01-02 03:47:33,577 - Parsed config items:
cert-keypair:	cert/key/ICVSBContent.pem
cert-keypair-pwd:	cert/key/ICVSBContent.pwd
load-verify-scheme:	0
crypto-type:	0
aes-ce-id:	0
aes-enc-key:	cert/key/KCEICV.txt
images-table:	cert/Images.txt
nvcounter-val:	1
cert-pkg:	cert/ICVSBContent.crt
2025-01-02 03:47:33,578 - **** Creating Content Certificate ****
2025-01-02 03:47:33,583 - **** Certificate file (context) creation has been completed successfully ****
2025-01-02 03:47:34,046 - Content Certificate Generation Utility started (Logging to sb_content_cert.log)
2025-01-02 03:47:34,046 - Parsing config file: cert/cfg/ICVSBContent.cfg
2025-01-02 03:47:34,046 - Parsed config items:
cert-keypair:	cert/key/ICVSBContent.pem
cert-keypair-pwd:	cert/key/ICVSBContent.pwd
load-verify-scheme:	0
crypto-type:	0
aes-ce-id:	0
aes-enc-key:	cert/key/KCEICV.txt
images-table:	cert/Images.txt
nvcounter-val:	1
cert-pkg:	cert/ICVSBContent.crt
2025-01-02 03:47:34,047 - **** Creating Content Certificate ****
2025-01-02 03:47:34,053 - **** Certificate file (context) creation has been completed successfully ****
2025-01-02 03:47:34,338 - Content Certificate Generation Utility started (Logging to sb_content_cert.log)
2025-01-02 03:47:34,338 - Parsing config file: cert/cfg/ICVSBContent.cfg
2025-01-02 03:47:34,339 - Parsed config items:
cert-keypair:	cert/key/ICVSBContent.pem
cert-keypair-pwd:	cert/key/ICVSBContent.pwd
load-verify-scheme:	0
crypto-type:	0
aes-ce-id:	0
aes-enc-key:	cert/key/KCEICV.txt
images-table:	cert/Images.txt
nvcounter-val:	1
cert-pkg:	cert/ICVSBContent.crt
2025-01-02 03:47:34,339 - **** Creating Content Certificate ****
2025-01-02 03:47:34,344 - **** Certificate file (context) creation has been completed successfully ****
2025-01-02 03:47:36,008 - Content Certificate Generation Utility started (Logging to sb_content_cert.log)
2025-01-02 03:47:36,008 - Parsing config file: cert/cfg/ICVSBContent.cfg
2025-01-02 03:47:36,008 - Parsed config items:
cert-keypair:	cert/key/ICVSBContent.pem
cert-keypair-pwd:	cert/key/ICVSBContent.pwd
load-verify-scheme:	0
crypto-type:	0
aes-ce-id:	0
aes-enc-key:	cert/key/KCEICV.txt
images-table:	cert/Images.txt
nvcounter-val:	1
cert-pkg:	cert/ICVSBContent.crt
2025-01-02 03:47:36,009 - **** Creating Content Certificate ****
2025-01-02 03:47:36,014 - **** Certificate file (context) creation has been completed successfully ****
2025-01-02 03:47:36,314 - Content Certificate Generation Utility started (Logging to sb_content_cert.log)
2025-01-02 03:47:36,314 - Parsing config file: cert/cfg/ICVSBContent.cfg
2025-01-02 03:47:36,314 - Parsed config items:
cert-keypair:	cert/key/ICVSBContent.pem
cert-keypair-pwd:	cert/key/ICVSBContent.pwd
load-verify-scheme:	0
crypto-type:	0
aes-ce-id:	0
aes-enc-key:	cert/key/KCEICV.txt
images-table:	cert/Images.txt
nvcounter-val:	1
cert-pkg:	cert/ICVSBContent.crt
2025-01-02 03:47:36,315 - **** Creating Content Certificate ****
2025-01-02 03:47:36,320 - **** Certificate file (context) creation has been completed successfully ****
2025-01-02 06:09:58,863 - Content Certificate Generation Utility started (Logging to sb_content_cert.log)
2025-01-02 06:09:58,863 - Parsing config file: cert/cfg/ICVSBContent.cfg
2025-01-02 06:09:58,863 - Parsed config items:
cert-keypair:	cert/key/ICVSBContent.pem
cert-keypair-pwd:	cert/key/ICVSBContent.pwd
load-verify-scheme:	0
crypto-type:	0
aes-ce-id:	0
aes-enc-key:	cert/key/KCEICV.txt
images-table:	cert/Images.txt
nvcounter-val:	1
cert-pkg:	cert/ICVSBContent.crt
2025-01-02 06:09:58,864 - **** Creating Content Certificate ****
2025-01-02 06:09:58,869 - **** Certificate file (context) creation has been completed successfully ****
2025-01-02 06:09:59,153 - Content Certificate Generation Utility started (Logging to sb_content_cert.log)
2025-01-02 06:09:59,153 - Parsing config file: cert/cfg/ICVSBContent.cfg
2025-01-02 06:09:59,154 - Parsed config items:
cert-keypair:	cert/key/ICVSBContent.pem
cert-keypair-pwd:	cert/key/ICVSBContent.pwd
load-verify-scheme:	0
crypto-type:	0
aes-ce-id:	0
aes-enc-key:	cert/key/KCEICV.txt
images-table:	cert/Images.txt
nvcounter-val:	1
cert-pkg:	cert/ICVSBContent.crt
2025-01-02 06:09:59,154 - **** Creating Content Certificate ****
2025-01-02 06:09:59,159 - **** Certificate file (context) creation has been completed successfully ****
2025-01-02 06:09:59,615 - Content Certificate Generation Utility started (Logging to sb_content_cert.log)
2025-01-02 06:09:59,615 - Parsing config file: cert/cfg/ICVSBContent.cfg
2025-01-02 06:09:59,615 - Parsed config items:
cert-keypair:	cert/key/ICVSBContent.pem
cert-keypair-pwd:	cert/key/ICVSBContent.pwd
load-verify-scheme:	0
crypto-type:	0
aes-ce-id:	0
aes-enc-key:	cert/key/KCEICV.txt
images-table:	cert/Images.txt
nvcounter-val:	1
cert-pkg:	cert/ICVSBContent.crt
2025-01-02 06:09:59,615 - **** Creating Content Certificate ****
2025-01-02 06:09:59,622 - **** Certificate file (context) creation has been completed successfully ****
2025-01-02 06:09:59,907 - Content Certificate Generation Utility started (Logging to sb_content_cert.log)
2025-01-02 06:09:59,907 - Parsing config file: cert/cfg/ICVSBContent.cfg
2025-01-02 06:09:59,908 - Parsed config items:
cert-keypair:	cert/key/ICVSBContent.pem
cert-keypair-pwd:	cert/key/ICVSBContent.pwd
load-verify-scheme:	0
crypto-type:	0
aes-ce-id:	0
aes-enc-key:	cert/key/KCEICV.txt
images-table:	cert/Images.txt
nvcounter-val:	1
cert-pkg:	cert/ICVSBContent.crt
2025-01-02 06:09:59,908 - **** Creating Content Certificate ****
2025-01-02 06:09:59,913 - **** Certificate file (context) creation has been completed successfully ****
2025-01-02 06:10:01,563 - Content Certificate Generation Utility started (Logging to sb_content_cert.log)
2025-01-02 06:10:01,564 - Parsing config file: cert/cfg/ICVSBContent.cfg
2025-01-02 06:10:01,564 - Parsed config items:
cert-keypair:	cert/key/ICVSBContent.pem
cert-keypair-pwd:	cert/key/ICVSBContent.pwd
load-verify-scheme:	0
crypto-type:	0
aes-ce-id:	0
aes-enc-key:	cert/key/KCEICV.txt
images-table:	cert/Images.txt
nvcounter-val:	1
cert-pkg:	cert/ICVSBContent.crt
2025-01-02 06:10:01,564 - **** Creating Content Certificate ****
2025-01-02 06:10:01,569 - **** Certificate file (context) creation has been completed successfully ****
2025-01-02 06:10:01,869 - Content Certificate Generation Utility started (Logging to sb_content_cert.log)
2025-01-02 06:10:01,869 - Parsing config file: cert/cfg/ICVSBContent.cfg
2025-01-02 06:10:01,870 - Parsed config items:
cert-keypair:	cert/key/ICVSBContent.pem
cert-keypair-pwd:	cert/key/ICVSBContent.pwd
load-verify-scheme:	0
crypto-type:	0
aes-ce-id:	0
aes-enc-key:	cert/key/KCEICV.txt
images-table:	cert/Images.txt
nvcounter-val:	1
cert-pkg:	cert/ICVSBContent.crt
2025-01-02 06:10:01,870 - **** Creating Content Certificate ****
2025-01-02 06:10:01,875 - **** Certificate file (context) creation has been completed successfully ****
2025-01-02 06:12:56,887 - Content Certificate Generation Utility started (Logging to sb_content_cert.log)
2025-01-02 06:12:56,887 - Parsing config file: cert/cfg/ICVSBContent.cfg
2025-01-02 06:12:56,887 - Parsed config items:
cert-keypair:	cert/key/ICVSBContent.pem
cert-keypair-pwd:	cert/key/ICVSBContent.pwd
load-verify-scheme:	0
crypto-type:	0
aes-ce-id:	0
aes-enc-key:	cert/key/KCEICV.txt
images-table:	cert/Images.txt
nvcounter-val:	1
cert-pkg:	cert/ICVSBContent.crt
2025-01-02 06:12:56,887 - **** Creating Content Certificate ****
2025-01-02 06:12:56,893 - **** Certificate file (context) creation has been completed successfully ****
2025-01-02 06:12:57,178 - Content Certificate Generation Utility started (Logging to sb_content_cert.log)
2025-01-02 06:12:57,178 - Parsing config file: cert/cfg/ICVSBContent.cfg
2025-01-02 06:12:57,178 - Parsed config items:
cert-keypair:	cert/key/ICVSBContent.pem
cert-keypair-pwd:	cert/key/ICVSBContent.pwd
load-verify-scheme:	0
crypto-type:	0
aes-ce-id:	0
aes-enc-key:	cert/key/KCEICV.txt
images-table:	cert/Images.txt
nvcounter-val:	1
cert-pkg:	cert/ICVSBContent.crt
2025-01-02 06:12:57,179 - **** Creating Content Certificate ****
2025-01-02 06:12:57,184 - **** Certificate file (context) creation has been completed successfully ****
2025-01-02 06:12:57,638 - Content Certificate Generation Utility started (Logging to sb_content_cert.log)
2025-01-02 06:12:57,639 - Parsing config file: cert/cfg/ICVSBContent.cfg
2025-01-02 06:12:57,639 - Parsed config items:
cert-keypair:	cert/key/ICVSBContent.pem
cert-keypair-pwd:	cert/key/ICVSBContent.pwd
load-verify-scheme:	0
crypto-type:	0
aes-ce-id:	0
aes-enc-key:	cert/key/KCEICV.txt
images-table:	cert/Images.txt
nvcounter-val:	1
cert-pkg:	cert/ICVSBContent.crt
2025-01-02 06:12:57,639 - **** Creating Content Certificate ****
2025-01-02 06:12:57,645 - **** Certificate file (context) creation has been completed successfully ****
2025-01-02 06:12:57,928 - Content Certificate Generation Utility started (Logging to sb_content_cert.log)
2025-01-02 06:12:57,928 - Parsing config file: cert/cfg/ICVSBContent.cfg
2025-01-02 06:12:57,928 - Parsed config items:
cert-keypair:	cert/key/ICVSBContent.pem
cert-keypair-pwd:	cert/key/ICVSBContent.pwd
load-verify-scheme:	0
crypto-type:	0
aes-ce-id:	0
aes-enc-key:	cert/key/KCEICV.txt
images-table:	cert/Images.txt
nvcounter-val:	1
cert-pkg:	cert/ICVSBContent.crt
2025-01-02 06:12:57,929 - **** Creating Content Certificate ****
2025-01-02 06:12:57,934 - **** Certificate file (context) creation has been completed successfully ****
2025-01-02 06:12:59,583 - Content Certificate Generation Utility started (Logging to sb_content_cert.log)
2025-01-02 06:12:59,583 - Parsing config file: cert/cfg/ICVSBContent.cfg
2025-01-02 06:12:59,583 - Parsed config items:
cert-keypair:	cert/key/ICVSBContent.pem
cert-keypair-pwd:	cert/key/ICVSBContent.pwd
load-verify-scheme:	0
crypto-type:	0
aes-ce-id:	0
aes-enc-key:	cert/key/KCEICV.txt
images-table:	cert/Images.txt
nvcounter-val:	1
cert-pkg:	cert/ICVSBContent.crt
2025-01-02 06:12:59,584 - **** Creating Content Certificate ****
2025-01-02 06:12:59,589 - **** Certificate file (context) creation has been completed successfully ****
2025-01-02 06:12:59,888 - Content Certificate Generation Utility started (Logging to sb_content_cert.log)
2025-01-02 06:12:59,889 - Parsing config file: cert/cfg/ICVSBContent.cfg
2025-01-02 06:12:59,889 - Parsed config items:
cert-keypair:	cert/key/ICVSBContent.pem
cert-keypair-pwd:	cert/key/ICVSBContent.pwd
load-verify-scheme:	0
crypto-type:	0
aes-ce-id:	0
aes-enc-key:	cert/key/KCEICV.txt
images-table:	cert/Images.txt
nvcounter-val:	1
cert-pkg:	cert/ICVSBContent.crt
2025-01-02 06:12:59,889 - **** Creating Content Certificate ****
2025-01-02 06:12:59,894 - **** Certificate file (context) creation has been completed successfully ****
2026-01-25 15:55:19,571 - Content Certificate Generation Utility started (Logging to sb_content_cert.log)
2026-01-25 15:55:19,571 - Parsing config file: cert/cfg/ICVSBContent.cfg
2026-01-25 15:55:19,571 - Parsed config items:
cert-keypair:	cert/key/ICVSBContent.pem
cert-keypair-pwd:	cert/key/ICVSBContent.pwd
load-verify-scheme:	0
crypto-type:	0
aes-ce-id:	0
aes-enc-key:	cert/key/KCEICV.txt
images-table:	cert/Images.txt
nvcounter-val:	1
cert-pkg:	cert/ICVSBContent.crt
2026-01-25 15:55:19,571 - **** Creating Content Certificate ****
2026-01-25 15:55:19,586 - **** Certificate file (context) creation has been completed successfully ****
2026-01-25 15:55:22,592 - Content Certificate Generation Utility started (Logging to sb_content_cert.log)
2026-01-25 15:55:22,592 - Parsing config file: cert/cfg/ICVSBContent.cfg
2026-01-25 15:55:22,593 - Parsed config items:
cert-keypair:	cert/key/ICVSBContent.pem
cert-keypair-pwd:	cert/key/ICVSBContent.pwd
load-verify-scheme:	0
crypto-type:	0
aes-ce-id:	0
aes-enc-key:	cert/key/KCEICV.txt
images-table:	cert/Images.txt
nvcounter-val:	1
cert-pkg:	cert/ICVSBContent.crt
2026-01-25 15:55:22,593 - **** Creating Content Certificate ****
2026-01-25 15:55:22,609 - **** Certificate file (context) creation has been completed successfully ****
2026-01-25 15:55:27,425 - Content Certificate Generation Utility started (Logging to sb_content_cert.log)
2026-01-25 15:55:27,425 - Parsing config file: cert/cfg/ICVSBContent.cfg
2026-01-25 15:55:27,425 - Parsed config items:
cert-keypair:	cert/key/ICVSBContent.pem
cert-keypair-pwd:	cert/key/ICVSBContent.pwd
load-verify-scheme:	0
crypto-type:	0
aes-ce-id:	0
aes-enc-key:	cert/key/KCEICV.txt
images-table:	cert/Images.txt
nvcounter-val:	1
cert-pkg:	cert/ICVSBContent.crt
2026-01-25 15:55:27,425 - **** Creating Content Certificate ****
2026-01-25 15:55:27,444 - **** Certificate file (context) creation has been completed successfully ****
2026-01-25 15:55:30,559 - Content Certificate Generation Utility started (Logging to sb_content_cert.log)
2026-01-25 15:55:30,559 - Parsing config file: cert/cfg/ICVSBContent.cfg
2026-01-25 15:55:30,559 - Parsed config items:
cert-keypair:	cert/key/ICVSBContent.pem
cert-keypair-pwd:	cert/key/ICVSBContent.pwd
load-verify-scheme:	0
crypto-type:	0
aes-ce-id:	0
aes-enc-key:	cert/key/KCEICV.txt
images-table:	cert/Images.txt
nvcounter-val:	1
cert-pkg:	cert/ICVSBContent.crt
2026-01-25 15:55:30,559 - **** Creating Content Certificate ****
2026-01-25 15:55:30,575 - **** Certificate file (context) creation has been completed successfully ****
2026-01-25 15:55:34,038 - Content Certificate Generation Utility started (Logging to sb_content_cert.log)
2026-01-25 15:55:34,039 - Parsing config file: cert/cfg/ICVSBContent.cfg
2026-01-25 15:55:34,039 - Parsed config items:
cert-keypair:	cert/key/ICVSBContent.pem
cert-keypair-pwd:	cert/key/ICVSBContent.pwd
load-verify-scheme:	0
crypto-type:	0
aes-ce-id:	0
aes-enc-key:	cert/key/KCEICV.txt
images-table:	cert/Images.txt
nvcounter-val:	1
cert-pkg:	cert/ICVSBContent.crt
2026-01-25 15:55:34,039 - **** Creating Content Certificate ****
2026-01-25 15:55:34,056 - **** Certificate file (context) creation has been completed successfully ****
2026-01-25 15:55:37,088 - Content Certificate Generation Utility started (Logging to sb_content_cert.log)
2026-01-25 15:55:37,089 - Parsing config file: cert/cfg/ICVSBContent.cfg
2026-01-25 15:55:37,089 - Parsed config items:
cert-keypair:	cert/key/ICVSBContent.pem
cert-keypair-pwd:	cert/key/ICVSBContent.pwd
load-verify-scheme:	0
crypto-type:	0
aes-ce-id:	0
aes-enc-key:	cert/key/KCEICV.txt
images-table:	cert/Images.txt
nvcounter-val:	1
cert-pkg:	cert/ICVSBContent.crt
2026-01-25 15:55:37,089 - **** Creating Content Certificate ****
2026-01-25 15:55:37,107 - **** Certificate file (context) creation has been completed successfully ****
2026-01-26 11:03:38,135 - Content Certificate Generation Utility started (Logging to sb_content_cert.log)
2026-01-26 11:03:38,136 - Parsing config file: cert/cfg/ICVSBContent.cfg
2026-01-26 11:03:38,136 - Parsed config items:
cert-keypair:	cert/key/ICVSBContent.pem
cert-keypair-pwd:	cert/key/ICVSBContent.pwd
load-verify-scheme:	0
crypto-type:	0
aes-ce-id:	0
aes-enc-key:	cert/key/KCEICV.txt
images-table:	cert/Images.txt
nvcounter-val:	1
cert-pkg:	cert/ICVSBContent.crt
2026-01-26 11:03:38,136 - **** Creating Content Certificate ****
2026-01-26 11:03:38,150 - **** Certificate file (context) creation has been completed successfully ****
2026-01-26 11:03:41,891 - Content Certificate Generation Utility started (Logging to sb_content_cert.log)
2026-01-26 11:03:41,891 - Parsing config file: cert/cfg/ICVSBContent.cfg
2026-01-26 11:03:41,891 - Parsed config items:
cert-keypair:	cert/key/ICVSBContent.pem
cert-keypair-pwd:	cert/key/ICVSBContent.pwd
load-verify-scheme:	0
crypto-type:	0
aes-ce-id:	0
aes-enc-key:	cert/key/KCEICV.txt
images-table:	cert/Images.txt
nvcounter-val:	1
cert-pkg:	cert/ICVSBContent.crt
2026-01-26 11:03:41,891 - **** Creating Content Certificate ****
2026-01-26 11:03:41,905 - **** Certificate file (context) creation has been completed successfully ****
2026-01-26 11:03:45,457 - Content Certificate Generation Utility started (Logging to sb_content_cert.log)
2026-01-26 11:03:45,457 - Parsing config file: cert/cfg/ICVSBContent.cfg
2026-01-26 11:03:45,457 - Parsed config items:
cert-keypair:	cert/key/ICVSBContent.pem
cert-keypair-pwd:	cert/key/ICVSBContent.pwd
load-verify-scheme:	0
crypto-type:	0
aes-ce-id:	0
aes-enc-key:	cert/key/KCEICV.txt
images-table:	cert/Images.txt
nvcounter-val:	1
cert-pkg:	cert/ICVSBContent.crt
2026-01-26 11:03:45,457 - **** Creating Content Certificate ****
2026-01-26 11:03:45,471 - **** Certificate file (context) creation has been completed successfully ****
2026-01-26 11:03:51,963 - Content Certificate Generation Utility started (Logging to sb_content_cert.log)
2026-01-26 11:03:51,963 - Parsing config file: cert/cfg/ICVSBContent.cfg
2026-01-26 11:03:51,964 - Parsed config items:
cert-keypair:	cert/key/ICVSBContent.pem
cert-keypair-pwd:	cert/key/ICVSBContent.pwd
load-verify-scheme:	0
crypto-type:	0
aes-ce-id:	0
aes-enc-key:	cert/key/KCEICV.txt
images-table:	cert/Images.txt
nvcounter-val:	1
cert-pkg:	cert/ICVSBContent.crt
2026-01-26 11:03:51,964 - **** Creating Content Certificate ****
2026-01-26 11:03:51,978 - **** Certificate file (context) creation has been completed successfully ****
2026-01-26 11:03:57,191 - Content Certificate Generation Utility started (Logging to sb_content_cert.log)
2026-01-26 11:03:57,191 - Parsing config file: cert/cfg/ICVSBContent.cfg
2026-01-26 11:03:57,191 - Parsed config items:
cert-keypair:	cert/key/ICVSBContent.pem
cert-keypair-pwd:	cert/key/ICVSBContent.pwd
load-verify-scheme:	0
crypto-type:	0
aes-ce-id:	0
aes-enc-key:	cert/key/KCEICV.txt
images-table:	cert/Images.txt
nvcounter-val:	1
cert-pkg:	cert/ICVSBContent.crt
2026-01-26 11:03:57,191 - **** Creating Content Certificate ****
2026-01-26 11:03:57,205 - **** Certificate file (context) creation has been completed successfully ****
2026-01-26 11:04:00,985 - Content Certificate Generation Utility started (Logging to sb_content_cert.log)
2026-01-26 11:04:00,985 - Parsing config file: cert/cfg/ICVSBContent.cfg
2026-01-26 11:04:00,985 - Parsed config items:
cert-keypair:	cert/key/ICVSBContent.pem
cert-keypair-pwd:	cert/key/ICVSBContent.pwd
load-verify-scheme:	0
crypto-type:	0
aes-ce-id:	0
aes-enc-key:	cert/key/KCEICV.txt
images-table:	cert/Images.txt
nvcounter-val:	1
cert-pkg:	cert/ICVSBContent.crt
2026-01-26 11:04:00,985 - **** Creating Content Certificate ****
2026-01-26 11:04:00,999 - **** Certificate file (context) creation has been completed successfully ****
2026-01-26 11:40:23,703 - Content Certificate Generation Utility started (Logging to sb_content_cert.log)
2026-01-26 11:40:23,703 - Parsing config file: cert/cfg/ICVSBContent.cfg
2026-01-26 11:40:23,703 - Parsed config items:
cert-keypair:	cert/key/ICVSBContent.pem
cert-keypair-pwd:	cert/key/ICVSBContent.pwd
load-verify-scheme:	0
crypto-type:	0
aes-ce-id:	0
aes-enc-key:	cert/key/KCEICV.txt
images-table:	cert/Images.txt
nvcounter-val:	1
cert-pkg:	cert/ICVSBContent.crt
2026-01-26 11:40:23,703 - **** Creating Content Certificate ****
2026-01-26 11:40:23,718 - **** Certificate file (context) creation has been completed successfully ****
2026-01-26 11:40:28,150 - Content Certificate Generation Utility started (Logging to sb_content_cert.log)
2026-01-26 11:40:28,150 - Parsing config file: cert/cfg/ICVSBContent.cfg
2026-01-26 11:40:28,150 - Parsed config items:
cert-keypair:	cert/key/ICVSBContent.pem
cert-keypair-pwd:	cert/key/ICVSBContent.pwd
load-verify-scheme:	0
crypto-type:	0
aes-ce-id:	0
aes-enc-key:	cert/key/KCEICV.txt
images-table:	cert/Images.txt
nvcounter-val:	1
cert-pkg:	cert/ICVSBContent.crt
2026-01-26 11:40:28,150 - **** Creating Content Certificate ****
2026-01-26 11:40:28,167 - **** Certificate file (context) creation has been completed successfully ****
2026-01-26 11:40:31,758 - Content Certificate Generation Utility started (Logging to sb_content_cert.log)
2026-01-26 11:40:31,758 - Parsing config file: cert/cfg/ICVSBContent.cfg
2026-01-26 11:40:31,758 - Parsed config items:
cert-keypair:	cert/key/ICVSBContent.pem
cert-keypair-pwd:	cert/key/ICVSBContent.pwd
load-verify-scheme:	0
crypto-type:	0
aes-ce-id:	0
aes-enc-key:	cert/key/KCEICV.txt
images-table:	cert/Images.txt
nvcounter-val:	1
cert-pkg:	cert/ICVSBContent.crt
2026-01-26 11:40:31,758 - **** Creating Content Certificate ****
2026-01-26 11:40:31,774 - **** Certificate file (context) creation has been completed successfully ****
2026-01-26 11:40:35,223 - Content Certificate Generation Utility started (Logging to sb_content_cert.log)
2026-01-26 11:40:35,223 - Parsing config file: cert/cfg/ICVSBContent.cfg
2026-01-26 11:40:35,224 - Parsed config items:
cert-keypair:	cert/key/ICVSBContent.pem
cert-keypair-pwd:	cert/key/ICVSBContent.pwd
load-verify-scheme:	0
crypto-type:	0
aes-ce-id:	0
aes-enc-key:	cert/key/KCEICV.txt
images-table:	cert/Images.txt
nvcounter-val:	1
cert-pkg:	cert/ICVSBContent.crt
2026-01-26 11:40:35,224 - **** Creating Content Certificate ****
2026-01-26 11:40:35,251 - **** Certificate file (context) creation has been completed successfully ****
2026-01-26 11:40:39,459 - Content Certificate Generation Utility started (Logging to sb_content_cert.log)
2026-01-26 11:40:39,459 - Parsing config file: cert/cfg/ICVSBContent.cfg
2026-01-26 11:40:39,459 - Parsed config items:
cert-keypair:	cert/key/ICVSBContent.pem
cert-keypair-pwd:	cert/key/ICVSBContent.pwd
load-verify-scheme:	0
crypto-type:	0
aes-ce-id:	0
aes-enc-key:	cert/key/KCEICV.txt
images-table:	cert/Images.txt
nvcounter-val:	1
cert-pkg:	cert/ICVSBContent.crt
2026-01-26 11:40:39,459 - **** Creating Content Certificate ****
2026-01-26 11:40:39,474 - **** Certificate file (context) creation has been completed successfully ****
2026-01-26 11:40:43,310 - Content Certificate Generation Utility started (Logging to sb_content_cert.log)
2026-01-26 11:40:43,310 - Parsing config file: cert/cfg/ICVSBContent.cfg
2026-01-26 11:40:43,310 - Parsed config items:
cert-keypair:	cert/key/ICVSBContent.pem
cert-keypair-pwd:	cert/key/ICVSBContent.pwd
load-verify-scheme:	0
crypto-type:	0
aes-ce-id:	0
aes-enc-key:	cert/key/KCEICV.txt
images-table:	cert/Images.txt
nvcounter-val:	1
cert-pkg:	cert/ICVSBContent.crt
2026-01-26 11:40:43,310 - **** Creating Content Certificate ****
2026-01-26 11:40:43,325 - **** Certificate file (context) creation has been completed successfully ****
2026-01-26 16:24:49,915 - Content Certificate Generation Utility started (Logging to sb_content_cert.log)
2026-01-26 16:24:49,916 - Parsing config file: cert/cfg/ICVSBContent.cfg
2026-01-26 16:24:49,916 - Parsed config items:
cert-keypair:	cert/key/ICVSBContent.pem
cert-keypair-pwd:	cert/key/ICVSBContent.pwd
load-verify-scheme:	0
crypto-type:	0
aes-ce-id:	0
aes-enc-key:	cert/key/KCEICV.txt
images-table:	cert/Images.txt
nvcounter-val:	1
cert-pkg:	cert/ICVSBContent.crt
2026-01-26 16:24:49,916 - **** Creating Content Certificate ****
2026-01-26 16:24:49,935 - **** Certificate file (context) creation has been completed successfully ****
2026-01-26 16:24:54,366 - Content Certificate Generation Utility started (Logging to sb_content_cert.log)
2026-01-26 16:24:54,366 - Parsing config file: cert/cfg/ICVSBContent.cfg
2026-01-26 16:24:54,367 - Parsed config items:
cert-keypair:	cert/key/ICVSBContent.pem
cert-keypair-pwd:	cert/key/ICVSBContent.pwd
load-verify-scheme:	0
crypto-type:	0
aes-ce-id:	0
aes-enc-key:	cert/key/KCEICV.txt
images-table:	cert/Images.txt
nvcounter-val:	1
cert-pkg:	cert/ICVSBContent.crt
2026-01-26 16:24:54,367 - **** Creating Content Certificate ****
2026-01-26 16:24:54,386 - **** Certificate file (context) creation has been completed successfully ****
2026-01-26 16:24:58,323 - Content Certificate Generation Utility started (Logging to sb_content_cert.log)
2026-01-26 16:24:58,323 - Parsing config file: cert/cfg/ICVSBContent.cfg
2026-01-26 16:24:58,323 - Parsed config items:
cert-keypair:	cert/key/ICVSBContent.pem
cert-keypair-pwd:	cert/key/ICVSBContent.pwd
load-verify-scheme:	0
crypto-type:	0
aes-ce-id:	0
aes-enc-key:	cert/key/KCEICV.txt
images-table:	cert/Images.txt
nvcounter-val:	1
cert-pkg:	cert/ICVSBContent.crt
2026-01-26 16:24:58,323 - **** Creating Content Certificate ****
2026-01-26 16:24:58,341 - **** Certificate file (context) creation has been completed successfully ****
2026-01-26 16:25:02,724 - Content Certificate Generation Utility started (Logging to sb_content_cert.log)
2026-01-26 16:25:02,724 - Parsing config file: cert/cfg/ICVSBContent.cfg
2026-01-26 16:25:02,725 - Parsed config items:
cert-keypair:	cert/key/ICVSBContent.pem
cert-keypair-pwd:	cert/key/ICVSBContent.pwd
load-verify-scheme:	0
crypto-type:	0
aes-ce-id:	0
aes-enc-key:	cert/key/KCEICV.txt
images-table:	cert/Images.txt
nvcounter-val:	1
cert-pkg:	cert/ICVSBContent.crt
2026-01-26 16:25:02,725 - **** Creating Content Certificate ****
2026-01-26 16:25:02,742 - **** Certificate file (context) creation has been completed successfully ****
2026-01-26 16:25:06,928 - Content Certificate Generation Utility started (Logging to sb_content_cert.log)
2026-01-26 16:25:06,928 - Parsing config file: cert/cfg/ICVSBContent.cfg
2026-01-26 16:25:06,928 - Parsed config items:
cert-keypair:	cert/key/ICVSBContent.pem
cert-keypair-pwd:	cert/key/ICVSBContent.pwd
load-verify-scheme:	0
crypto-type:	0
aes-ce-id:	0
aes-enc-key:	cert/key/KCEICV.txt
images-table:	cert/Images.txt
nvcounter-val:	1
cert-pkg:	cert/ICVSBContent.crt
2026-01-26 16:25:06,928 - **** Creating Content Certificate ****
2026-01-26 16:25:06,947 - **** Certificate file (context) creation has been completed successfully ****
2026-01-26 16:25:12,495 - Content Certificate Generation Utility started (Logging to sb_content_cert.log)
2026-01-26 16:25:12,495 - Parsing config file: cert/cfg/ICVSBContent.cfg
2026-01-26 16:25:12,495 - Parsed config items:
cert-keypair:	cert/key/ICVSBContent.pem
cert-keypair-pwd:	cert/key/ICVSBContent.pwd
load-verify-scheme:	0
crypto-type:	0
aes-ce-id:	0
aes-enc-key:	cert/key/KCEICV.txt
images-table:	cert/Images.txt
nvcounter-val:	1
cert-pkg:	cert/ICVSBContent.crt
2026-01-26 16:25:12,495 - **** Creating Content Certificate ****
2026-01-26 16:25:12,514 - **** Certificate file (context) creation has been completed successfully ****
2026-01-26 17:48:49,310 - Content Certificate Generation Utility started (Logging to sb_content_cert.log)
2026-01-26 17:48:49,310 - Parsing config file: cert/cfg/ICVSBContent.cfg
2026-01-26 17:48:49,310 - Parsed config items:
cert-keypair:	cert/key/ICVSBContent.pem
cert-keypair-pwd:	cert/key/ICVSBContent.pwd
load-verify-scheme:	0
crypto-type:	0
aes-ce-id:	0
aes-enc-key:	cert/key/KCEICV.txt
images-table:	cert/Images.txt
nvcounter-val:	1
cert-pkg:	cert/ICVSBContent.crt
2026-01-26 17:48:49,310 - **** Creating Content Certificate ****
2026-01-26 17:48:49,325 - **** Certificate file (context) creation has been completed successfully ****
2026-01-26 17:48:54,738 - Content Certificate Generation Utility started (Logging to sb_content_cert.log)
2026-01-26 17:48:54,738 - Parsing config file: cert/cfg/ICVSBContent.cfg
2026-01-26 17:48:54,738 - Parsed config items:
cert-keypair:	cert/key/ICVSBContent.pem
cert-keypair-pwd:	cert/key/ICVSBContent.pwd
load-verify-scheme:	0
crypto-type:	0
aes-ce-id:	0
aes-enc-key:	cert/key/KCEICV.txt
images-table:	cert/Images.txt
nvcounter-val:	1
cert-pkg:	cert/ICVSBContent.crt
2026-01-26 17:48:54,738 - **** Creating Content Certificate ****
2026-01-26 17:48:54,754 - **** Certificate file (context) creation has been completed successfully ****
2026-01-26 17:48:58,874 - Content Certificate Generation Utility started (Logging to sb_content_cert.log)
2026-01-26 17:48:58,874 - Parsing config file: cert/cfg/ICVSBContent.cfg
2026-01-26 17:48:58,874 - Parsed config items:
cert-keypair:	cert/key/ICVSBContent.pem
cert-keypair-pwd:	cert/key/ICVSBContent.pwd
load-verify-scheme:	0
crypto-type:	0
aes-ce-id:	0
aes-enc-key:	cert/key/KCEICV.txt
images-table:	cert/Images.txt
nvcounter-val:	1
cert-pkg:	cert/ICVSBContent.crt
2026-01-26 17:48:58,874 - **** Creating Content Certificate ****
2026-01-26 17:48:58,893 - **** Certificate file (context) creation has been completed successfully ****
2026-01-26 17:49:02,403 - Content Certificate Generation Utility started (Logging to sb_content_cert.log)
2026-01-26 17:49:02,403 - Parsing config file: cert/cfg/ICVSBContent.cfg
2026-01-26 17:49:02,404 - Parsed config items:
cert-keypair:	cert/key/ICVSBContent.pem
cert-keypair-pwd:	cert/key/ICVSBContent.pwd
load-verify-scheme:	0
crypto-type:	0
aes-ce-id:	0
aes-enc-key:	cert/key/KCEICV.txt
images-table:	cert/Images.txt
nvcounter-val:	1
cert-pkg:	cert/ICVSBContent.crt
2026-01-26 17:49:02,404 - **** Creating Content Certificate ****
2026-01-26 17:49:02,417 - **** Certificate file (context) creation has been completed successfully ****
2026-01-26 17:49:06,189 - Content Certificate Generation Utility started (Logging to sb_content_cert.log)
2026-01-26 17:49:06,189 - Parsing config file: cert/cfg/ICVSBContent.cfg
2026-01-26 17:49:06,189 - Parsed config items:
cert-keypair:	cert/key/ICVSBContent.pem
cert-keypair-pwd:	cert/key/ICVSBContent.pwd
load-verify-scheme:	0
crypto-type:	0
aes-ce-id:	0
aes-enc-key:	cert/key/KCEICV.txt
images-table:	cert/Images.txt
nvcounter-val:	1
cert-pkg:	cert/ICVSBContent.crt
2026-01-26 17:49:06,189 - **** Creating Content Certificate ****
2026-01-26 17:49:06,205 - **** Certificate file (context) creation has been completed successfully ****
2026-01-26 17:49:10,424 - Content Certificate Generation Utility started (Logging to sb_content_cert.log)
2026-01-26 17:49:10,424 - Parsing config file: cert/cfg/ICVSBContent.cfg
2026-01-26 17:49:10,424 - Parsed config items:
cert-keypair:	cert/key/ICVSBContent.pem
cert-keypair-pwd:	cert/key/ICVSBContent.pwd
load-verify-scheme:	0
crypto-type:	0
aes-ce-id:	0
aes-enc-key:	cert/key/KCEICV.txt
images-table:	cert/Images.txt
nvcounter-val:	1
cert-pkg:	cert/ICVSBContent.crt
2026-01-26 17:49:10,424 - **** Creating Content Certificate ****
2026-01-26 17:49:10,438 - **** Certificate file (context) creation has been completed successfully ****
2026-01-27 09:59:32,288 - Content Certificate Generation Utility started (Logging to sb_content_cert.log)
2026-01-27 09:59:32,288 - Parsing config file: cert/cfg/ICVSBContent.cfg
2026-01-27 09:59:32,289 - Parsed config items:
cert-keypair:	cert/key/ICVSBContent.pem
cert-keypair-pwd:	cert/key/ICVSBContent.pwd
load-verify-scheme:	0
crypto-type:	0
aes-ce-id:	0
aes-enc-key:	cert/key/KCEICV.txt
images-table:	cert/Images.txt
nvcounter-val:	1
cert-pkg:	cert/ICVSBContent.crt
2026-01-27 09:59:32,289 - **** Creating Content Certificate ****
2026-01-27 09:59:32,303 - **** Certificate file (context) creation has been completed successfully ****
2026-01-27 09:59:36,041 - Content Certificate Generation Utility started (Logging to sb_content_cert.log)
2026-01-27 09:59:36,041 - Parsing config file: cert/cfg/ICVSBContent.cfg
2026-01-27 09:59:36,041 - Parsed config items:
cert-keypair:	cert/key/ICVSBContent.pem
cert-keypair-pwd:	cert/key/ICVSBContent.pwd
load-verify-scheme:	0
crypto-type:	0
aes-ce-id:	0
aes-enc-key:	cert/key/KCEICV.txt
images-table:	cert/Images.txt
nvcounter-val:	1
cert-pkg:	cert/ICVSBContent.crt
2026-01-27 09:59:36,041 - **** Creating Content Certificate ****
2026-01-27 09:59:36,060 - **** Certificate file (context) creation has been completed successfully ****
2026-01-27 09:59:39,391 - Content Certificate Generation Utility started (Logging to sb_content_cert.log)
2026-01-27 09:59:39,391 - Parsing config file: cert/cfg/ICVSBContent.cfg
2026-01-27 09:59:39,391 - Parsed config items:
cert-keypair:	cert/key/ICVSBContent.pem
cert-keypair-pwd:	cert/key/ICVSBContent.pwd
load-verify-scheme:	0
crypto-type:	0
aes-ce-id:	0
aes-enc-key:	cert/key/KCEICV.txt
images-table:	cert/Images.txt
nvcounter-val:	1
cert-pkg:	cert/ICVSBContent.crt
2026-01-27 09:59:39,391 - **** Creating Content Certificate ****
2026-01-27 09:59:39,407 - **** Certificate file (context) creation has been completed successfully ****
2026-01-27 09:59:43,258 - Content Certificate Generation Utility started (Logging to sb_content_cert.log)
2026-01-27 09:59:43,258 - Parsing config file: cert/cfg/ICVSBContent.cfg
2026-01-27 09:59:43,258 - Parsed config items:
cert-keypair:	cert/key/ICVSBContent.pem
cert-keypair-pwd:	cert/key/ICVSBContent.pwd
load-verify-scheme:	0
crypto-type:	0
aes-ce-id:	0
aes-enc-key:	cert/key/KCEICV.txt
images-table:	cert/Images.txt
nvcounter-val:	1
cert-pkg:	cert/ICVSBContent.crt
2026-01-27 09:59:43,258 - **** Creating Content Certificate ****
2026-01-27 09:59:43,277 - **** Certificate file (context) creation has been completed successfully ****
2026-01-27 09:59:48,827 - Content Certificate Generation Utility started (Logging to sb_content_cert.log)
2026-01-27 09:59:48,827 - Parsing config file: cert/cfg/ICVSBContent.cfg
2026-01-27 09:59:48,827 - Parsed config items:
cert-keypair:	cert/key/ICVSBContent.pem
cert-keypair-pwd:	cert/key/ICVSBContent.pwd
load-verify-scheme:	0
crypto-type:	0
aes-ce-id:	0
aes-enc-key:	cert/key/KCEICV.txt
images-table:	cert/Images.txt
nvcounter-val:	1
cert-pkg:	cert/ICVSBContent.crt
2026-01-27 09:59:48,827 - **** Creating Content Certificate ****
2026-01-27 09:59:48,844 - **** Certificate file (context) creation has been completed successfully ****
2026-01-27 09:59:52,658 - Content Certificate Generation Utility started (Logging to sb_content_cert.log)
2026-01-27 09:59:52,658 - Parsing config file: cert/cfg/ICVSBContent.cfg
2026-01-27 09:59:52,658 - Parsed config items:
cert-keypair:	cert/key/ICVSBContent.pem
cert-keypair-pwd:	cert/key/ICVSBContent.pwd
load-verify-scheme:	0
crypto-type:	0
aes-ce-id:	0
aes-enc-key:	cert/key/KCEICV.txt
images-table:	cert/Images.txt
nvcounter-val:	1
cert-pkg:	cert/ICVSBContent.crt
2026-01-27 09:59:52,658 - **** Creating Content Certificate ****
2026-01-27 09:59:52,676 - **** Certificate file (context) creation has been completed successfully ****
2026-01-27 12:56:22,984 - Content Certificate Generation Utility started (Logging to sb_content_cert.log)
2026-01-27 12:56:22,984 - Parsing config file: cert/cfg/ICVSBContent.cfg
2026-01-27 12:56:22,984 - Parsed config items:
cert-keypair:	cert/key/ICVSBContent.pem
cert-keypair-pwd:	cert/key/ICVSBContent.pwd
load-verify-scheme:	0
crypto-type:	0
aes-ce-id:	0
aes-enc-key:	cert/key/KCEICV.txt
images-table:	cert/Images.txt
nvcounter-val:	1
cert-pkg:	cert/ICVSBContent.crt
2026-01-27 12:56:22,984 - **** Creating Content Certificate ****
2026-01-27 12:56:23,022 - **** Certificate file (context) creation has been completed successfully ****
2026-01-27 12:56:27,163 - Content Certificate Generation Utility started (Logging to sb_content_cert.log)
2026-01-27 12:56:27,163 - Parsing config file: cert/cfg/ICVSBContent.cfg
2026-01-27 12:56:27,164 - Parsed config items:
cert-keypair:	cert/key/ICVSBContent.pem
cert-keypair-pwd:	cert/key/ICVSBContent.pwd
load-verify-scheme:	0
crypto-type:	0
aes-ce-id:	0
aes-enc-key:	cert/key/KCEICV.txt
images-table:	cert/Images.txt
nvcounter-val:	1
cert-pkg:	cert/ICVSBContent.crt
2026-01-27 12:56:27,164 - **** Creating Content Certificate ****
2026-01-27 12:56:27,181 - **** Certificate file (context) creation has been completed successfully ****
2026-01-27 12:56:30,986 - Content Certificate Generation Utility started (Logging to sb_content_cert.log)
2026-01-27 12:56:30,987 - Parsing config file: cert/cfg/ICVSBContent.cfg
2026-01-27 12:56:30,987 - Parsed config items:
cert-keypair:	cert/key/ICVSBContent.pem
cert-keypair-pwd:	cert/key/ICVSBContent.pwd
load-verify-scheme:	0
crypto-type:	0
aes-ce-id:	0
aes-enc-key:	cert/key/KCEICV.txt
images-table:	cert/Images.txt
nvcounter-val:	1
cert-pkg:	cert/ICVSBContent.crt
2026-01-27 12:56:30,987 - **** Creating Content Certificate ****
2026-01-27 12:56:31,004 - **** Certificate file (context) creation has been completed successfully ****
2026-01-27 12:56:34,750 - Content Certificate Generation Utility started (Logging to sb_content_cert.log)
2026-01-27 12:56:34,750 - Parsing config file: cert/cfg/ICVSBContent.cfg
2026-01-27 12:56:34,750 - Parsed config items:
cert-keypair:	cert/key/ICVSBContent.pem
cert-keypair-pwd:	cert/key/ICVSBContent.pwd
load-verify-scheme:	0
crypto-type:	0
aes-ce-id:	0
aes-enc-key:	cert/key/KCEICV.txt
images-table:	cert/Images.txt
nvcounter-val:	1
cert-pkg:	cert/ICVSBContent.crt
2026-01-27 12:56:34,750 - **** Creating Content Certificate ****
2026-01-27 12:56:34,766 - **** Certificate file (context) creation has been completed successfully ****
2026-01-27 12:56:39,391 - Content Certificate Generation Utility started (Logging to sb_content_cert.log)
2026-01-27 12:56:39,391 - Parsing config file: cert/cfg/ICVSBContent.cfg
2026-01-27 12:56:39,391 - Parsed config items:
cert-keypair:	cert/key/ICVSBContent.pem
cert-keypair-pwd:	cert/key/ICVSBContent.pwd
load-verify-scheme:	0
crypto-type:	0
aes-ce-id:	0
aes-enc-key:	cert/key/KCEICV.txt
images-table:	cert/Images.txt
nvcounter-val:	1
cert-pkg:	cert/ICVSBContent.crt
2026-01-27 12:56:39,391 - **** Creating Content Certificate ****
2026-01-27 12:56:39,411 - **** Certificate file (context) creation has been completed successfully ****
2026-01-27 12:56:43,954 - Content Certificate Generation Utility started (Logging to sb_content_cert.log)
2026-01-27 12:56:43,954 - Parsing config file: cert/cfg/ICVSBContent.cfg
2026-01-27 12:56:43,955 - Parsed config items:
cert-keypair:	cert/key/ICVSBContent.pem
cert-keypair-pwd:	cert/key/ICVSBContent.pwd
load-verify-scheme:	0
crypto-type:	0
aes-ce-id:	0
aes-enc-key:	cert/key/KCEICV.txt
images-table:	cert/Images.txt
nvcounter-val:	1
cert-pkg:	cert/ICVSBContent.crt
2026-01-27 12:56:43,955 - **** Creating Content Certificate ****
2026-01-27 12:56:43,973 - **** Certificate file (context) creation has been completed successfully ****
2026-01-27 13:03:10,398 - Content Certificate Generation Utility started (Logging to sb_content_cert.log)
2026-01-27 13:03:10,398 - Parsing config file: cert/cfg/ICVSBContent.cfg
2026-01-27 13:03:10,398 - Parsed config items:
cert-keypair:	cert/key/ICVSBContent.pem
cert-keypair-pwd:	cert/key/ICVSBContent.pwd
load-verify-scheme:	0
crypto-type:	0
aes-ce-id:	0
aes-enc-key:	cert/key/KCEICV.txt
images-table:	cert/Images.txt
nvcounter-val:	1
cert-pkg:	cert/ICVSBContent.crt
2026-01-27 13:03:10,398 - **** Creating Content Certificate ****
2026-01-27 13:03:10,414 - **** Certificate file (context) creation has been completed successfully ****
2026-01-27 13:03:13,520 - Content Certificate Generation Utility started (Logging to sb_content_cert.log)
2026-01-27 13:03:13,520 - Parsing config file: cert/cfg/ICVSBContent.cfg
2026-01-27 13:03:13,520 - Parsed config items:
cert-keypair:	cert/key/ICVSBContent.pem
cert-keypair-pwd:	cert/key/ICVSBContent.pwd
load-verify-scheme:	0
crypto-type:	0
aes-ce-id:	0
aes-enc-key:	cert/key/KCEICV.txt
images-table:	cert/Images.txt
nvcounter-val:	1
cert-pkg:	cert/ICVSBContent.crt
2026-01-27 13:03:13,520 - **** Creating Content Certificate ****
2026-01-27 13:03:13,537 - **** Certificate file (context) creation has been completed successfully ****
2026-01-27 13:03:16,803 - Content Certificate Generation Utility started (Logging to sb_content_cert.log)
2026-01-27 13:03:16,804 - Parsing config file: cert/cfg/ICVSBContent.cfg
2026-01-27 13:03:16,804 - Parsed config items:
cert-keypair:	cert/key/ICVSBContent.pem
cert-keypair-pwd:	cert/key/ICVSBContent.pwd
load-verify-scheme:	0
crypto-type:	0
aes-ce-id:	0
aes-enc-key:	cert/key/KCEICV.txt
images-table:	cert/Images.txt
nvcounter-val:	1
cert-pkg:	cert/ICVSBContent.crt
2026-01-27 13:03:16,804 - **** Creating Content Certificate ****
2026-01-27 13:03:16,818 - **** Certificate file (context) creation has been completed successfully ****
2026-01-27 13:03:20,466 - Content Certificate Generation Utility started (Logging to sb_content_cert.log)
2026-01-27 13:03:20,466 - Parsing config file: cert/cfg/ICVSBContent.cfg
2026-01-27 13:03:20,466 - Parsed config items:
cert-keypair:	cert/key/ICVSBContent.pem
cert-keypair-pwd:	cert/key/ICVSBContent.pwd
load-verify-scheme:	0
crypto-type:	0
aes-ce-id:	0
aes-enc-key:	cert/key/KCEICV.txt
images-table:	cert/Images.txt
nvcounter-val:	1
cert-pkg:	cert/ICVSBContent.crt
2026-01-27 13:03:20,466 - **** Creating Content Certificate ****
2026-01-27 13:03:20,482 - **** Certificate file (context) creation has been completed successfully ****
2026-01-27 13:03:24,117 - Content Certificate Generation Utility started (Logging to sb_content_cert.log)
2026-01-27 13:03:24,117 - Parsing config file: cert/cfg/ICVSBContent.cfg
2026-01-27 13:03:24,117 - Parsed config items:
cert-keypair:	cert/key/ICVSBContent.pem
cert-keypair-pwd:	cert/key/ICVSBContent.pwd
load-verify-scheme:	0
crypto-type:	0
aes-ce-id:	0
aes-enc-key:	cert/key/KCEICV.txt
images-table:	cert/Images.txt
nvcounter-val:	1
cert-pkg:	cert/ICVSBContent.crt
2026-01-27 13:03:24,117 - **** Creating Content Certificate ****
2026-01-27 13:03:24,131 - **** Certificate file (context) creation has been completed successfully ****
2026-01-27 13:03:27,158 - Content Certificate Generation Utility started (Logging to sb_content_cert.log)
2026-01-27 13:03:27,158 - Parsing config file: cert/cfg/ICVSBContent.cfg
2026-01-27 13:03:27,158 - Parsed config items:
cert-keypair:	cert/key/ICVSBContent.pem
cert-keypair-pwd:	cert/key/ICVSBContent.pwd
load-verify-scheme:	0
crypto-type:	0
aes-ce-id:	0
aes-enc-key:	cert/key/KCEICV.txt
images-table:	cert/Images.txt
nvcounter-val:	1
cert-pkg:	cert/ICVSBContent.crt
2026-01-27 13:03:27,158 - **** Creating Content Certificate ****
2026-01-27 13:03:27,174 - **** Certificate file (context) creation has been completed successfully ****
2026-01-27 15:14:13,168 - Content Certificate Generation Utility started (Logging to sb_content_cert.log)
2026-01-27 15:14:13,169 - Parsing config file: cert/cfg/ICVSBContent.cfg
2026-01-27 15:14:13,169 - Parsed config items:
cert-keypair:	cert/key/ICVSBContent.pem
cert-keypair-pwd:	cert/key/ICVSBContent.pwd
load-verify-scheme:	0
crypto-type:	0
aes-ce-id:	0
aes-enc-key:	cert/key/KCEICV.txt
images-table:	cert/Images.txt
nvcounter-val:	1
cert-pkg:	cert/ICVSBContent.crt
2026-01-27 15:14:13,169 - **** Creating Content Certificate ****
2026-01-27 15:14:13,186 - **** Certificate file (context) creation has been completed successfully ****
2026-01-27 15:14:17,149 - Content Certificate Generation Utility started (Logging to sb_content_cert.log)
2026-01-27 15:14:17,149 - Parsing config file: cert/cfg/ICVSBContent.cfg
2026-01-27 15:14:17,149 - Parsed config items:
cert-keypair:	cert/key/ICVSBContent.pem
cert-keypair-pwd:	cert/key/ICVSBContent.pwd
load-verify-scheme:	0
crypto-type:	0
aes-ce-id:	0
aes-enc-key:	cert/key/KCEICV.txt
images-table:	cert/Images.txt
nvcounter-val:	1
cert-pkg:	cert/ICVSBContent.crt
2026-01-27 15:14:17,149 - **** Creating Content Certificate ****
2026-01-27 15:14:17,165 - **** Certificate file (context) creation has been completed successfully ****
2026-01-27 15:14:22,227 - Content Certificate Generation Utility started (Logging to sb_content_cert.log)
2026-01-27 15:14:22,227 - Parsing config file: cert/cfg/ICVSBContent.cfg
2026-01-27 15:14:22,227 - Parsed config items:
cert-keypair:	cert/key/ICVSBContent.pem
cert-keypair-pwd:	cert/key/ICVSBContent.pwd
load-verify-scheme:	0
crypto-type:	0
aes-ce-id:	0
aes-enc-key:	cert/key/KCEICV.txt
images-table:	cert/Images.txt
nvcounter-val:	1
cert-pkg:	cert/ICVSBContent.crt
2026-01-27 15:14:22,227 - **** Creating Content Certificate ****
2026-01-27 15:14:22,247 - **** Certificate file (context) creation has been completed successfully ****
2026-01-27 15:14:26,783 - Content Certificate Generation Utility started (Logging to sb_content_cert.log)
2026-01-27 15:14:26,783 - Parsing config file: cert/cfg/ICVSBContent.cfg
2026-01-27 15:14:26,783 - Parsed config items:
cert-keypair:	cert/key/ICVSBContent.pem
cert-keypair-pwd:	cert/key/ICVSBContent.pwd
load-verify-scheme:	0
crypto-type:	0
aes-ce-id:	0
aes-enc-key:	cert/key/KCEICV.txt
images-table:	cert/Images.txt
nvcounter-val:	1
cert-pkg:	cert/ICVSBContent.crt
2026-01-27 15:14:26,783 - **** Creating Content Certificate ****
2026-01-27 15:14:26,801 - **** Certificate file (context) creation has been completed successfully ****
2026-01-27 15:14:31,620 - Content Certificate Generation Utility started (Logging to sb_content_cert.log)
2026-01-27 15:14:31,620 - Parsing config file: cert/cfg/ICVSBContent.cfg
2026-01-27 15:14:31,621 - Parsed config items:
cert-keypair:	cert/key/ICVSBContent.pem
cert-keypair-pwd:	cert/key/ICVSBContent.pwd
load-verify-scheme:	0
crypto-type:	0
aes-ce-id:	0
aes-enc-key:	cert/key/KCEICV.txt
images-table:	cert/Images.txt
nvcounter-val:	1
cert-pkg:	cert/ICVSBContent.crt
2026-01-27 15:14:31,621 - **** Creating Content Certificate ****
2026-01-27 15:14:31,638 - **** Certificate file (context) creation has been completed successfully ****
2026-01-27 15:14:35,719 - Content Certificate Generation Utility started (Logging to sb_content_cert.log)
2026-01-27 15:14:35,720 - Parsing config file: cert/cfg/ICVSBContent.cfg
2026-01-27 15:14:35,720 - Parsed config items:
cert-keypair:	cert/key/ICVSBContent.pem
cert-keypair-pwd:	cert/key/ICVSBContent.pwd
load-verify-scheme:	0
crypto-type:	0
aes-ce-id:	0
aes-enc-key:	cert/key/KCEICV.txt
images-table:	cert/Images.txt
nvcounter-val:	1
cert-pkg:	cert/ICVSBContent.crt
2026-01-27 15:14:35,720 - **** Creating Content Certificate ****
2026-01-27 15:14:35,739 - **** Certificate file (context) creation has been completed successfully ****
2026-01-27 16:35:26,177 - Content Certificate Generation Utility started (Logging to sb_content_cert.log)
2026-01-27 16:35:26,177 - Parsing config file: cert/cfg/ICVSBContent.cfg
2026-01-27 16:35:26,177 - Parsed config items:
cert-keypair:	cert/key/ICVSBContent.pem
cert-keypair-pwd:	cert/key/ICVSBContent.pwd
load-verify-scheme:	0
crypto-type:	0
aes-ce-id:	0
aes-enc-key:	cert/key/KCEICV.txt
images-table:	cert/Images.txt
nvcounter-val:	1
cert-pkg:	cert/ICVSBContent.crt
2026-01-27 16:35:26,177 - **** Creating Content Certificate ****
2026-01-27 16:35:26,197 - **** Certificate file (context) creation has been completed successfully ****
2026-01-27 16:35:29,482 - Content Certificate Generation Utility started (Logging to sb_content_cert.log)
2026-01-27 16:35:29,482 - Parsing config file: cert/cfg/ICVSBContent.cfg
2026-01-27 16:35:29,482 - Parsed config items:
cert-keypair:	cert/key/ICVSBContent.pem
cert-keypair-pwd:	cert/key/ICVSBContent.pwd
load-verify-scheme:	0
crypto-type:	0
aes-ce-id:	0
aes-enc-key:	cert/key/KCEICV.txt
images-table:	cert/Images.txt
nvcounter-val:	1
cert-pkg:	cert/ICVSBContent.crt
2026-01-27 16:35:29,482 - **** Creating Content Certificate ****
2026-01-27 16:35:29,501 - **** Certificate file (context) creation has been completed successfully ****
2026-01-27 16:35:32,732 - Content Certificate Generation Utility started (Logging to sb_content_cert.log)
2026-01-27 16:35:32,732 - Parsing config file: cert/cfg/ICVSBContent.cfg
2026-01-27 16:35:32,732 - Parsed config items:
cert-keypair:	cert/key/ICVSBContent.pem
cert-keypair-pwd:	cert/key/ICVSBContent.pwd
load-verify-scheme:	0
crypto-type:	0
aes-ce-id:	0
aes-enc-key:	cert/key/KCEICV.txt
images-table:	cert/Images.txt
nvcounter-val:	1
cert-pkg:	cert/ICVSBContent.crt
2026-01-27 16:35:32,732 - **** Creating Content Certificate ****
2026-01-27 16:35:32,751 - **** Certificate file (context) creation has been completed successfully ****
2026-01-27 16:35:35,778 - Content Certificate Generation Utility started (Logging to sb_content_cert.log)
2026-01-27 16:35:35,778 - Parsing config file: cert/cfg/ICVSBContent.cfg
2026-01-27 16:35:35,778 - Parsed config items:
cert-keypair:	cert/key/ICVSBContent.pem
cert-keypair-pwd:	cert/key/ICVSBContent.pwd
load-verify-scheme:	0
crypto-type:	0
aes-ce-id:	0
aes-enc-key:	cert/key/KCEICV.txt
images-table:	cert/Images.txt
nvcounter-val:	1
cert-pkg:	cert/ICVSBContent.crt
2026-01-27 16:35:35,778 - **** Creating Content Certificate ****
2026-01-27 16:35:35,797 - **** Certificate file (context) creation has been completed successfully ****
2026-01-27 16:35:39,546 - Content Certificate Generation Utility started (Logging to sb_content_cert.log)
2026-01-27 16:35:39,546 - Parsing config file: cert/cfg/ICVSBContent.cfg
2026-01-27 16:35:39,547 - Parsed config items:
cert-keypair:	cert/key/ICVSBContent.pem
cert-keypair-pwd:	cert/key/ICVSBContent.pwd
load-verify-scheme:	0
crypto-type:	0
aes-ce-id:	0
aes-enc-key:	cert/key/KCEICV.txt
images-table:	cert/Images.txt
nvcounter-val:	1
cert-pkg:	cert/ICVSBContent.crt
2026-01-27 16:35:39,547 - **** Creating Content Certificate ****
2026-01-27 16:35:39,567 - **** Certificate file (context) creation has been completed successfully ****
2026-01-27 16:35:42,692 - Content Certificate Generation Utility started (Logging to sb_content_cert.log)
2026-01-27 16:35:42,693 - Parsing config file: cert/cfg/ICVSBContent.cfg
2026-01-27 16:35:42,693 - Parsed config items:
cert-keypair:	cert/key/ICVSBContent.pem
cert-keypair-pwd:	cert/key/ICVSBContent.pwd
load-verify-scheme:	0
crypto-type:	0
aes-ce-id:	0
aes-enc-key:	cert/key/KCEICV.txt
images-table:	cert/Images.txt
nvcounter-val:	1
cert-pkg:	cert/ICVSBContent.crt
2026-01-27 16:35:42,693 - **** Creating Content Certificate ****
2026-01-27 16:35:42,717 - **** Certificate file (context) creation has been completed successfully ****
2026-01-27 16:42:15,636 - Content Certificate Generation Utility started (Logging to sb_content_cert.log)
2026-01-27 16:42:15,636 - Parsing config file: cert/cfg/ICVSBContent.cfg
2026-01-27 16:42:15,636 - Parsed config items:
cert-keypair:	cert/key/ICVSBContent.pem
cert-keypair-pwd:	cert/key/ICVSBContent.pwd
load-verify-scheme:	0
crypto-type:	0
aes-ce-id:	0
aes-enc-key:	cert/key/KCEICV.txt
images-table:	cert/Images.txt
nvcounter-val:	1
cert-pkg:	cert/ICVSBContent.crt
2026-01-27 16:42:15,636 - **** Creating Content Certificate ****
2026-01-27 16:42:15,650 - **** Certificate file (context) creation has been completed successfully ****
2026-01-27 16:42:19,044 - Content Certificate Generation Utility started (Logging to sb_content_cert.log)
2026-01-27 16:42:19,044 - Parsing config file: cert/cfg/ICVSBContent.cfg
2026-01-27 16:42:19,044 - Parsed config items:
cert-keypair:	cert/key/ICVSBContent.pem
cert-keypair-pwd:	cert/key/ICVSBContent.pwd
load-verify-scheme:	0
crypto-type:	0
aes-ce-id:	0
aes-enc-key:	cert/key/KCEICV.txt
images-table:	cert/Images.txt
nvcounter-val:	1
cert-pkg:	cert/ICVSBContent.crt
2026-01-27 16:42:19,044 - **** Creating Content Certificate ****
2026-01-27 16:42:19,062 - **** Certificate file (context) creation has been completed successfully ****
2026-01-27 16:42:22,379 - Content Certificate Generation Utility started (Logging to sb_content_cert.log)
2026-01-27 16:42:22,379 - Parsing config file: cert/cfg/ICVSBContent.cfg
2026-01-27 16:42:22,379 - Parsed config items:
cert-keypair:	cert/key/ICVSBContent.pem
cert-keypair-pwd:	cert/key/ICVSBContent.pwd
load-verify-scheme:	0
crypto-type:	0
aes-ce-id:	0
aes-enc-key:	cert/key/KCEICV.txt
images-table:	cert/Images.txt
nvcounter-val:	1
cert-pkg:	cert/ICVSBContent.crt
2026-01-27 16:42:22,379 - **** Creating Content Certificate ****
2026-01-27 16:42:22,396 - **** Certificate file (context) creation has been completed successfully ****
2026-01-27 16:42:25,530 - Content Certificate Generation Utility started (Logging to sb_content_cert.log)
2026-01-27 16:42:25,530 - Parsing config file: cert/cfg/ICVSBContent.cfg
2026-01-27 16:42:25,531 - Parsed config items:
cert-keypair:	cert/key/ICVSBContent.pem
cert-keypair-pwd:	cert/key/ICVSBContent.pwd
load-verify-scheme:	0
crypto-type:	0
aes-ce-id:	0
aes-enc-key:	cert/key/KCEICV.txt
images-table:	cert/Images.txt
nvcounter-val:	1
cert-pkg:	cert/ICVSBContent.crt
2026-01-27 16:42:25,531 - **** Creating Content Certificate ****
2026-01-27 16:42:25,549 - **** Certificate file (context) creation has been completed successfully ****
2026-01-27 16:42:29,318 - Content Certificate Generation Utility started (Logging to sb_content_cert.log)
2026-01-27 16:42:29,318 - Parsing config file: cert/cfg/ICVSBContent.cfg
2026-01-27 16:42:29,318 - Parsed config items:
cert-keypair:	cert/key/ICVSBContent.pem
cert-keypair-pwd:	cert/key/ICVSBContent.pwd
load-verify-scheme:	0
crypto-type:	0
aes-ce-id:	0
aes-enc-key:	cert/key/KCEICV.txt
images-table:	cert/Images.txt
nvcounter-val:	1
cert-pkg:	cert/ICVSBContent.crt
2026-01-27 16:42:29,319 - **** Creating Content Certificate ****
2026-01-27 16:42:29,336 - **** Certificate file (context) creation has been completed successfully ****
2026-01-27 16:42:32,712 - Content Certificate Generation Utility started (Logging to sb_content_cert.log)
2026-01-27 16:42:32,712 - Parsing config file: cert/cfg/ICVSBContent.cfg
2026-01-27 16:42:32,712 - Parsed config items:
cert-keypair:	cert/key/ICVSBContent.pem
cert-keypair-pwd:	cert/key/ICVSBContent.pwd
load-verify-scheme:	0
crypto-type:	0
aes-ce-id:	0
aes-enc-key:	cert/key/KCEICV.txt
images-table:	cert/Images.txt
nvcounter-val:	1
cert-pkg:	cert/ICVSBContent.crt
2026-01-27 16:42:32,712 - **** Creating Content Certificate ****
2026-01-27 16:42:32,731 - **** Certificate file (context) creation has been completed successfully ****
2026-01-27 16:48:26,195 - Content Certificate Generation Utility started (Logging to sb_content_cert.log)
2026-01-27 16:48:26,195 - Parsing config file: cert/cfg/ICVSBContent.cfg
2026-01-27 16:48:26,195 - Parsed config items:
cert-keypair:	cert/key/ICVSBContent.pem
cert-keypair-pwd:	cert/key/ICVSBContent.pwd
load-verify-scheme:	0
crypto-type:	0
aes-ce-id:	0
aes-enc-key:	cert/key/KCEICV.txt
images-table:	cert/Images.txt
nvcounter-val:	1
cert-pkg:	cert/ICVSBContent.crt
2026-01-27 16:48:26,196 - **** Creating Content Certificate ****
2026-01-27 16:48:26,212 - **** Certificate file (context) creation has been completed successfully ****
2026-01-27 16:48:29,425 - Content Certificate Generation Utility started (Logging to sb_content_cert.log)
2026-01-27 16:48:29,425 - Parsing config file: cert/cfg/ICVSBContent.cfg
2026-01-27 16:48:29,425 - Parsed config items:
cert-keypair:	cert/key/ICVSBContent.pem
cert-keypair-pwd:	cert/key/ICVSBContent.pwd
load-verify-scheme:	0
crypto-type:	0
aes-ce-id:	0
aes-enc-key:	cert/key/KCEICV.txt
images-table:	cert/Images.txt
nvcounter-val:	1
cert-pkg:	cert/ICVSBContent.crt
2026-01-27 16:48:29,425 - **** Creating Content Certificate ****
2026-01-27 16:48:29,443 - **** Certificate file (context) creation has been completed successfully ****
2026-01-27 16:48:32,573 - Content Certificate Generation Utility started (Logging to sb_content_cert.log)
2026-01-27 16:48:32,574 - Parsing config file: cert/cfg/ICVSBContent.cfg
2026-01-27 16:48:32,574 - Parsed config items:
cert-keypair:	cert/key/ICVSBContent.pem
cert-keypair-pwd:	cert/key/ICVSBContent.pwd
load-verify-scheme:	0
crypto-type:	0
aes-ce-id:	0
aes-enc-key:	cert/key/KCEICV.txt
images-table:	cert/Images.txt
nvcounter-val:	1
cert-pkg:	cert/ICVSBContent.crt
2026-01-27 16:48:32,574 - **** Creating Content Certificate ****
2026-01-27 16:48:32,588 - **** Certificate file (context) creation has been completed successfully ****
2026-01-27 16:48:37,473 - Content Certificate Generation Utility started (Logging to sb_content_cert.log)
2026-01-27 16:48:37,473 - Parsing config file: cert/cfg/ICVSBContent.cfg
2026-01-27 16:48:37,474 - Parsed config items:
cert-keypair:	cert/key/ICVSBContent.pem
cert-keypair-pwd:	cert/key/ICVSBContent.pwd
load-verify-scheme:	0
crypto-type:	0
aes-ce-id:	0
aes-enc-key:	cert/key/KCEICV.txt
images-table:	cert/Images.txt
nvcounter-val:	1
cert-pkg:	cert/ICVSBContent.crt
2026-01-27 16:48:37,474 - **** Creating Content Certificate ****
2026-01-27 16:48:37,488 - **** Certificate file (context) creation has been completed successfully ****
2026-01-27 16:48:41,377 - Content Certificate Generation Utility started (Logging to sb_content_cert.log)
2026-01-27 16:48:41,377 - Parsing config file: cert/cfg/ICVSBContent.cfg
2026-01-27 16:48:41,377 - Parsed config items:
cert-keypair:	cert/key/ICVSBContent.pem
cert-keypair-pwd:	cert/key/ICVSBContent.pwd
load-verify-scheme:	0
crypto-type:	0
aes-ce-id:	0
aes-enc-key:	cert/key/KCEICV.txt
images-table:	cert/Images.txt
nvcounter-val:	1
cert-pkg:	cert/ICVSBContent.crt
2026-01-27 16:48:41,377 - **** Creating Content Certificate ****
2026-01-27 16:48:41,393 - **** Certificate file (context) creation has been completed successfully ****
2026-01-27 16:48:44,762 - Content Certificate Generation Utility started (Logging to sb_content_cert.log)
2026-01-27 16:48:44,762 - Parsing config file: cert/cfg/ICVSBContent.cfg
2026-01-27 16:48:44,762 - Parsed config items:
cert-keypair:	cert/key/ICVSBContent.pem
cert-keypair-pwd:	cert/key/ICVSBContent.pwd
load-verify-scheme:	0
crypto-type:	0
aes-ce-id:	0
aes-enc-key:	cert/key/KCEICV.txt
images-table:	cert/Images.txt
nvcounter-val:	1
cert-pkg:	cert/ICVSBContent.crt
2026-01-27 16:48:44,763 - **** Creating Content Certificate ****
2026-01-27 16:48:44,780 - **** Certificate file (context) creation has been completed successfully ****
2026-01-28 06:09:05,443 - Content Certificate Generation Utility started (Logging to sb_content_cert.log)
2026-01-28 06:09:05,443 - Parsing config file: cert/cfg/ICVSBContent.cfg
2026-01-28 06:09:05,443 - Parsed config items:
cert-keypair:	cert/key/ICVSBContent.pem
cert-keypair-pwd:	cert/key/ICVSBContent.pwd
load-verify-scheme:	0
crypto-type:	0
aes-ce-id:	0
aes-enc-key:	cert/key/KCEICV.txt
images-table:	cert/Images.txt
nvcounter-val:	1
cert-pkg:	cert/ICVSBContent.crt
2026-01-28 06:09:05,443 - **** Creating Content Certificate ****
2026-01-28 06:09:05,463 - **** Certificate file (context) creation has been completed successfully ****
2026-01-28 06:09:09,233 - Content Certificate Generation Utility started (Logging to sb_content_cert.log)
2026-01-28 06:09:09,233 - Parsing config file: cert/cfg/ICVSBContent.cfg
2026-01-28 06:09:09,233 - Parsed config items:
cert-keypair:	cert/key/ICVSBContent.pem
cert-keypair-pwd:	cert/key/ICVSBContent.pwd
load-verify-scheme:	0
crypto-type:	0
aes-ce-id:	0
aes-enc-key:	cert/key/KCEICV.txt
images-table:	cert/Images.txt
nvcounter-val:	1
cert-pkg:	cert/ICVSBContent.crt
2026-01-28 06:09:09,233 - **** Creating Content Certificate ****
2026-01-28 06:09:09,252 - **** Certificate file (context) creation has been completed successfully ****
2026-01-28 06:09:12,983 - Content Certificate Generation Utility started (Logging to sb_content_cert.log)
2026-01-28 06:09:12,983 - Parsing config file: cert/cfg/ICVSBContent.cfg
2026-01-28 06:09:12,983 - Parsed config items:
cert-keypair:	cert/key/ICVSBContent.pem
cert-keypair-pwd:	cert/key/ICVSBContent.pwd
load-verify-scheme:	0
crypto-type:	0
aes-ce-id:	0
aes-enc-key:	cert/key/KCEICV.txt
images-table:	cert/Images.txt
nvcounter-val:	1
cert-pkg:	cert/ICVSBContent.crt
2026-01-28 06:09:12,983 - **** Creating Content Certificate ****
2026-01-28 06:09:12,998 - **** Certificate file (context) creation has been completed successfully ****
2026-01-28 06:09:16,598 - Content Certificate Generation Utility started (Logging to sb_content_cert.log)
2026-01-28 06:09:16,599 - Parsing config file: cert/cfg/ICVSBContent.cfg
2026-01-28 06:09:16,599 - Parsed config items:
cert-keypair:	cert/key/ICVSBContent.pem
cert-keypair-pwd:	cert/key/ICVSBContent.pwd
load-verify-scheme:	0
crypto-type:	0
aes-ce-id:	0
aes-enc-key:	cert/key/KCEICV.txt
images-table:	cert/Images.txt
nvcounter-val:	1
cert-pkg:	cert/ICVSBContent.crt
2026-01-28 06:09:16,599 - **** Creating Content Certificate ****
2026-01-28 06:09:16,618 - **** Certificate file (context) creation has been completed successfully ****
2026-01-28 06:09:20,769 - Content Certificate Generation Utility started (Logging to sb_content_cert.log)
2026-01-28 06:09:20,769 - Parsing config file: cert/cfg/ICVSBContent.cfg
2026-01-28 06:09:20,770 - Parsed config items:
cert-keypair:	cert/key/ICVSBContent.pem
cert-keypair-pwd:	cert/key/ICVSBContent.pwd
load-verify-scheme:	0
crypto-type:	0
aes-ce-id:	0
aes-enc-key:	cert/key/KCEICV.txt
images-table:	cert/Images.txt
nvcounter-val:	1
cert-pkg:	cert/ICVSBContent.crt
2026-01-28 06:09:20,770 - **** Creating Content Certificate ****
2026-01-28 06:09:20,787 - **** Certificate file (context) creation has been completed successfully ****
2026-01-28 06:09:24,434 - Content Certificate Generation Utility started (Logging to sb_content_cert.log)
2026-01-28 06:09:24,434 - Parsing config file: cert/cfg/ICVSBContent.cfg
2026-01-28 06:09:24,434 - Parsed config items:
cert-keypair:	cert/key/ICVSBContent.pem
cert-keypair-pwd:	cert/key/ICVSBContent.pwd
load-verify-scheme:	0
crypto-type:	0
aes-ce-id:	0
aes-enc-key:	cert/key/KCEICV.txt
images-table:	cert/Images.txt
nvcounter-val:	1
cert-pkg:	cert/ICVSBContent.crt
2026-01-28 06:09:24,435 - **** Creating Content Certificate ****
2026-01-28 06:09:24,452 - **** Certificate file (context) creation has been completed successfully ****
2026-01-28 06:36:53,827 - Content Certificate Generation Utility started (Logging to sb_content_cert.log)
2026-01-28 06:36:53,827 - Parsing config file: cert/cfg/ICVSBContent.cfg
2026-01-28 06:36:53,828 - Parsed config items:
cert-keypair:	cert/key/ICVSBContent.pem
cert-keypair-pwd:	cert/key/ICVSBContent.pwd
load-verify-scheme:	0
crypto-type:	0
aes-ce-id:	0
aes-enc-key:	cert/key/KCEICV.txt
images-table:	cert/Images.txt
nvcounter-val:	1
cert-pkg:	cert/ICVSBContent.crt
2026-01-28 06:36:53,828 - **** Creating Content Certificate ****
2026-01-28 06:36:53,844 - **** Certificate file (context) creation has been completed successfully ****
2026-01-28 06:36:56,968 - Content Certificate Generation Utility started (Logging to sb_content_cert.log)
2026-01-28 06:36:56,969 - Parsing config file: cert/cfg/ICVSBContent.cfg
2026-01-28 06:36:56,969 - Parsed config items:
cert-keypair:	cert/key/ICVSBContent.pem
cert-keypair-pwd:	cert/key/ICVSBContent.pwd
load-verify-scheme:	0
crypto-type:	0
aes-ce-id:	0
aes-enc-key:	cert/key/KCEICV.txt
images-table:	cert/Images.txt
nvcounter-val:	1
cert-pkg:	cert/ICVSBContent.crt
2026-01-28 06:36:56,969 - **** Creating Content Certificate ****
2026-01-28 06:36:56,984 - **** Certificate file (context) creation has been completed successfully ****
2026-01-28 06:37:00,446 - Content Certificate Generation Utility started (Logging to sb_content_cert.log)
2026-01-28 06:37:00,447 - Parsing config file: cert/cfg/ICVSBContent.cfg
2026-01-28 06:37:00,447 - Parsed config items:
cert-keypair:	cert/key/ICVSBContent.pem
cert-keypair-pwd:	cert/key/ICVSBContent.pwd
load-verify-scheme:	0
crypto-type:	0
aes-ce-id:	0
aes-enc-key:	cert/key/KCEICV.txt
images-table:	cert/Images.txt
nvcounter-val:	1
cert-pkg:	cert/ICVSBContent.crt
2026-01-28 06:37:00,447 - **** Creating Content Certificate ****
2026-01-28 06:37:00,465 - **** Certificate file (context) creation has been completed successfully ****
2026-01-28 06:37:03,788 - Content Certificate Generation Utility started (Logging to sb_content_cert.log)
2026-01-28 06:37:03,788 - Parsing config file: cert/cfg/ICVSBContent.cfg
2026-01-28 06:37:03,788 - Parsed config items:
cert-keypair:	cert/key/ICVSBContent.pem
cert-keypair-pwd:	cert/key/ICVSBContent.pwd
load-verify-scheme:	0
crypto-type:	0
aes-ce-id:	0
aes-enc-key:	cert/key/KCEICV.txt
images-table:	cert/Images.txt
nvcounter-val:	1
cert-pkg:	cert/ICVSBContent.crt
2026-01-28 06:37:03,788 - **** Creating Content Certificate ****
2026-01-28 06:37:03,808 - **** Certificate file (context) creation has been completed successfully ****
2026-01-28 06:37:07,807 - Content Certificate Generation Utility started (Logging to sb_content_cert.log)
2026-01-28 06:37:07,807 - Parsing config file: cert/cfg/ICVSBContent.cfg
2026-01-28 06:37:07,807 - Parsed config items:
cert-keypair:	cert/key/ICVSBContent.pem
cert-keypair-pwd:	cert/key/ICVSBContent.pwd
load-verify-scheme:	0
crypto-type:	0
aes-ce-id:	0
aes-enc-key:	cert/key/KCEICV.txt
images-table:	cert/Images.txt
nvcounter-val:	1
cert-pkg:	cert/ICVSBContent.crt
2026-01-28 06:37:07,807 - **** Creating Content Certificate ****
2026-01-28 06:37:07,826 - **** Certificate file (context) creation has been completed successfully ****
2026-01-28 06:37:11,236 - Content Certificate Generation Utility started (Logging to sb_content_cert.log)
2026-01-28 06:37:11,236 - Parsing config file: cert/cfg/ICVSBContent.cfg
2026-01-28 06:37:11,237 - Parsed config items:
cert-keypair:	cert/key/ICVSBContent.pem
cert-keypair-pwd:	cert/key/ICVSBContent.pwd
load-verify-scheme:	0
crypto-type:	0
aes-ce-id:	0
aes-enc-key:	cert/key/KCEICV.txt
images-table:	cert/Images.txt
nvcounter-val:	1
cert-pkg:	cert/ICVSBContent.crt
2026-01-28 06:37:11,237 - **** Creating Content Certificate ****
2026-01-28 06:37:11,251 - **** Certificate file (context) creation has been completed successfully ****
2026-01-28 06:49:23,518 - Content Certificate Generation Utility started (Logging to sb_content_cert.log)
2026-01-28 06:49:23,518 - Parsing config file: cert/cfg/ICVSBContent.cfg
2026-01-28 06:49:23,519 - Parsed config items:
cert-keypair:	cert/key/ICVSBContent.pem
cert-keypair-pwd:	cert/key/ICVSBContent.pwd
load-verify-scheme:	0
crypto-type:	0
aes-ce-id:	0
aes-enc-key:	cert/key/KCEICV.txt
images-table:	cert/Images.txt
nvcounter-val:	1
cert-pkg:	cert/ICVSBContent.crt
2026-01-28 06:49:23,519 - **** Creating Content Certificate ****
2026-01-28 06:49:23,535 - **** Certificate file (context) creation has been completed successfully ****
2026-01-28 06:49:26,891 - Content Certificate Generation Utility started (Logging to sb_content_cert.log)
2026-01-28 06:49:26,891 - Parsing config file: cert/cfg/ICVSBContent.cfg
2026-01-28 06:49:26,892 - Parsed config items:
cert-keypair:	cert/key/ICVSBContent.pem
cert-keypair-pwd:	cert/key/ICVSBContent.pwd
load-verify-scheme:	0
crypto-type:	0
aes-ce-id:	0
aes-enc-key:	cert/key/KCEICV.txt
images-table:	cert/Images.txt
nvcounter-val:	1
cert-pkg:	cert/ICVSBContent.crt
2026-01-28 06:49:26,892 - **** Creating Content Certificate ****
2026-01-28 06:49:26,906 - **** Certificate file (context) creation has been completed successfully ****
2026-01-28 06:49:30,328 - Content Certificate Generation Utility started (Logging to sb_content_cert.log)
2026-01-28 06:49:30,329 - Parsing config file: cert/cfg/ICVSBContent.cfg
2026-01-28 06:49:30,329 - Parsed config items:
cert-keypair:	cert/key/ICVSBContent.pem
cert-keypair-pwd:	cert/key/ICVSBContent.pwd
load-verify-scheme:	0
crypto-type:	0
aes-ce-id:	0
aes-enc-key:	cert/key/KCEICV.txt
images-table:	cert/Images.txt
nvcounter-val:	1
cert-pkg:	cert/ICVSBContent.crt
2026-01-28 06:49:30,329 - **** Creating Content Certificate ****
2026-01-28 06:49:30,348 - **** Certificate file (context) creation has been completed successfully ****
2026-01-28 06:49:33,889 - Content Certificate Generation Utility started (Logging to sb_content_cert.log)
2026-01-28 06:49:33,889 - Parsing config file: cert/cfg/ICVSBContent.cfg
2026-01-28 06:49:33,889 - Parsed config items:
cert-keypair:	cert/key/ICVSBContent.pem
cert-keypair-pwd:	cert/key/ICVSBContent.pwd
load-verify-scheme:	0
crypto-type:	0
aes-ce-id:	0
aes-enc-key:	cert/key/KCEICV.txt
images-table:	cert/Images.txt
nvcounter-val:	1
cert-pkg:	cert/ICVSBContent.crt
2026-01-28 06:49:33,889 - **** Creating Content Certificate ****
2026-01-28 06:49:33,905 - **** Certificate file (context) creation has been completed successfully ****
2026-01-28 06:49:37,782 - Content Certificate Generation Utility started (Logging to sb_content_cert.log)
2026-01-28 06:49:37,782 - Parsing config file: cert/cfg/ICVSBContent.cfg
2026-01-28 06:49:37,782 - Parsed config items:
cert-keypair:	cert/key/ICVSBContent.pem
cert-keypair-pwd:	cert/key/ICVSBContent.pwd
load-verify-scheme:	0
crypto-type:	0
aes-ce-id:	0
aes-enc-key:	cert/key/KCEICV.txt
images-table:	cert/Images.txt
nvcounter-val:	1
cert-pkg:	cert/ICVSBContent.crt
2026-01-28 06:49:37,782 - **** Creating Content Certificate ****
2026-01-28 06:49:37,800 - **** Certificate file (context) creation has been completed successfully ****
2026-01-28 06:49:41,336 - Content Certificate Generation Utility started (Logging to sb_content_cert.log)
2026-01-28 06:49:41,337 - Parsing config file: cert/cfg/ICVSBContent.cfg
2026-01-28 06:49:41,337 - Parsed config items:
cert-keypair:	cert/key/ICVSBContent.pem
cert-keypair-pwd:	cert/key/ICVSBContent.pwd
load-verify-scheme:	0
crypto-type:	0
aes-ce-id:	0
aes-enc-key:	cert/key/KCEICV.txt
images-table:	cert/Images.txt
nvcounter-val:	1
cert-pkg:	cert/ICVSBContent.crt
2026-01-28 06:49:41,337 - **** Creating Content Certificate ****
2026-01-28 06:49:41,354 - **** Certificate file (context) creation has been completed successfully ****
2026-01-28 06:53:47,898 - Content Certificate Generation Utility started (Logging to sb_content_cert.log)
2026-01-28 06:53:47,898 - Parsing config file: cert/cfg/ICVSBContent.cfg
2026-01-28 06:53:47,899 - Parsed config items:
cert-keypair:	cert/key/ICVSBContent.pem
cert-keypair-pwd:	cert/key/ICVSBContent.pwd
load-verify-scheme:	0
crypto-type:	0
aes-ce-id:	0
aes-enc-key:	cert/key/KCEICV.txt
images-table:	cert/Images.txt
nvcounter-val:	1
cert-pkg:	cert/ICVSBContent.crt
2026-01-28 06:53:47,899 - **** Creating Content Certificate ****
2026-01-28 06:53:47,915 - **** Certificate file (context) creation has been completed successfully ****
2026-01-28 06:53:51,409 - Content Certificate Generation Utility started (Logging to sb_content_cert.log)
2026-01-28 06:53:51,409 - Parsing config file: cert/cfg/ICVSBContent.cfg
2026-01-28 06:53:51,409 - Parsed config items:
cert-keypair:	cert/key/ICVSBContent.pem
cert-keypair-pwd:	cert/key/ICVSBContent.pwd
load-verify-scheme:	0
crypto-type:	0
aes-ce-id:	0
aes-enc-key:	cert/key/KCEICV.txt
images-table:	cert/Images.txt
nvcounter-val:	1
cert-pkg:	cert/ICVSBContent.crt
2026-01-28 06:53:51,409 - **** Creating Content Certificate ****
2026-01-28 06:53:51,424 - **** Certificate file (context) creation has been completed successfully ****
2026-01-28 06:53:54,992 - Content Certificate Generation Utility started (Logging to sb_content_cert.log)
2026-01-28 06:53:54,992 - Parsing config file: cert/cfg/ICVSBContent.cfg
2026-01-28 06:53:54,992 - Parsed config items:
cert-keypair:	cert/key/ICVSBContent.pem
cert-keypair-pwd:	cert/key/ICVSBContent.pwd
load-verify-scheme:	0
crypto-type:	0
aes-ce-id:	0
aes-enc-key:	cert/key/KCEICV.txt
images-table:	cert/Images.txt
nvcounter-val:	1
cert-pkg:	cert/ICVSBContent.crt
2026-01-28 06:53:54,992 - **** Creating Content Certificate ****
2026-01-28 06:53:55,009 - **** Certificate file (context) creation has been completed successfully ****
2026-01-28 06:53:58,657 - Content Certificate Generation Utility started (Logging to sb_content_cert.log)
2026-01-28 06:53:58,657 - Parsing config file: cert/cfg/ICVSBContent.cfg
2026-01-28 06:53:58,657 - Parsed config items:
cert-keypair:	cert/key/ICVSBContent.pem
cert-keypair-pwd:	cert/key/ICVSBContent.pwd
load-verify-scheme:	0
crypto-type:	0
aes-ce-id:	0
aes-enc-key:	cert/key/KCEICV.txt
images-table:	cert/Images.txt
nvcounter-val:	1
cert-pkg:	cert/ICVSBContent.crt
2026-01-28 06:53:58,657 - **** Creating Content Certificate ****
2026-01-28 06:53:58,673 - **** Certificate file (context) creation has been completed successfully ****
2026-01-28 06:54:02,971 - Content Certificate Generation Utility started (Logging to sb_content_cert.log)
2026-01-28 06:54:02,971 - Parsing config file: cert/cfg/ICVSBContent.cfg
2026-01-28 06:54:02,972 - Parsed config items:
cert-keypair:	cert/key/ICVSBContent.pem
cert-keypair-pwd:	cert/key/ICVSBContent.pwd
load-verify-scheme:	0
crypto-type:	0
aes-ce-id:	0
aes-enc-key:	cert/key/KCEICV.txt
images-table:	cert/Images.txt
nvcounter-val:	1
cert-pkg:	cert/ICVSBContent.crt
2026-01-28 06:54:02,972 - **** Creating Content Certificate ****
2026-01-28 06:54:02,988 - **** Certificate file (context) creation has been completed successfully ****
2026-01-28 06:54:06,526 - Content Certificate Generation Utility started (Logging to sb_content_cert.log)
2026-01-28 06:54:06,526 - Parsing config file: cert/cfg/ICVSBContent.cfg
2026-01-28 06:54:06,526 - Parsed config items:
cert-keypair:	cert/key/ICVSBContent.pem
cert-keypair-pwd:	cert/key/ICVSBContent.pwd
load-verify-scheme:	0
crypto-type:	0
aes-ce-id:	0
aes-enc-key:	cert/key/KCEICV.txt
images-table:	cert/Images.txt
nvcounter-val:	1
cert-pkg:	cert/ICVSBContent.crt
2026-01-28 06:54:06,526 - **** Creating Content Certificate ****
2026-01-28 06:54:06,541 - **** Certificate file (context) creation has been completed successfully ****
2026-02-05 17:18:51,389 - Content Certificate Generation Utility started (Logging to sb_content_cert.log)
2026-02-05 17:18:51,389 - Parsing config file: cert/cfg/ICVSBContent.cfg
2026-02-05 17:18:51,389 - Parsed config items:
cert-keypair:	cert/key/ICVSBContent.pem
cert-keypair-pwd:	cert/key/ICVSBContent.pwd
load-verify-scheme:	0
crypto-type:	0
aes-ce-id:	0
aes-enc-key:	cert/key/KCEICV.txt
images-table:	cert/Images.txt
nvcounter-val:	1
cert-pkg:	cert/ICVSBContent.crt
2026-02-05 17:18:51,389 - **** Creating Content Certificate ****
2026-02-05 17:18:51,404 - **** Certificate file (context) creation has been completed successfully ****
2026-02-05 17:18:56,074 - Content Certificate Generation Utility started (Logging to sb_content_cert.log)
2026-02-05 17:18:56,074 - Parsing config file: cert/cfg/ICVSBContent.cfg
2026-02-05 17:18:56,075 - Parsed config items:
cert-keypair:	cert/key/ICVSBContent.pem
cert-keypair-pwd:	cert/key/ICVSBContent.pwd
load-verify-scheme:	0
crypto-type:	0
aes-ce-id:	0
aes-enc-key:	cert/key/KCEICV.txt
images-table:	cert/Images.txt
nvcounter-val:	1
cert-pkg:	cert/ICVSBContent.crt
2026-02-05 17:18:56,075 - **** Creating Content Certificate ****
2026-02-05 17:18:56,088 - **** Certificate file (context) creation has been completed successfully ****
2026-02-05 17:18:59,752 - Content Certificate Generation Utility started (Logging to sb_content_cert.log)
2026-02-05 17:18:59,752 - Parsing config file: cert/cfg/ICVSBContent.cfg
2026-02-05 17:18:59,752 - Parsed config items:
cert-keypair:	cert/key/ICVSBContent.pem
cert-keypair-pwd:	cert/key/ICVSBContent.pwd
load-verify-scheme:	0
crypto-type:	0
aes-ce-id:	0
aes-enc-key:	cert/key/KCEICV.txt
images-table:	cert/Images.txt
nvcounter-val:	1
cert-pkg:	cert/ICVSBContent.crt
2026-02-05 17:18:59,752 - **** Creating Content Certificate ****
2026-02-05 17:18:59,767 - **** Certificate file (context) creation has been completed successfully ****
2026-02-05 17:19:03,266 - Content Certificate Generation Utility started (Logging to sb_content_cert.log)
2026-02-05 17:19:03,266 - Parsing config file: cert/cfg/ICVSBContent.cfg
2026-02-05 17:19:03,266 - Parsed config items:
cert-keypair:	cert/key/ICVSBContent.pem
cert-keypair-pwd:	cert/key/ICVSBContent.pwd
load-verify-scheme:	0
crypto-type:	0
aes-ce-id:	0
aes-enc-key:	cert/key/KCEICV.txt
images-table:	cert/Images.txt
nvcounter-val:	1
cert-pkg:	cert/ICVSBContent.crt
2026-02-05 17:19:03,266 - **** Creating Content Certificate ****
2026-02-05 17:19:03,282 - **** Certificate file (context) creation has been completed successfully ****
2026-02-05 17:19:07,261 - Content Certificate Generation Utility started (Logging to sb_content_cert.log)
2026-02-05 17:19:07,261 - Parsing config file: cert/cfg/ICVSBContent.cfg
2026-02-05 17:19:07,261 - Parsed config items:
cert-keypair:	cert/key/ICVSBContent.pem
cert-keypair-pwd:	cert/key/ICVSBContent.pwd
load-verify-scheme:	0
crypto-type:	0
aes-ce-id:	0
aes-enc-key:	cert/key/KCEICV.txt
images-table:	cert/Images.txt
nvcounter-val:	1
cert-pkg:	cert/ICVSBContent.crt
2026-02-05 17:19:07,261 - **** Creating Content Certificate ****
2026-02-05 17:19:07,275 - **** Certificate file (context) creation has been completed successfully ****
2026-02-05 17:19:11,081 - Content Certificate Generation Utility started (Logging to sb_content_cert.log)
2026-02-05 17:19:11,081 - Parsing config file: cert/cfg/ICVSBContent.cfg
2026-02-05 17:19:11,081 - Parsed config items:
cert-keypair:	cert/key/ICVSBContent.pem
cert-keypair-pwd:	cert/key/ICVSBContent.pwd
load-verify-scheme:	0
crypto-type:	0
aes-ce-id:	0
aes-enc-key:	cert/key/KCEICV.txt
images-table:	cert/Images.txt
nvcounter-val:	1
cert-pkg:	cert/ICVSBContent.crt
2026-02-05 17:19:11,081 - **** Creating Content Certificate ****
2026-02-05 17:19:11,098 - **** Certificate file (context) creation has been completed successfully ****
2026-02-05 17:30:33,458 - Content Certificate Generation Utility started (Logging to sb_content_cert.log)
2026-02-05 17:30:33,458 - Parsing config file: cert/cfg/ICVSBContent.cfg
2026-02-05 17:30:33,458 - Parsed config items:
cert-keypair:	cert/key/ICVSBContent.pem
cert-keypair-pwd:	cert/key/ICVSBContent.pwd
load-verify-scheme:	0
crypto-type:	0
aes-ce-id:	0
aes-enc-key:	cert/key/KCEICV.txt
images-table:	cert/Images.txt
nvcounter-val:	1
cert-pkg:	cert/ICVSBContent.crt
2026-02-05 17:30:33,459 - **** Creating Content Certificate ****
2026-02-05 17:30:33,476 - **** Certificate file (context) creation has been completed successfully ****
2026-02-05 17:30:37,046 - Content Certificate Generation Utility started (Logging to sb_content_cert.log)
2026-02-05 17:30:37,046 - Parsing config file: cert/cfg/ICVSBContent.cfg
2026-02-05 17:30:37,046 - Parsed config items:
cert-keypair:	cert/key/ICVSBContent.pem
cert-keypair-pwd:	cert/key/ICVSBContent.pwd
load-verify-scheme:	0
crypto-type:	0
aes-ce-id:	0
aes-enc-key:	cert/key/KCEICV.txt
images-table:	cert/Images.txt
nvcounter-val:	1
cert-pkg:	cert/ICVSBContent.crt
2026-02-05 17:30:37,046 - **** Creating Content Certificate ****
2026-02-05 17:30:37,060 - **** Certificate file (context) creation has been completed successfully ****
2026-02-05 17:30:40,563 - Content Certificate Generation Utility started (Logging to sb_content_cert.log)
2026-02-05 17:30:40,563 - Parsing config file: cert/cfg/ICVSBContent.cfg
2026-02-05 17:30:40,563 - Parsed config items:
cert-keypair:	cert/key/ICVSBContent.pem
cert-keypair-pwd:	cert/key/ICVSBContent.pwd
load-verify-scheme:	0
crypto-type:	0
aes-ce-id:	0
aes-enc-key:	cert/key/KCEICV.txt
images-table:	cert/Images.txt
nvcounter-val:	1
cert-pkg:	cert/ICVSBContent.crt
2026-02-05 17:30:40,564 - **** Creating Content Certificate ****
2026-02-05 17:30:40,578 - **** Certificate file (context) creation has been completed successfully ****
2026-02-05 17:30:44,113 - Content Certificate Generation Utility started (Logging to sb_content_cert.log)
2026-02-05 17:30:44,113 - Parsing config file: cert/cfg/ICVSBContent.cfg
2026-02-05 17:30:44,113 - Parsed config items:
cert-keypair:	cert/key/ICVSBContent.pem
cert-keypair-pwd:	cert/key/ICVSBContent.pwd
load-verify-scheme:	0
crypto-type:	0
aes-ce-id:	0
aes-enc-key:	cert/key/KCEICV.txt
images-table:	cert/Images.txt
nvcounter-val:	1
cert-pkg:	cert/ICVSBContent.crt
2026-02-05 17:30:44,113 - **** Creating Content Certificate ****
2026-02-05 17:30:44,135 - **** Certificate file (context) creation has been completed successfully ****
2026-02-05 17:30:48,340 - Content Certificate Generation Utility started (Logging to sb_content_cert.log)
2026-02-05 17:30:48,340 - Parsing config file: cert/cfg/ICVSBContent.cfg
2026-02-05 17:30:48,340 - Parsed config items:
cert-keypair:	cert/key/ICVSBContent.pem
cert-keypair-pwd:	cert/key/ICVSBContent.pwd
load-verify-scheme:	0
crypto-type:	0
aes-ce-id:	0
aes-enc-key:	cert/key/KCEICV.txt
images-table:	cert/Images.txt
nvcounter-val:	1
cert-pkg:	cert/ICVSBContent.crt
2026-02-05 17:30:48,341 - **** Creating Content Certificate ****
2026-02-05 17:30:48,359 - **** Certificate file (context) creation has been completed successfully ****
2026-02-05 17:30:51,846 - Content Certificate Generation Utility started (Logging to sb_content_cert.log)
2026-02-05 17:30:51,847 - Parsing config file: cert/cfg/ICVSBContent.cfg
2026-02-05 17:30:51,847 - Parsed config items:
cert-keypair:	cert/key/ICVSBContent.pem
cert-keypair-pwd:	cert/key/ICVSBContent.pwd
load-verify-scheme:	0
crypto-type:	0
aes-ce-id:	0
aes-enc-key:	cert/key/KCEICV.txt
images-table:	cert/Images.txt
nvcounter-val:	1
cert-pkg:	cert/ICVSBContent.crt
2026-02-05 17:30:51,847 - **** Creating Content Certificate ****
2026-02-05 17:30:51,867 - **** Certificate file (context) creation has been completed successfully ****
2026-02-05 17:32:58,859 - Content Certificate Generation Utility started (Logging to sb_content_cert.log)
2026-02-05 17:32:58,859 - Parsing config file: cert/cfg/ICVSBContent.cfg
2026-02-05 17:32:58,859 - Parsed config items:
cert-keypair:	cert/key/ICVSBContent.pem
cert-keypair-pwd:	cert/key/ICVSBContent.pwd
load-verify-scheme:	0
crypto-type:	0
aes-ce-id:	0
aes-enc-key:	cert/key/KCEICV.txt
images-table:	cert/Images.txt
nvcounter-val:	1
cert-pkg:	cert/ICVSBContent.crt
2026-02-05 17:32:58,859 - **** Creating Content Certificate ****
2026-02-05 17:32:58,875 - **** Certificate file (context) creation has been completed successfully ****
2026-02-05 17:33:02,507 - Content Certificate Generation Utility started (Logging to sb_content_cert.log)
2026-02-05 17:33:02,507 - Parsing config file: cert/cfg/ICVSBContent.cfg
2026-02-05 17:33:02,507 - Parsed config items:
cert-keypair:	cert/key/ICVSBContent.pem
cert-keypair-pwd:	cert/key/ICVSBContent.pwd
load-verify-scheme:	0
crypto-type:	0
aes-ce-id:	0
aes-enc-key:	cert/key/KCEICV.txt
images-table:	cert/Images.txt
nvcounter-val:	1
cert-pkg:	cert/ICVSBContent.crt
2026-02-05 17:33:02,507 - **** Creating Content Certificate ****
2026-02-05 17:33:02,522 - **** Certificate file (context) creation has been completed successfully ****
2026-02-05 17:33:06,220 - Content Certificate Generation Utility started (Logging to sb_content_cert.log)
2026-02-05 17:33:06,220 - Parsing config file: cert/cfg/ICVSBContent.cfg
2026-02-05 17:33:06,220 - Parsed config items:
cert-keypair:	cert/key/ICVSBContent.pem
cert-keypair-pwd:	cert/key/ICVSBContent.pwd
load-verify-scheme:	0
crypto-type:	0
aes-ce-id:	0
aes-enc-key:	cert/key/KCEICV.txt
images-table:	cert/Images.txt
nvcounter-val:	1
cert-pkg:	cert/ICVSBContent.crt
2026-02-05 17:33:06,220 - **** Creating Content Certificate ****
2026-02-05 17:33:06,240 - **** Certificate file (context) creation has been completed successfully ****
2026-02-05 17:33:09,735 - Content Certificate Generation Utility started (Logging to sb_content_cert.log)
2026-02-05 17:33:09,735 - Parsing config file: cert/cfg/ICVSBContent.cfg
2026-02-05 17:33:09,735 - Parsed config items:
cert-keypair:	cert/key/ICVSBContent.pem
cert-keypair-pwd:	cert/key/ICVSBContent.pwd
load-verify-scheme:	0
crypto-type:	0
aes-ce-id:	0
aes-enc-key:	cert/key/KCEICV.txt
images-table:	cert/Images.txt
nvcounter-val:	1
cert-pkg:	cert/ICVSBContent.crt
2026-02-05 17:33:09,735 - **** Creating Content Certificate ****
2026-02-05 17:33:09,749 - **** Certificate file (context) creation has been completed successfully ****
2026-02-05 17:33:13,689 - Content Certificate Generation Utility started (Logging to sb_content_cert.log)
2026-02-05 17:33:13,689 - Parsing config file: cert/cfg/ICVSBContent.cfg
2026-02-05 17:33:13,689 - Parsed config items:
cert-keypair:	cert/key/ICVSBContent.pem
cert-keypair-pwd:	cert/key/ICVSBContent.pwd
load-verify-scheme:	0
crypto-type:	0
aes-ce-id:	0
aes-enc-key:	cert/key/KCEICV.txt
images-table:	cert/Images.txt
nvcounter-val:	1
cert-pkg:	cert/ICVSBContent.crt
2026-02-05 17:33:13,689 - **** Creating Content Certificate ****
2026-02-05 17:33:13,705 - **** Certificate file (context) creation has been completed successfully ****
2026-02-05 17:33:17,254 - Content Certificate Generation Utility started (Logging to sb_content_cert.log)
2026-02-05 17:33:17,254 - Parsing config file: cert/cfg/ICVSBContent.cfg
2026-02-05 17:33:17,254 - Parsed config items:
cert-keypair:	cert/key/ICVSBContent.pem
cert-keypair-pwd:	cert/key/ICVSBContent.pwd
load-verify-scheme:	0
crypto-type:	0
aes-ce-id:	0
aes-enc-key:	cert/key/KCEICV.txt
images-table:	cert/Images.txt
nvcounter-val:	1
cert-pkg:	cert/ICVSBContent.crt
2026-02-05 17:33:17,255 - **** Creating Content Certificate ****
2026-02-05 17:33:17,274 - **** Certificate file (context) creation has been completed successfully ****
2026-02-05 17:40:59,281 - Content Certificate Generation Utility started (Logging to sb_content_cert.log)
2026-02-05 17:40:59,281 - Parsing config file: cert/cfg/ICVSBContent.cfg
2026-02-05 17:40:59,281 - Parsed config items:
cert-keypair:	cert/key/ICVSBContent.pem
cert-keypair-pwd:	cert/key/ICVSBContent.pwd
load-verify-scheme:	0
crypto-type:	0
aes-ce-id:	0
aes-enc-key:	cert/key/KCEICV.txt
images-table:	cert/Images.txt
nvcounter-val:	1
cert-pkg:	cert/ICVSBContent.crt
2026-02-05 17:40:59,281 - **** Creating Content Certificate ****
2026-02-05 17:40:59,301 - **** Certificate file (context) creation has been completed successfully ****
2026-02-05 17:41:03,638 - Content Certificate Generation Utility started (Logging to sb_content_cert.log)
2026-02-05 17:41:03,638 - Parsing config file: cert/cfg/ICVSBContent.cfg
2026-02-05 17:41:03,638 - Parsed config items:
cert-keypair:	cert/key/ICVSBContent.pem
cert-keypair-pwd:	cert/key/ICVSBContent.pwd
load-verify-scheme:	0
crypto-type:	0
aes-ce-id:	0
aes-enc-key:	cert/key/KCEICV.txt
images-table:	cert/Images.txt
nvcounter-val:	1
cert-pkg:	cert/ICVSBContent.crt
2026-02-05 17:41:03,638 - **** Creating Content Certificate ****
2026-02-05 17:41:03,659 - **** Certificate file (context) creation has been completed successfully ****
2026-02-05 17:41:09,031 - Content Certificate Generation Utility started (Logging to sb_content_cert.log)
2026-02-05 17:41:09,032 - Parsing config file: cert/cfg/ICVSBContent.cfg
2026-02-05 17:41:09,032 - Parsed config items:
cert-keypair:	cert/key/ICVSBContent.pem
cert-keypair-pwd:	cert/key/ICVSBContent.pwd
load-verify-scheme:	0
crypto-type:	0
aes-ce-id:	0
aes-enc-key:	cert/key/KCEICV.txt
images-table:	cert/Images.txt
nvcounter-val:	1
cert-pkg:	cert/ICVSBContent.crt
2026-02-05 17:41:09,032 - **** Creating Content Certificate ****
2026-02-05 17:41:09,051 - **** Certificate file (context) creation has been completed successfully ****
2026-02-05 17:41:13,714 - Content Certificate Generation Utility started (Logging to sb_content_cert.log)
2026-02-05 17:41:13,715 - Parsing config file: cert/cfg/ICVSBContent.cfg
2026-02-05 17:41:13,715 - Parsed config items:
cert-keypair:	cert/key/ICVSBContent.pem
cert-keypair-pwd:	cert/key/ICVSBContent.pwd
load-verify-scheme:	0
crypto-type:	0
aes-ce-id:	0
aes-enc-key:	cert/key/KCEICV.txt
images-table:	cert/Images.txt
nvcounter-val:	1
cert-pkg:	cert/ICVSBContent.crt
2026-02-05 17:41:13,715 - **** Creating Content Certificate ****
2026-02-05 17:41:13,738 - **** Certificate file (context) creation has been completed successfully ****
2026-02-05 17:41:18,429 - Content Certificate Generation Utility started (Logging to sb_content_cert.log)
2026-02-05 17:41:18,429 - Parsing config file: cert/cfg/ICVSBContent.cfg
2026-02-05 17:41:18,429 - Parsed config items:
cert-keypair:	cert/key/ICVSBContent.pem
cert-keypair-pwd:	cert/key/ICVSBContent.pwd
load-verify-scheme:	0
crypto-type:	0
aes-ce-id:	0
aes-enc-key:	cert/key/KCEICV.txt
images-table:	cert/Images.txt
nvcounter-val:	1
cert-pkg:	cert/ICVSBContent.crt
2026-02-05 17:41:18,429 - **** Creating Content Certificate ****
2026-02-05 17:41:18,447 - **** Certificate file (context) creation has been completed successfully ****
2026-02-05 17:41:22,487 - Content Certificate Generation Utility started (Logging to sb_content_cert.log)
2026-02-05 17:41:22,487 - Parsing config file: cert/cfg/ICVSBContent.cfg
2026-02-05 17:41:22,487 - Parsed config items:
cert-keypair:	cert/key/ICVSBContent.pem
cert-keypair-pwd:	cert/key/ICVSBContent.pwd
load-verify-scheme:	0
crypto-type:	0
aes-ce-id:	0
aes-enc-key:	cert/key/KCEICV.txt
images-table:	cert/Images.txt
nvcounter-val:	1
cert-pkg:	cert/ICVSBContent.crt
2026-02-05 17:41:22,488 - **** Creating Content Certificate ****
2026-02-05 17:41:22,507 - **** Certificate file (context) creation has been completed successfully ****
2026-02-05 18:04:53,617 - Content Certificate Generation Utility started (Logging to sb_content_cert.log)
2026-02-05 18:04:53,617 - Parsing config file: cert/cfg/ICVSBContent.cfg
2026-02-05 18:04:53,617 - Parsed config items:
cert-keypair:	cert/key/ICVSBContent.pem
cert-keypair-pwd:	cert/key/ICVSBContent.pwd
load-verify-scheme:	0
crypto-type:	0
aes-ce-id:	0
aes-enc-key:	cert/key/KCEICV.txt
images-table:	cert/Images.txt
nvcounter-val:	1
cert-pkg:	cert/ICVSBContent.crt
2026-02-05 18:04:53,617 - **** Creating Content Certificate ****
2026-02-05 18:04:53,638 - **** Certificate file (context) creation has been completed successfully ****
2026-02-05 18:04:58,343 - Content Certificate Generation Utility started (Logging to sb_content_cert.log)
2026-02-05 18:04:58,343 - Parsing config file: cert/cfg/ICVSBContent.cfg
2026-02-05 18:04:58,343 - Parsed config items:
cert-keypair:	cert/key/ICVSBContent.pem
cert-keypair-pwd:	cert/key/ICVSBContent.pwd
load-verify-scheme:	0
crypto-type:	0
aes-ce-id:	0
aes-enc-key:	cert/key/KCEICV.txt
images-table:	cert/Images.txt
nvcounter-val:	1
cert-pkg:	cert/ICVSBContent.crt
2026-02-05 18:04:58,343 - **** Creating Content Certificate ****
2026-02-05 18:04:58,361 - **** Certificate file (context) creation has been completed successfully ****
2026-02-05 18:05:02,762 - Content Certificate Generation Utility started (Logging to sb_content_cert.log)
2026-02-05 18:05:02,762 - Parsing config file: cert/cfg/ICVSBContent.cfg
2026-02-05 18:05:02,762 - Parsed config items:
cert-keypair:	cert/key/ICVSBContent.pem
cert-keypair-pwd:	cert/key/ICVSBContent.pwd
load-verify-scheme:	0
crypto-type:	0
aes-ce-id:	0
aes-enc-key:	cert/key/KCEICV.txt
images-table:	cert/Images.txt
nvcounter-val:	1
cert-pkg:	cert/ICVSBContent.crt
2026-02-05 18:05:02,762 - **** Creating Content Certificate ****
2026-02-05 18:05:02,776 - **** Certificate file (context) creation has been completed successfully ****
2026-02-05 18:05:08,232 - Content Certificate Generation Utility started (Logging to sb_content_cert.log)
2026-02-05 18:05:08,232 - Parsing config file: cert/cfg/ICVSBContent.cfg
2026-02-05 18:05:08,232 - Parsed config items:
cert-keypair:	cert/key/ICVSBContent.pem
cert-keypair-pwd:	cert/key/ICVSBContent.pwd
load-verify-scheme:	0
crypto-type:	0
aes-ce-id:	0
aes-enc-key:	cert/key/KCEICV.txt
images-table:	cert/Images.txt
nvcounter-val:	1
cert-pkg:	cert/ICVSBContent.crt
2026-02-05 18:05:08,232 - **** Creating Content Certificate ****
2026-02-05 18:05:08,250 - **** Certificate file (context) creation has been completed successfully ****
2026-02-05 18:05:15,696 - Content Certificate Generation Utility started (Logging to sb_content_cert.log)
2026-02-05 18:05:15,696 - Parsing config file: cert/cfg/ICVSBContent.cfg
2026-02-05 18:05:15,696 - Parsed config items:
cert-keypair:	cert/key/ICVSBContent.pem
cert-keypair-pwd:	cert/key/ICVSBContent.pwd
load-verify-scheme:	0
crypto-type:	0
aes-ce-id:	0
aes-enc-key:	cert/key/KCEICV.txt
images-table:	cert/Images.txt
nvcounter-val:	1
cert-pkg:	cert/ICVSBContent.crt
2026-02-05 18:05:15,696 - **** Creating Content Certificate ****
2026-02-05 18:05:15,711 - **** Certificate file (context) creation has been completed successfully ****
2026-02-05 18:05:20,107 - Content Certificate Generation Utility started (Logging to sb_content_cert.log)
2026-02-05 18:05:20,107 - Parsing config file: cert/cfg/ICVSBContent.cfg
2026-02-05 18:05:20,107 - Parsed config items:
cert-keypair:	cert/key/ICVSBContent.pem
cert-keypair-pwd:	cert/key/ICVSBContent.pwd
load-verify-scheme:	0
crypto-type:	0
aes-ce-id:	0
aes-enc-key:	cert/key/KCEICV.txt
images-table:	cert/Images.txt
nvcounter-val:	1
cert-pkg:	cert/ICVSBContent.crt
2026-02-05 18:05:20,107 - **** Creating Content Certificate ****
2026-02-05 18:05:20,126 - **** Certificate file (context) creation has been completed successfully ****
2026-02-05 18:14:25,779 - Content Certificate Generation Utility started (Logging to sb_content_cert.log)
2026-02-05 18:14:25,779 - Parsing config file: cert/cfg/ICVSBContent.cfg
2026-02-05 18:14:25,779 - Parsed config items:
cert-keypair:	cert/key/ICVSBContent.pem
cert-keypair-pwd:	cert/key/ICVSBContent.pwd
load-verify-scheme:	0
crypto-type:	0
aes-ce-id:	0
aes-enc-key:	cert/key/KCEICV.txt
images-table:	cert/Images.txt
nvcounter-val:	1
cert-pkg:	cert/ICVSBContent.crt
2026-02-05 18:14:25,779 - **** Creating Content Certificate ****
2026-02-05 18:14:25,793 - **** Certificate file (context) creation has been completed successfully ****
2026-02-05 18:14:30,052 - Content Certificate Generation Utility started (Logging to sb_content_cert.log)
2026-02-05 18:14:30,052 - Parsing config file: cert/cfg/ICVSBContent.cfg
2026-02-05 18:14:30,052 - Parsed config items:
cert-keypair:	cert/key/ICVSBContent.pem
cert-keypair-pwd:	cert/key/ICVSBContent.pwd
load-verify-scheme:	0
crypto-type:	0
aes-ce-id:	0
aes-enc-key:	cert/key/KCEICV.txt
images-table:	cert/Images.txt
nvcounter-val:	1
cert-pkg:	cert/ICVSBContent.crt
2026-02-05 18:14:30,053 - **** Creating Content Certificate ****
2026-02-05 18:14:30,069 - **** Certificate file (context) creation has been completed successfully ****
2026-02-05 18:14:34,268 - Content Certificate Generation Utility started (Logging to sb_content_cert.log)
2026-02-05 18:14:34,268 - Parsing config file: cert/cfg/ICVSBContent.cfg
2026-02-05 18:14:34,268 - Parsed config items:
cert-keypair:	cert/key/ICVSBContent.pem
cert-keypair-pwd:	cert/key/ICVSBContent.pwd
load-verify-scheme:	0
crypto-type:	0
aes-ce-id:	0
aes-enc-key:	cert/key/KCEICV.txt
images-table:	cert/Images.txt
nvcounter-val:	1
cert-pkg:	cert/ICVSBContent.crt
2026-02-05 18:14:34,268 - **** Creating Content Certificate ****
2026-02-05 18:14:34,287 - **** Certificate file (context) creation has been completed successfully ****
2026-02-05 18:14:38,997 - Content Certificate Generation Utility started (Logging to sb_content_cert.log)
2026-02-05 18:14:38,997 - Parsing config file: cert/cfg/ICVSBContent.cfg
2026-02-05 18:14:38,997 - Parsed config items:
cert-keypair:	cert/key/ICVSBContent.pem
cert-keypair-pwd:	cert/key/ICVSBContent.pwd
load-verify-scheme:	0
crypto-type:	0
aes-ce-id:	0
aes-enc-key:	cert/key/KCEICV.txt
images-table:	cert/Images.txt
nvcounter-val:	1
cert-pkg:	cert/ICVSBContent.crt
2026-02-05 18:14:38,997 - **** Creating Content Certificate ****
2026-02-05 18:14:39,012 - **** Certificate file (context) creation has been completed successfully ****
2026-02-05 18:14:44,218 - Content Certificate Generation Utility started (Logging to sb_content_cert.log)
2026-02-05 18:14:44,218 - Parsing config file: cert/cfg/ICVSBContent.cfg
2026-02-05 18:14:44,219 - Parsed config items:
cert-keypair:	cert/key/ICVSBContent.pem
cert-keypair-pwd:	cert/key/ICVSBContent.pwd
load-verify-scheme:	0
crypto-type:	0
aes-ce-id:	0
aes-enc-key:	cert/key/KCEICV.txt
images-table:	cert/Images.txt
nvcounter-val:	1
cert-pkg:	cert/ICVSBContent.crt
2026-02-05 18:14:44,219 - **** Creating Content Certificate ****
2026-02-05 18:14:44,235 - **** Certificate file (context) creation has been completed successfully ****
2026-02-05 18:14:48,434 - Content Certificate Generation Utility started (Logging to sb_content_cert.log)
2026-02-05 18:14:48,434 - Parsing config file: cert/cfg/ICVSBContent.cfg
2026-02-05 18:14:48,434 - Parsed config items:
cert-keypair:	cert/key/ICVSBContent.pem
cert-keypair-pwd:	cert/key/ICVSBContent.pwd
load-verify-scheme:	0
crypto-type:	0
aes-ce-id:	0
aes-enc-key:	cert/key/KCEICV.txt
images-table:	cert/Images.txt
nvcounter-val:	1
cert-pkg:	cert/ICVSBContent.crt
2026-02-05 18:14:48,434 - **** Creating Content Certificate ****
2026-02-05 18:14:48,450 - **** Certificate file (context) creation has been completed successfully ****
2026-02-05 18:20:18,897 - Content Certificate Generation Utility started (Logging to sb_content_cert.log)
2026-02-05 18:20:18,897 - Parsing config file: cert/cfg/ICVSBContent.cfg
2026-02-05 18:20:18,897 - Parsed config items:
cert-keypair:	cert/key/ICVSBContent.pem
cert-keypair-pwd:	cert/key/ICVSBContent.pwd
load-verify-scheme:	0
crypto-type:	0
aes-ce-id:	0
aes-enc-key:	cert/key/KCEICV.txt
images-table:	cert/Images.txt
nvcounter-val:	1
cert-pkg:	cert/ICVSBContent.crt
2026-02-05 18:20:18,897 - **** Creating Content Certificate ****
2026-02-05 18:20:18,914 - **** Certificate file (context) creation has been completed successfully ****
2026-02-05 18:20:22,613 - Content Certificate Generation Utility started (Logging to sb_content_cert.log)
2026-02-05 18:20:22,613 - Parsing config file: cert/cfg/ICVSBContent.cfg
2026-02-05 18:20:22,613 - Parsed config items:
cert-keypair:	cert/key/ICVSBContent.pem
cert-keypair-pwd:	cert/key/ICVSBContent.pwd
load-verify-scheme:	0
crypto-type:	0
aes-ce-id:	0
aes-enc-key:	cert/key/KCEICV.txt
images-table:	cert/Images.txt
nvcounter-val:	1
cert-pkg:	cert/ICVSBContent.crt
2026-02-05 18:20:22,613 - **** Creating Content Certificate ****
2026-02-05 18:20:22,630 - **** Certificate file (context) creation has been completed successfully ****
2026-02-05 18:20:27,111 - Content Certificate Generation Utility started (Logging to sb_content_cert.log)
2026-02-05 18:20:27,111 - Parsing config file: cert/cfg/ICVSBContent.cfg
2026-02-05 18:20:27,112 - Parsed config items:
cert-keypair:	cert/key/ICVSBContent.pem
cert-keypair-pwd:	cert/key/ICVSBContent.pwd
load-verify-scheme:	0
crypto-type:	0
aes-ce-id:	0
aes-enc-key:	cert/key/KCEICV.txt
images-table:	cert/Images.txt
nvcounter-val:	1
cert-pkg:	cert/ICVSBContent.crt
2026-02-05 18:20:27,112 - **** Creating Content Certificate ****
2026-02-05 18:20:27,137 - **** Certificate file (context) creation has been completed successfully ****
2026-02-05 18:20:32,164 - Content Certificate Generation Utility started (Logging to sb_content_cert.log)
2026-02-05 18:20:32,164 - Parsing config file: cert/cfg/ICVSBContent.cfg
2026-02-05 18:20:32,164 - Parsed config items:
cert-keypair:	cert/key/ICVSBContent.pem
cert-keypair-pwd:	cert/key/ICVSBContent.pwd
load-verify-scheme:	0
crypto-type:	0
aes-ce-id:	0
aes-enc-key:	cert/key/KCEICV.txt
images-table:	cert/Images.txt
nvcounter-val:	1
cert-pkg:	cert/ICVSBContent.crt
2026-02-05 18:20:32,164 - **** Creating Content Certificate ****
2026-02-05 18:20:32,190 - **** Certificate file (context) creation has been completed successfully ****
2026-02-05 18:20:37,791 - Content Certificate Generation Utility started (Logging to sb_content_cert.log)
2026-02-05 18:20:37,791 - Parsing config file: cert/cfg/ICVSBContent.cfg
2026-02-05 18:20:37,791 - Parsed config items:
cert-keypair:	cert/key/ICVSBContent.pem
cert-keypair-pwd:	cert/key/ICVSBContent.pwd
load-verify-scheme:	0
crypto-type:	0
aes-ce-id:	0
aes-enc-key:	cert/key/KCEICV.txt
images-table:	cert/Images.txt
nvcounter-val:	1
cert-pkg:	cert/ICVSBContent.crt
2026-02-05 18:20:37,791 - **** Creating Content Certificate ****
2026-02-05 18:20:37,817 - **** Certificate file (context) creation has been completed successfully ****
2026-02-05 18:20:43,157 - Content Certificate Generation Utility started (Logging to sb_content_cert.log)
2026-02-05 18:20:43,157 - Parsing config file: cert/cfg/ICVSBContent.cfg
2026-02-05 18:20:43,157 - Parsed config items:
cert-keypair:	cert/key/ICVSBContent.pem
cert-keypair-pwd:	cert/key/ICVSBContent.pwd
load-verify-scheme:	0
crypto-type:	0
aes-ce-id:	0
aes-enc-key:	cert/key/KCEICV.txt
images-table:	cert/Images.txt
nvcounter-val:	1
cert-pkg:	cert/ICVSBContent.crt
2026-02-05 18:20:43,157 - **** Creating Content Certificate ****
2026-02-05 18:20:43,181 - **** Certificate file (context) creation has been completed successfully ****
2026-02-05 21:47:19,029 - Content Certificate Generation Utility started (Logging to sb_content_cert.log)
2026-02-05 21:47:19,029 - Parsing config file: cert/cfg/ICVSBContent.cfg
2026-02-05 21:47:19,029 - Parsed config items:
cert-keypair:	cert/key/ICVSBContent.pem
cert-keypair-pwd:	cert/key/ICVSBContent.pwd
load-verify-scheme:	0
crypto-type:	0
aes-ce-id:	0
aes-enc-key:	cert/key/KCEICV.txt
images-table:	cert/Images.txt
nvcounter-val:	1
cert-pkg:	cert/ICVSBContent.crt
2026-02-05 21:47:19,029 - **** Creating Content Certificate ****
2026-02-05 21:47:19,043 - **** Certificate file (context) creation has been completed successfully ****
2026-02-05 21:47:27,239 - Content Certificate Generation Utility started (Logging to sb_content_cert.log)
2026-02-05 21:47:27,239 - Parsing config file: cert/cfg/ICVSBContent.cfg
2026-02-05 21:47:27,239 - Parsed config items:
cert-keypair:	cert/key/ICVSBContent.pem
cert-keypair-pwd:	cert/key/ICVSBContent.pwd
load-verify-scheme:	0
crypto-type:	0
aes-ce-id:	0
aes-enc-key:	cert/key/KCEICV.txt
images-table:	cert/Images.txt
nvcounter-val:	1
cert-pkg:	cert/ICVSBContent.crt
2026-02-05 21:47:27,239 - **** Creating Content Certificate ****
2026-02-05 21:47:27,254 - **** Certificate file (context) creation has been completed successfully ****
2026-02-05 21:47:40,378 - Content Certificate Generation Utility started (Logging to sb_content_cert.log)
2026-02-05 21:47:40,378 - Parsing config file: cert/cfg/ICVSBContent.cfg
2026-02-05 21:47:40,378 - Parsed config items:
cert-keypair:	cert/key/ICVSBContent.pem
cert-keypair-pwd:	cert/key/ICVSBContent.pwd
load-verify-scheme:	0
crypto-type:	0
aes-ce-id:	0
aes-enc-key:	cert/key/KCEICV.txt
images-table:	cert/Images.txt
nvcounter-val:	1
cert-pkg:	cert/ICVSBContent.crt
2026-02-05 21:47:40,378 - **** Creating Content Certificate ****
2026-02-05 21:47:40,394 - **** Certificate file (context) creation has been completed successfully ****
2026-02-05 21:47:52,332 - Content Certificate Generation Utility started (Logging to sb_content_cert.log)
2026-02-05 21:47:52,332 - Parsing config file: cert/cfg/ICVSBContent.cfg
2026-02-05 21:47:52,332 - Parsed config items:
cert-keypair:	cert/key/ICVSBContent.pem
cert-keypair-pwd:	cert/key/ICVSBContent.pwd
load-verify-scheme:	0
crypto-type:	0
aes-ce-id:	0
aes-enc-key:	cert/key/KCEICV.txt
images-table:	cert/Images.txt
nvcounter-val:	1
cert-pkg:	cert/ICVSBContent.crt
2026-02-05 21:47:52,332 - **** Creating Content Certificate ****
2026-02-05 21:47:52,355 - **** Certificate file (context) creation has been completed successfully ****
2026-02-05 21:48:06,000 - Content Certificate Generation Utility started (Logging to sb_content_cert.log)
2026-02-05 21:48:06,000 - Parsing config file: cert/cfg/ICVSBContent.cfg
2026-02-05 21:48:06,000 - Parsed config items:
cert-keypair:	cert/key/ICVSBContent.pem
cert-keypair-pwd:	cert/key/ICVSBContent.pwd
load-verify-scheme:	0
crypto-type:	0
aes-ce-id:	0
aes-enc-key:	cert/key/KCEICV.txt
images-table:	cert/Images.txt
nvcounter-val:	1
cert-pkg:	cert/ICVSBContent.crt
2026-02-05 21:48:06,000 - **** Creating Content Certificate ****
2026-02-05 21:48:06,014 - **** Certificate file (context) creation has been completed successfully ****
2026-02-05 21:48:17,616 - Content Certificate Generation Utility started (Logging to sb_content_cert.log)
2026-02-05 21:48:17,616 - Parsing config file: cert/cfg/ICVSBContent.cfg
2026-02-05 21:48:17,616 - Parsed config items:
cert-keypair:	cert/key/ICVSBContent.pem
cert-keypair-pwd:	cert/key/ICVSBContent.pwd
load-verify-scheme:	0
crypto-type:	0
aes-ce-id:	0
aes-enc-key:	cert/key/KCEICV.txt
images-table:	cert/Images.txt
nvcounter-val:	1
cert-pkg:	cert/ICVSBContent.crt
2026-02-05 21:48:17,616 - **** Creating Content Certificate ****
2026-02-05 21:48:17,630 - **** Certificate file (context) creation has been completed successfully ****
2026-02-05 22:16:34,045 - Content Certificate Generation Utility started (Logging to sb_content_cert.log)
2026-02-05 22:16:34,045 - Parsing config file: cert/cfg/ICVSBContent.cfg
2026-02-05 22:16:34,045 - Parsed config items:
cert-keypair:	cert/key/ICVSBContent.pem
cert-keypair-pwd:	cert/key/ICVSBContent.pwd
load-verify-scheme:	0
crypto-type:	0
aes-ce-id:	0
aes-enc-key:	cert/key/KCEICV.txt
images-table:	cert/Images.txt
nvcounter-val:	1
cert-pkg:	cert/ICVSBContent.crt
2026-02-05 22:16:34,045 - **** Creating Content Certificate ****
2026-02-05 22:16:34,066 - **** Certificate file (context) creation has been completed successfully ****
2026-02-05 22:16:49,295 - Content Certificate Generation Utility started (Logging to sb_content_cert.log)
2026-02-05 22:16:49,295 - Parsing config file: cert/cfg/ICVSBContent.cfg
2026-02-05 22:16:49,296 - Parsed config items:
cert-keypair:	cert/key/ICVSBContent.pem
cert-keypair-pwd:	cert/key/ICVSBContent.pwd
load-verify-scheme:	0
crypto-type:	0
aes-ce-id:	0
aes-enc-key:	cert/key/KCEICV.txt
images-table:	cert/Images.txt
nvcounter-val:	1
cert-pkg:	cert/ICVSBContent.crt
2026-02-05 22:16:49,296 - **** Creating Content Certificate ****
2026-02-05 22:16:49,326 - **** Certificate file (context) creation has been completed successfully ****
2026-02-05 22:33:03,784 - Content Certificate Generation Utility started (Logging to sb_content_cert.log)
2026-02-05 22:33:03,784 - Parsing config file: cert/cfg/ICVSBContent.cfg
2026-02-05 22:33:03,784 - Parsed config items:
cert-keypair:	cert/key/ICVSBContent.pem
cert-keypair-pwd:	cert/key/ICVSBContent.pwd
load-verify-scheme:	0
crypto-type:	0
aes-ce-id:	0
aes-enc-key:	cert/key/KCEICV.txt
images-table:	cert/Images.txt
nvcounter-val:	1
cert-pkg:	cert/ICVSBContent.crt
2026-02-05 22:33:03,784 - **** Creating Content Certificate ****
2026-02-05 22:33:03,800 - **** Certificate file (context) creation has been completed successfully ****
2026-02-05 22:50:28,522 - Content Certificate Generation Utility started (Logging to sb_content_cert.log)
2026-02-05 22:50:28,523 - Parsing config file: cert/cfg/ICVSBContent.cfg
2026-02-05 22:50:28,523 - Parsed config items:
cert-keypair:	cert/key/ICVSBContent.pem
cert-keypair-pwd:	cert/key/ICVSBContent.pwd
load-verify-scheme:	0
crypto-type:	0
aes-ce-id:	0
aes-enc-key:	cert/key/KCEICV.txt
images-table:	cert/Images.txt
nvcounter-val:	1
cert-pkg:	cert/ICVSBContent.crt
2026-02-05 22:50:28,523 - **** Creating Content Certificate ****
2026-02-05 22:50:28,560 - **** Certificate file (context) creation has been completed successfully ****
2026-02-05 22:50:44,177 - Content Certificate Generation Utility started (Logging to sb_content_cert.log)
2026-02-05 22:50:44,177 - Parsing config file: cert/cfg/ICVSBContent.cfg
2026-02-05 22:50:44,177 - Parsed config items:
cert-keypair:	cert/key/ICVSBContent.pem
cert-keypair-pwd:	cert/key/ICVSBContent.pwd
load-verify-scheme:	0
crypto-type:	0
aes-ce-id:	0
aes-enc-key:	cert/key/KCEICV.txt
images-table:	cert/Images.txt
nvcounter-val:	1
cert-pkg:	cert/ICVSBContent.crt
2026-02-05 22:50:44,177 - **** Creating Content Certificate ****
2026-02-05 22:50:44,193 - **** Certificate file (context) creation has been completed successfully ****
2026-02-05 23:40:21,854 - Content Certificate Generation Utility started (Logging to sb_content_cert.log)
2026-02-05 23:40:21,855 - Parsing config file: cert/cfg/ICVSBContent.cfg
2026-02-05 23:40:21,855 - Parsed config items:
cert-keypair:	cert/key/ICVSBContent.pem
cert-keypair-pwd:	cert/key/ICVSBContent.pwd
load-verify-scheme:	0
crypto-type:	0
aes-ce-id:	0
aes-enc-key:	cert/key/KCEICV.txt
images-table:	cert/Images.txt
nvcounter-val:	1
cert-pkg:	cert/ICVSBContent.crt
2026-02-05 23:40:21,855 - **** Creating Content Certificate ****
2026-02-05 23:40:21,873 - **** Certificate file (context) creation has been completed successfully ****
2026-02-06 06:57:59,390 - Content Certificate Generation Utility started (Logging to sb_content_cert.log)
2026-02-06 06:57:59,391 - Parsing config file: cert/cfg/ICVSBContent.cfg
2026-02-06 06:57:59,391 - Parsed config items:
cert-keypair:	cert/key/ICVSBContent.pem
cert-keypair-pwd:	cert/key/ICVSBContent.pwd
load-verify-scheme:	0
crypto-type:	0
aes-ce-id:	0
aes-enc-key:	cert/key/KCEICV.txt
images-table:	cert/Images.txt
nvcounter-val:	1
cert-pkg:	cert/ICVSBContent.crt
2026-02-06 06:57:59,391 - **** Creating Content Certificate ****
2026-02-06 06:57:59,416 - **** Certificate file (context) creation has been completed successfully ****
2026-02-06 06:58:02,946 - Content Certificate Generation Utility started (Logging to sb_content_cert.log)
2026-02-06 06:58:02,946 - Parsing config file: cert/cfg/ICVSBContent.cfg
2026-02-06 06:58:02,947 - Parsed config items:
cert-keypair:	cert/key/ICVSBContent.pem
cert-keypair-pwd:	cert/key/ICVSBContent.pwd
load-verify-scheme:	0
crypto-type:	0
aes-ce-id:	0
aes-enc-key:	cert/key/KCEICV.txt
images-table:	cert/Images.txt
nvcounter-val:	1
cert-pkg:	cert/ICVSBContent.crt
2026-02-06 06:58:02,947 - **** Creating Content Certificate ****
2026-02-06 06:58:02,961 - **** Certificate file (context) creation has been completed successfully ****
2026-02-06 06:58:08,582 - Content Certificate Generation Utility started (Logging to sb_content_cert.log)
2026-02-06 06:58:08,582 - Parsing config file: cert/cfg/ICVSBContent.cfg
2026-02-06 06:58:08,582 - Parsed config items:
cert-keypair:	cert/key/ICVSBContent.pem
cert-keypair-pwd:	cert/key/ICVSBContent.pwd
load-verify-scheme:	0
crypto-type:	0
aes-ce-id:	0
aes-enc-key:	cert/key/KCEICV.txt
images-table:	cert/Images.txt
nvcounter-val:	1
cert-pkg:	cert/ICVSBContent.crt
2026-02-06 06:58:08,582 - **** Creating Content Certificate ****
2026-02-06 06:58:08,597 - **** Certificate file (context) creation has been completed successfully ****
2026-02-06 06:58:13,955 - Content Certificate Generation Utility started (Logging to sb_content_cert.log)
2026-02-06 06:58:13,955 - Parsing config file: cert/cfg/ICVSBContent.cfg
2026-02-06 06:58:13,955 - Parsed config items:
cert-keypair:	cert/key/ICVSBContent.pem
cert-keypair-pwd:	cert/key/ICVSBContent.pwd
load-verify-scheme:	0
crypto-type:	0
aes-ce-id:	0
aes-enc-key:	cert/key/KCEICV.txt
images-table:	cert/Images.txt
nvcounter-val:	1
cert-pkg:	cert/ICVSBContent.crt
2026-02-06 06:58:13,955 - **** Creating Content Certificate ****
2026-02-06 06:58:13,971 - **** Certificate file (context) creation has been completed successfully ****
2026-02-06 06:58:18,143 - Content Certificate Generation Utility started (Logging to sb_content_cert.log)
2026-02-06 06:58:18,143 - Parsing config file: cert/cfg/ICVSBContent.cfg
2026-02-06 06:58:18,143 - Parsed config items:
cert-keypair:	cert/key/ICVSBContent.pem
cert-keypair-pwd:	cert/key/ICVSBContent.pwd
load-verify-scheme:	0
crypto-type:	0
aes-ce-id:	0
aes-enc-key:	cert/key/KCEICV.txt
images-table:	cert/Images.txt
nvcounter-val:	1
cert-pkg:	cert/ICVSBContent.crt
2026-02-06 06:58:18,143 - **** Creating Content Certificate ****
2026-02-06 06:58:18,157 - **** Certificate file (context) creation has been completed successfully ****
2026-02-06 06:58:21,633 - Content Certificate Generation Utility started (Logging to sb_content_cert.log)
2026-02-06 06:58:21,633 - Parsing config file: cert/cfg/ICVSBContent.cfg
2026-02-06 06:58:21,634 - Parsed config items:
cert-keypair:	cert/key/ICVSBContent.pem
cert-keypair-pwd:	cert/key/ICVSBContent.pwd
load-verify-scheme:	0
crypto-type:	0
aes-ce-id:	0
aes-enc-key:	cert/key/KCEICV.txt
images-table:	cert/Images.txt
nvcounter-val:	1
cert-pkg:	cert/ICVSBContent.crt
2026-02-06 06:58:21,634 - **** Creating Content Certificate ****
2026-02-06 06:58:21,649 - **** Certificate file (context) creation has been completed successfully ****
2026-02-06 07:36:20,898 - Content Certificate Generation Utility started (Logging to sb_content_cert.log)
2026-02-06 07:36:20,898 - Parsing config file: cert/cfg/ICVSBContent.cfg
2026-02-06 07:36:20,898 - Parsed config items:
cert-keypair:	cert/key/ICVSBContent.pem
cert-keypair-pwd:	cert/key/ICVSBContent.pwd
load-verify-scheme:	0
crypto-type:	0
aes-ce-id:	0
aes-enc-key:	cert/key/KCEICV.txt
images-table:	cert/Images.txt
nvcounter-val:	1
cert-pkg:	cert/ICVSBContent.crt
2026-02-06 07:36:20,898 - **** Creating Content Certificate ****
2026-02-06 07:36:20,914 - **** Certificate file (context) creation has been completed successfully ****
2026-02-06 07:36:24,666 - Content Certificate Generation Utility started (Logging to sb_content_cert.log)
2026-02-06 07:36:24,666 - Parsing config file: cert/cfg/ICVSBContent.cfg
2026-02-06 07:36:24,666 - Parsed config items:
cert-keypair:	cert/key/ICVSBContent.pem
cert-keypair-pwd:	cert/key/ICVSBContent.pwd
load-verify-scheme:	0
crypto-type:	0
aes-ce-id:	0
aes-enc-key:	cert/key/KCEICV.txt
images-table:	cert/Images.txt
nvcounter-val:	1
cert-pkg:	cert/ICVSBContent.crt
2026-02-06 07:36:24,666 - **** Creating Content Certificate ****
2026-02-06 07:36:24,681 - **** Certificate file (context) creation has been completed successfully ****
2026-02-06 07:36:28,226 - Content Certificate Generation Utility started (Logging to sb_content_cert.log)
2026-02-06 07:36:28,226 - Parsing config file: cert/cfg/ICVSBContent.cfg
2026-02-06 07:36:28,226 - Parsed config items:
cert-keypair:	cert/key/ICVSBContent.pem
cert-keypair-pwd:	cert/key/ICVSBContent.pwd
load-verify-scheme:	0
crypto-type:	0
aes-ce-id:	0
aes-enc-key:	cert/key/KCEICV.txt
images-table:	cert/Images.txt
nvcounter-val:	1
cert-pkg:	cert/ICVSBContent.crt
2026-02-06 07:36:28,226 - **** Creating Content Certificate ****
2026-02-06 07:36:28,241 - **** Certificate file (context) creation has been completed successfully ****
2026-02-06 07:36:31,707 - Content Certificate Generation Utility started (Logging to sb_content_cert.log)
2026-02-06 07:36:31,707 - Parsing config file: cert/cfg/ICVSBContent.cfg
2026-02-06 07:36:31,708 - Parsed config items:
cert-keypair:	cert/key/ICVSBContent.pem
cert-keypair-pwd:	cert/key/ICVSBContent.pwd
load-verify-scheme:	0
crypto-type:	0
aes-ce-id:	0
aes-enc-key:	cert/key/KCEICV.txt
images-table:	cert/Images.txt
nvcounter-val:	1
cert-pkg:	cert/ICVSBContent.crt
2026-02-06 07:36:31,708 - **** Creating Content Certificate ****
2026-02-06 07:36:31,723 - **** Certificate file (context) creation has been completed successfully ****
2026-02-06 07:36:35,685 - Content Certificate Generation Utility started (Logging to sb_content_cert.log)
2026-02-06 07:36:35,685 - Parsing config file: cert/cfg/ICVSBContent.cfg
2026-02-06 07:36:35,685 - Parsed config items:
cert-keypair:	cert/key/ICVSBContent.pem
cert-keypair-pwd:	cert/key/ICVSBContent.pwd
load-verify-scheme:	0
crypto-type:	0
aes-ce-id:	0
aes-enc-key:	cert/key/KCEICV.txt
images-table:	cert/Images.txt
nvcounter-val:	1
cert-pkg:	cert/ICVSBContent.crt
2026-02-06 07:36:35,685 - **** Creating Content Certificate ****
2026-02-06 07:36:35,699 - **** Certificate file (context) creation has been completed successfully ****
2026-02-06 07:36:42,491 - Content Certificate Generation Utility started (Logging to sb_content_cert.log)
2026-02-06 07:36:42,491 - Parsing config file: cert/cfg/ICVSBContent.cfg
2026-02-06 07:36:42,491 - Parsed config items:
cert-keypair:	cert/key/ICVSBContent.pem
cert-keypair-pwd:	cert/key/ICVSBContent.pwd
load-verify-scheme:	0
crypto-type:	0
aes-ce-id:	0
aes-enc-key:	cert/key/KCEICV.txt
images-table:	cert/Images.txt
nvcounter-val:	1
cert-pkg:	cert/ICVSBContent.crt
2026-02-06 07:36:42,491 - **** Creating Content Certificate ****
2026-02-06 07:36:42,505 - **** Certificate file (context) creation has been completed successfully ****
2026-02-06 07:51:16,448 - Content Certificate Generation Utility started (Logging to sb_content_cert.log)
2026-02-06 07:51:16,448 - Parsing config file: cert/cfg/ICVSBContent.cfg
2026-02-06 07:51:16,449 - Parsed config items:
cert-keypair:	cert/key/ICVSBContent.pem
cert-keypair-pwd:	cert/key/ICVSBContent.pwd
load-verify-scheme:	0
crypto-type:	0
aes-ce-id:	0
aes-enc-key:	cert/key/KCEICV.txt
images-table:	cert/Images.txt
nvcounter-val:	1
cert-pkg:	cert/ICVSBContent.crt
2026-02-06 07:51:16,449 - **** Creating Content Certificate ****
2026-02-06 07:51:16,467 - **** Certificate file (context) creation has been completed successfully ****
2026-02-06 07:51:19,738 - Content Certificate Generation Utility started (Logging to sb_content_cert.log)
2026-02-06 07:51:19,738 - Parsing config file: cert/cfg/ICVSBContent.cfg
2026-02-06 07:51:19,738 - Parsed config items:
cert-keypair:	cert/key/ICVSBContent.pem
cert-keypair-pwd:	cert/key/ICVSBContent.pwd
load-verify-scheme:	0
crypto-type:	0
aes-ce-id:	0
aes-enc-key:	cert/key/KCEICV.txt
images-table:	cert/Images.txt
nvcounter-val:	1
cert-pkg:	cert/ICVSBContent.crt
2026-02-06 07:51:19,738 - **** Creating Content Certificate ****
2026-02-06 07:51:19,755 - **** Certificate file (context) creation has been completed successfully ****
2026-02-06 07:51:22,895 - Content Certificate Generation Utility started (Logging to sb_content_cert.log)
2026-02-06 07:51:22,895 - Parsing config file: cert/cfg/ICVSBContent.cfg
2026-02-06 07:51:22,895 - Parsed config items:
cert-keypair:	cert/key/ICVSBContent.pem
cert-keypair-pwd:	cert/key/ICVSBContent.pwd
load-verify-scheme:	0
crypto-type:	0
aes-ce-id:	0
aes-enc-key:	cert/key/KCEICV.txt
images-table:	cert/Images.txt
nvcounter-val:	1
cert-pkg:	cert/ICVSBContent.crt
2026-02-06 07:51:22,895 - **** Creating Content Certificate ****
2026-02-06 07:51:22,915 - **** Certificate file (context) creation has been completed successfully ****
2026-02-06 07:51:26,057 - Content Certificate Generation Utility started (Logging to sb_content_cert.log)
2026-02-06 07:51:26,057 - Parsing config file: cert/cfg/ICVSBContent.cfg
2026-02-06 07:51:26,057 - Parsed config items:
cert-keypair:	cert/key/ICVSBContent.pem
cert-keypair-pwd:	cert/key/ICVSBContent.pwd
load-verify-scheme:	0
crypto-type:	0
aes-ce-id:	0
aes-enc-key:	cert/key/KCEICV.txt
images-table:	cert/Images.txt
nvcounter-val:	1
cert-pkg:	cert/ICVSBContent.crt
2026-02-06 07:51:26,057 - **** Creating Content Certificate ****
2026-02-06 07:51:26,077 - **** Certificate file (context) creation has been completed successfully ****
2026-02-06 07:51:29,973 - Content Certificate Generation Utility started (Logging to sb_content_cert.log)
2026-02-06 07:51:29,974 - Parsing config file: cert/cfg/ICVSBContent.cfg
2026-02-06 07:51:29,974 - Parsed config items:
cert-keypair:	cert/key/ICVSBContent.pem
cert-keypair-pwd:	cert/key/ICVSBContent.pwd
load-verify-scheme:	0
crypto-type:	0
aes-ce-id:	0
aes-enc-key:	cert/key/KCEICV.txt
images-table:	cert/Images.txt
nvcounter-val:	1
cert-pkg:	cert/ICVSBContent.crt
2026-02-06 07:51:29,974 - **** Creating Content Certificate ****
2026-02-06 07:51:29,987 - **** Certificate file (context) creation has been completed successfully ****
2026-02-06 07:51:33,226 - Content Certificate Generation Utility started (Logging to sb_content_cert.log)
2026-02-06 07:51:33,226 - Parsing config file: cert/cfg/ICVSBContent.cfg
2026-02-06 07:51:33,226 - Parsed config items:
cert-keypair:	cert/key/ICVSBContent.pem
cert-keypair-pwd:	cert/key/ICVSBContent.pwd
load-verify-scheme:	0
crypto-type:	0
aes-ce-id:	0
aes-enc-key:	cert/key/KCEICV.txt
images-table:	cert/Images.txt
nvcounter-val:	1
cert-pkg:	cert/ICVSBContent.crt
2026-02-06 07:51:33,226 - **** Creating Content Certificate ****
2026-02-06 07:51:33,242 - **** Certificate file (context) creation has been completed successfully ****
2026-02-06 08:16:02,544 - Content Certificate Generation Utility started (Logging to sb_content_cert.log)
2026-02-06 08:16:02,544 - Parsing config file: cert/cfg/ICVSBContent.cfg
2026-02-06 08:16:02,544 - Parsed config items:
cert-keypair:	cert/key/ICVSBContent.pem
cert-keypair-pwd:	cert/key/ICVSBContent.pwd
load-verify-scheme:	0
crypto-type:	0
aes-ce-id:	0
aes-enc-key:	cert/key/KCEICV.txt
images-table:	cert/Images.txt
nvcounter-val:	1
cert-pkg:	cert/ICVSBContent.crt
2026-02-06 08:16:02,544 - **** Creating Content Certificate ****
2026-02-06 08:16:02,559 - **** Certificate file (context) creation has been completed successfully ****
2026-02-06 08:16:06,104 - Content Certificate Generation Utility started (Logging to sb_content_cert.log)
2026-02-06 08:16:06,104 - Parsing config file: cert/cfg/ICVSBContent.cfg
2026-02-06 08:16:06,104 - Parsed config items:
cert-keypair:	cert/key/ICVSBContent.pem
cert-keypair-pwd:	cert/key/ICVSBContent.pwd
load-verify-scheme:	0
crypto-type:	0
aes-ce-id:	0
aes-enc-key:	cert/key/KCEICV.txt
images-table:	cert/Images.txt
nvcounter-val:	1
cert-pkg:	cert/ICVSBContent.crt
2026-02-06 08:16:06,104 - **** Creating Content Certificate ****
2026-02-06 08:16:06,118 - **** Certificate file (context) creation has been completed successfully ****
2026-02-06 08:16:09,637 - Content Certificate Generation Utility started (Logging to sb_content_cert.log)
2026-02-06 08:16:09,637 - Parsing config file: cert/cfg/ICVSBContent.cfg
2026-02-06 08:16:09,638 - Parsed config items:
cert-keypair:	cert/key/ICVSBContent.pem
cert-keypair-pwd:	cert/key/ICVSBContent.pwd
load-verify-scheme:	0
crypto-type:	0
aes-ce-id:	0
aes-enc-key:	cert/key/KCEICV.txt
images-table:	cert/Images.txt
nvcounter-val:	1
cert-pkg:	cert/ICVSBContent.crt
2026-02-06 08:16:09,638 - **** Creating Content Certificate ****
2026-02-06 08:16:09,653 - **** Certificate file (context) creation has been completed successfully ****
2026-02-06 08:16:13,209 - Content Certificate Generation Utility started (Logging to sb_content_cert.log)
2026-02-06 08:16:13,209 - Parsing config file: cert/cfg/ICVSBContent.cfg
2026-02-06 08:16:13,209 - Parsed config items:
cert-keypair:	cert/key/ICVSBContent.pem
cert-keypair-pwd:	cert/key/ICVSBContent.pwd
load-verify-scheme:	0
crypto-type:	0
aes-ce-id:	0
aes-enc-key:	cert/key/KCEICV.txt
images-table:	cert/Images.txt
nvcounter-val:	1
cert-pkg:	cert/ICVSBContent.crt
2026-02-06 08:16:13,209 - **** Creating Content Certificate ****
2026-02-06 08:16:13,224 - **** Certificate file (context) creation has been completed successfully ****
2026-02-06 08:16:17,126 - Content Certificate Generation Utility started (Logging to sb_content_cert.log)
2026-02-06 08:16:17,126 - Parsing config file: cert/cfg/ICVSBContent.cfg
2026-02-06 08:16:17,127 - Parsed config items:
cert-keypair:	cert/key/ICVSBContent.pem
cert-keypair-pwd:	cert/key/ICVSBContent.pwd
load-verify-scheme:	0
crypto-type:	0
aes-ce-id:	0
aes-enc-key:	cert/key/KCEICV.txt
images-table:	cert/Images.txt
nvcounter-val:	1
cert-pkg:	cert/ICVSBContent.crt
2026-02-06 08:16:17,127 - **** Creating Content Certificate ****
2026-02-06 08:16:17,142 - **** Certificate file (context) creation has been completed successfully ****
2026-02-06 08:16:20,646 - Content Certificate Generation Utility started (Logging to sb_content_cert.log)
2026-02-06 08:16:20,646 - Parsing config file: cert/cfg/ICVSBContent.cfg
2026-02-06 08:16:20,646 - Parsed config items:
cert-keypair:	cert/key/ICVSBContent.pem
cert-keypair-pwd:	cert/key/ICVSBContent.pwd
load-verify-scheme:	0
crypto-type:	0
aes-ce-id:	0
aes-enc-key:	cert/key/KCEICV.txt
images-table:	cert/Images.txt
nvcounter-val:	1
cert-pkg:	cert/ICVSBContent.crt
2026-02-06 08:16:20,646 - **** Creating Content Certificate ****
2026-02-06 08:16:20,661 - **** Certificate file (context) creation has been completed successfully ****
2026-02-06 09:36:36,901 - Content Certificate Generation Utility started (Logging to sb_content_cert.log)
2026-02-06 09:36:36,901 - Parsing config file: cert/cfg/ICVSBContent.cfg
2026-02-06 09:36:36,901 - Parsed config items:
cert-keypair:	cert/key/ICVSBContent.pem
cert-keypair-pwd:	cert/key/ICVSBContent.pwd
load-verify-scheme:	0
crypto-type:	0
aes-ce-id:	0
aes-enc-key:	cert/key/KCEICV.txt
images-table:	cert/Images.txt
nvcounter-val:	1
cert-pkg:	cert/ICVSBContent.crt
2026-02-06 09:36:36,901 - **** Creating Content Certificate ****
2026-02-06 09:36:36,921 - **** Certificate file (context) creation has been completed successfully ****
2026-02-06 09:36:40,601 - Content Certificate Generation Utility started (Logging to sb_content_cert.log)
2026-02-06 09:36:40,601 - Parsing config file: cert/cfg/ICVSBContent.cfg
2026-02-06 09:36:40,601 - Parsed config items:
cert-keypair:	cert/key/ICVSBContent.pem
cert-keypair-pwd:	cert/key/ICVSBContent.pwd
load-verify-scheme:	0
crypto-type:	0
aes-ce-id:	0
aes-enc-key:	cert/key/KCEICV.txt
images-table:	cert/Images.txt
nvcounter-val:	1
cert-pkg:	cert/ICVSBContent.crt
2026-02-06 09:36:40,602 - **** Creating Content Certificate ****
2026-02-06 09:36:40,615 - **** Certificate file (context) creation has been completed successfully ****
2026-02-06 09:36:45,844 - Content Certificate Generation Utility started (Logging to sb_content_cert.log)
2026-02-06 09:36:45,844 - Parsing config file: cert/cfg/ICVSBContent.cfg
2026-02-06 09:36:45,844 - Parsed config items:
cert-keypair:	cert/key/ICVSBContent.pem
cert-keypair-pwd:	cert/key/ICVSBContent.pwd
load-verify-scheme:	0
crypto-type:	0
aes-ce-id:	0
aes-enc-key:	cert/key/KCEICV.txt
images-table:	cert/Images.txt
nvcounter-val:	1
cert-pkg:	cert/ICVSBContent.crt
2026-02-06 09:36:45,844 - **** Creating Content Certificate ****
2026-02-06 09:36:45,858 - **** Certificate file (context) creation has been completed successfully ****
2026-02-06 09:36:49,967 - Content Certificate Generation Utility started (Logging to sb_content_cert.log)
2026-02-06 09:36:49,967 - Parsing config file: cert/cfg/ICVSBContent.cfg
2026-02-06 09:36:49,967 - Parsed config items:
cert-keypair:	cert/key/ICVSBContent.pem
cert-keypair-pwd:	cert/key/ICVSBContent.pwd
load-verify-scheme:	0
crypto-type:	0
aes-ce-id:	0
aes-enc-key:	cert/key/KCEICV.txt
images-table:	cert/Images.txt
nvcounter-val:	1
cert-pkg:	cert/ICVSBContent.crt
2026-02-06 09:36:49,967 - **** Creating Content Certificate ****
2026-02-06 09:36:49,982 - **** Certificate file (context) creation has been completed successfully ****
2026-02-06 09:36:54,690 - Content Certificate Generation Utility started (Logging to sb_content_cert.log)
2026-02-06 09:36:54,691 - Parsing config file: cert/cfg/ICVSBContent.cfg
2026-02-06 09:36:54,691 - Parsed config items:
cert-keypair:	cert/key/ICVSBContent.pem
cert-keypair-pwd:	cert/key/ICVSBContent.pwd
load-verify-scheme:	0
crypto-type:	0
aes-ce-id:	0
aes-enc-key:	cert/key/KCEICV.txt
images-table:	cert/Images.txt
nvcounter-val:	1
cert-pkg:	cert/ICVSBContent.crt
2026-02-06 09:36:54,691 - **** Creating Content Certificate ****
2026-02-06 09:36:54,708 - **** Certificate file (context) creation has been completed successfully ****
2026-02-06 09:36:59,893 - Content Certificate Generation Utility started (Logging to sb_content_cert.log)
2026-02-06 09:36:59,893 - Parsing config file: cert/cfg/ICVSBContent.cfg
2026-02-06 09:36:59,894 - Parsed config items:
cert-keypair:	cert/key/ICVSBContent.pem
cert-keypair-pwd:	cert/key/ICVSBContent.pwd
load-verify-scheme:	0
crypto-type:	0
aes-ce-id:	0
aes-enc-key:	cert/key/KCEICV.txt
images-table:	cert/Images.txt
nvcounter-val:	1
cert-pkg:	cert/ICVSBContent.crt
2026-02-06 09:36:59,894 - **** Creating Content Certificate ****
2026-02-06 09:36:59,908 - **** Certificate file (context) creation has been completed successfully ****
2026-02-06 11:38:24,065 - Content Certificate Generation Utility started (Logging to sb_content_cert.log)
2026-02-06 11:38:24,065 - Parsing config file: cert/cfg/ICVSBContent.cfg
2026-02-06 11:38:24,065 - Parsed config items:
cert-keypair:	cert/key/ICVSBContent.pem
cert-keypair-pwd:	cert/key/ICVSBContent.pwd
load-verify-scheme:	0
crypto-type:	0
aes-ce-id:	0
aes-enc-key:	cert/key/KCEICV.txt
images-table:	cert/Images.txt
nvcounter-val:	1
cert-pkg:	cert/ICVSBContent.crt
2026-02-06 11:38:24,066 - **** Creating Content Certificate ****
2026-02-06 11:38:24,080 - **** Certificate file (context) creation has been completed successfully ****
2026-02-06 11:38:27,825 - Content Certificate Generation Utility started (Logging to sb_content_cert.log)
2026-02-06 11:38:27,825 - Parsing config file: cert/cfg/ICVSBContent.cfg
2026-02-06 11:38:27,826 - Parsed config items:
cert-keypair:	cert/key/ICVSBContent.pem
cert-keypair-pwd:	cert/key/ICVSBContent.pwd
load-verify-scheme:	0
crypto-type:	0
aes-ce-id:	0
aes-enc-key:	cert/key/KCEICV.txt
images-table:	cert/Images.txt
nvcounter-val:	1
cert-pkg:	cert/ICVSBContent.crt
2026-02-06 11:38:27,826 - **** Creating Content Certificate ****
2026-02-06 11:38:27,840 - **** Certificate file (context) creation has been completed successfully ****
2026-02-06 11:38:31,732 - Content Certificate Generation Utility started (Logging to sb_content_cert.log)
2026-02-06 11:38:31,733 - Parsing config file: cert/cfg/ICVSBContent.cfg
2026-02-06 11:38:31,733 - Parsed config items:
cert-keypair:	cert/key/ICVSBContent.pem
cert-keypair-pwd:	cert/key/ICVSBContent.pwd
load-verify-scheme:	0
crypto-type:	0
aes-ce-id:	0
aes-enc-key:	cert/key/KCEICV.txt
images-table:	cert/Images.txt
nvcounter-val:	1
cert-pkg:	cert/ICVSBContent.crt
2026-02-06 11:38:31,733 - **** Creating Content Certificate ****
2026-02-06 11:38:31,748 - **** Certificate file (context) creation has been completed successfully ****
2026-02-06 11:38:35,675 - Content Certificate Generation Utility started (Logging to sb_content_cert.log)
2026-02-06 11:38:35,675 - Parsing config file: cert/cfg/ICVSBContent.cfg
2026-02-06 11:38:35,675 - Parsed config items:
cert-keypair:	cert/key/ICVSBContent.pem
cert-keypair-pwd:	cert/key/ICVSBContent.pwd
load-verify-scheme:	0
crypto-type:	0
aes-ce-id:	0
aes-enc-key:	cert/key/KCEICV.txt
images-table:	cert/Images.txt
nvcounter-val:	1
cert-pkg:	cert/ICVSBContent.crt
2026-02-06 11:38:35,675 - **** Creating Content Certificate ****
2026-02-06 11:38:35,690 - **** Certificate file (context) creation has been completed successfully ****
2026-02-06 11:38:39,747 - Content Certificate Generation Utility started (Logging to sb_content_cert.log)
2026-02-06 11:38:39,747 - Parsing config file: cert/cfg/ICVSBContent.cfg
2026-02-06 11:38:39,747 - Parsed config items:
cert-keypair:	cert/key/ICVSBContent.pem
cert-keypair-pwd:	cert/key/ICVSBContent.pwd
load-verify-scheme:	0
crypto-type:	0
aes-ce-id:	0
aes-enc-key:	cert/key/KCEICV.txt
images-table:	cert/Images.txt
nvcounter-val:	1
cert-pkg:	cert/ICVSBContent.crt
2026-02-06 11:38:39,748 - **** Creating Content Certificate ****
2026-02-06 11:38:39,766 - **** Certificate file (context) creation has been completed successfully ****
2026-02-06 11:38:43,334 - Content Certificate Generation Utility started (Logging to sb_content_cert.log)
2026-02-06 11:38:43,334 - Parsing config file: cert/cfg/ICVSBContent.cfg
2026-02-06 11:38:43,334 - Parsed config items:
cert-keypair:	cert/key/ICVSBContent.pem
cert-keypair-pwd:	cert/key/ICVSBContent.pwd
load-verify-scheme:	0
crypto-type:	0
aes-ce-id:	0
aes-enc-key:	cert/key/KCEICV.txt
images-table:	cert/Images.txt
nvcounter-val:	1
cert-pkg:	cert/ICVSBContent.crt
2026-02-06 11:38:43,334 - **** Creating Content Certificate ****
2026-02-06 11:38:43,357 - **** Certificate file (context) creation has been completed successfully ****
2026-02-06 13:24:53,518 - Content Certificate Generation Utility started (Logging to sb_content_cert.log)
2026-02-06 13:24:53,519 - Parsing config file: cert/cfg/ICVSBContent.cfg
2026-02-06 13:24:53,519 - Parsed config items:
cert-keypair:	cert/key/ICVSBContent.pem
cert-keypair-pwd:	cert/key/ICVSBContent.pwd
load-verify-scheme:	0
crypto-type:	0
aes-ce-id:	0
aes-enc-key:	cert/key/KCEICV.txt
images-table:	cert/Images.txt
nvcounter-val:	1
cert-pkg:	cert/ICVSBContent.crt
2026-02-06 13:24:53,519 - **** Creating Content Certificate ****
2026-02-06 13:24:53,537 - **** Certificate file (context) creation has been completed successfully ****
2026-02-06 13:24:57,433 - Content Certificate Generation Utility started (Logging to sb_content_cert.log)
2026-02-06 13:24:57,433 - Parsing config file: cert/cfg/ICVSBContent.cfg
2026-02-06 13:24:57,433 - Parsed config items:
cert-keypair:	cert/key/ICVSBContent.pem
cert-keypair-pwd:	cert/key/ICVSBContent.pwd
load-verify-scheme:	0
crypto-type:	0
aes-ce-id:	0
aes-enc-key:	cert/key/KCEICV.txt
images-table:	cert/Images.txt
nvcounter-val:	1
cert-pkg:	cert/ICVSBContent.crt
2026-02-06 13:24:57,433 - **** Creating Content Certificate ****
2026-02-06 13:24:57,447 - **** Certificate file (context) creation has been completed successfully ****
2026-02-06 13:25:01,826 - Content Certificate Generation Utility started (Logging to sb_content_cert.log)
2026-02-06 13:25:01,827 - Parsing config file: cert/cfg/ICVSBContent.cfg
2026-02-06 13:25:01,827 - Parsed config items:
cert-keypair:	cert/key/ICVSBContent.pem
cert-keypair-pwd:	cert/key/ICVSBContent.pwd
load-verify-scheme:	0
crypto-type:	0
aes-ce-id:	0
aes-enc-key:	cert/key/KCEICV.txt
images-table:	cert/Images.txt
nvcounter-val:	1
cert-pkg:	cert/ICVSBContent.crt
2026-02-06 13:25:01,827 - **** Creating Content Certificate ****
2026-02-06 13:25:01,853 - **** Certificate file (context) creation has been completed successfully ****
2026-02-06 13:25:05,988 - Content Certificate Generation Utility started (Logging to sb_content_cert.log)
2026-02-06 13:25:05,988 - Parsing config file: cert/cfg/ICVSBContent.cfg
2026-02-06 13:25:05,988 - Parsed config items:
cert-keypair:	cert/key/ICVSBContent.pem
cert-keypair-pwd:	cert/key/ICVSBContent.pwd
load-verify-scheme:	0
crypto-type:	0
aes-ce-id:	0
aes-enc-key:	cert/key/KCEICV.txt
images-table:	cert/Images.txt
nvcounter-val:	1
cert-pkg:	cert/ICVSBContent.crt
2026-02-06 13:25:05,988 - **** Creating Content Certificate ****
2026-02-06 13:25:06,002 - **** Certificate file (context) creation has been completed successfully ****
2026-02-06 13:25:13,085 - Content Certificate Generation Utility started (Logging to sb_content_cert.log)
2026-02-06 13:25:13,085 - Parsing config file: cert/cfg/ICVSBContent.cfg
2026-02-06 13:25:13,085 - Parsed config items:
cert-keypair:	cert/key/ICVSBContent.pem
cert-keypair-pwd:	cert/key/ICVSBContent.pwd
load-verify-scheme:	0
crypto-type:	0
aes-ce-id:	0
aes-enc-key:	cert/key/KCEICV.txt
images-table:	cert/Images.txt
nvcounter-val:	1
cert-pkg:	cert/ICVSBContent.crt
2026-02-06 13:25:13,085 - **** Creating Content Certificate ****
2026-02-06 13:25:13,105 - **** Certificate file (context) creation has been completed successfully ****
2026-02-06 13:25:17,108 - Content Certificate Generation Utility started (Logging to sb_content_cert.log)
2026-02-06 13:25:17,108 - Parsing config file: cert/cfg/ICVSBContent.cfg
2026-02-06 13:25:17,108 - Parsed config items:
cert-keypair:	cert/key/ICVSBContent.pem
cert-keypair-pwd:	cert/key/ICVSBContent.pwd
load-verify-scheme:	0
crypto-type:	0
aes-ce-id:	0
aes-enc-key:	cert/key/KCEICV.txt
images-table:	cert/Images.txt
nvcounter-val:	1
cert-pkg:	cert/ICVSBContent.crt
2026-02-06 13:25:17,108 - **** Creating Content Certificate ****
2026-02-06 13:25:17,121 - **** Certificate file (context) creation has been completed successfully ****
2026-02-06 16:16:06,044 - Content Certificate Generation Utility started (Logging to sb_content_cert.log)
2026-02-06 16:16:06,044 - Parsing config file: cert/cfg/ICVSBContent.cfg
2026-02-06 16:16:06,044 - Parsed config items:
cert-keypair:	cert/key/ICVSBContent.pem
cert-keypair-pwd:	cert/key/ICVSBContent.pwd
load-verify-scheme:	0
crypto-type:	0
aes-ce-id:	0
aes-enc-key:	cert/key/KCEICV.txt
images-table:	cert/Images.txt
nvcounter-val:	1
cert-pkg:	cert/ICVSBContent.crt
2026-02-06 16:16:06,044 - **** Creating Content Certificate ****
2026-02-06 16:16:06,058 - **** Certificate file (context) creation has been completed successfully ****
2026-02-06 16:16:09,503 - Content Certificate Generation Utility started (Logging to sb_content_cert.log)
2026-02-06 16:16:09,503 - Parsing config file: cert/cfg/ICVSBContent.cfg
2026-02-06 16:16:09,504 - Parsed config items:
cert-keypair:	cert/key/ICVSBContent.pem
cert-keypair-pwd:	cert/key/ICVSBContent.pwd
load-verify-scheme:	0
crypto-type:	0
aes-ce-id:	0
aes-enc-key:	cert/key/KCEICV.txt
images-table:	cert/Images.txt
nvcounter-val:	1
cert-pkg:	cert/ICVSBContent.crt
2026-02-06 16:16:09,504 - **** Creating Content Certificate ****
2026-02-06 16:16:09,523 - **** Certificate file (context) creation has been completed successfully ****
2026-02-06 16:16:12,693 - Content Certificate Generation Utility started (Logging to sb_content_cert.log)
2026-02-06 16:16:12,693 - Parsing config file: cert/cfg/ICVSBContent.cfg
2026-02-06 16:16:12,693 - Parsed config items:
cert-keypair:	cert/key/ICVSBContent.pem
cert-keypair-pwd:	cert/key/ICVSBContent.pwd
load-verify-scheme:	0
crypto-type:	0
aes-ce-id:	0
aes-enc-key:	cert/key/KCEICV.txt
images-table:	cert/Images.txt
nvcounter-val:	1
cert-pkg:	cert/ICVSBContent.crt
2026-02-06 16:16:12,693 - **** Creating Content Certificate ****
2026-02-06 16:16:12,714 - **** Certificate file (context) creation has been completed successfully ****
2026-02-06 16:16:15,718 - Content Certificate Generation Utility started (Logging to sb_content_cert.log)
2026-02-06 16:16:15,718 - Parsing config file: cert/cfg/ICVSBContent.cfg
2026-02-06 16:16:15,719 - Parsed config items:
cert-keypair:	cert/key/ICVSBContent.pem
cert-keypair-pwd:	cert/key/ICVSBContent.pwd
load-verify-scheme:	0
crypto-type:	0
aes-ce-id:	0
aes-enc-key:	cert/key/KCEICV.txt
images-table:	cert/Images.txt
nvcounter-val:	1
cert-pkg:	cert/ICVSBContent.crt
2026-02-06 16:16:15,719 - **** Creating Content Certificate ****
2026-02-06 16:16:15,738 - **** Certificate file (context) creation has been completed successfully ****
2026-02-06 16:16:20,005 - Content Certificate Generation Utility started (Logging to sb_content_cert.log)
2026-02-06 16:16:20,005 - Parsing config file: cert/cfg/ICVSBContent.cfg
2026-02-06 16:16:20,005 - Parsed config items:
cert-keypair:	cert/key/ICVSBContent.pem
cert-keypair-pwd:	cert/key/ICVSBContent.pwd
load-verify-scheme:	0
crypto-type:	0
aes-ce-id:	0
aes-enc-key:	cert/key/KCEICV.txt
images-table:	cert/Images.txt
nvcounter-val:	1
cert-pkg:	cert/ICVSBContent.crt
2026-02-06 16:16:20,005 - **** Creating Content Certificate ****
2026-02-06 16:16:20,018 - **** Certificate file (context) creation has been completed successfully ****
2026-02-06 16:16:23,047 - Content Certificate Generation Utility started (Logging to sb_content_cert.log)
2026-02-06 16:16:23,047 - Parsing config file: cert/cfg/ICVSBContent.cfg
2026-02-06 16:16:23,047 - Parsed config items:
cert-keypair:	cert/key/ICVSBContent.pem
cert-keypair-pwd:	cert/key/ICVSBContent.pwd
load-verify-scheme:	0
crypto-type:	0
aes-ce-id:	0
aes-enc-key:	cert/key/KCEICV.txt
images-table:	cert/Images.txt
nvcounter-val:	1
cert-pkg:	cert/ICVSBContent.crt
2026-02-06 16:16:23,047 - **** Creating Content Certificate ****
2026-02-06 16:16:23,060 - **** Certificate file (context) creation has been completed successfully ****
2026-02-06 17:20:14,352 - Content Certificate Generation Utility started (Logging to sb_content_cert.log)
2026-02-06 17:20:14,353 - Parsing config file: cert/cfg/ICVSBContent.cfg
2026-02-06 17:20:14,353 - Parsed config items:
cert-keypair:	cert/key/ICVSBContent.pem
cert-keypair-pwd:	cert/key/ICVSBContent.pwd
load-verify-scheme:	0
crypto-type:	0
aes-ce-id:	0
aes-enc-key:	cert/key/KCEICV.txt
images-table:	cert/Images.txt
nvcounter-val:	1
cert-pkg:	cert/ICVSBContent.crt
2026-02-06 17:20:14,353 - **** Creating Content Certificate ****
2026-02-06 17:20:14,374 - **** Certificate file (context) creation has been completed successfully ****
2026-02-06 17:20:18,827 - Content Certificate Generation Utility started (Logging to sb_content_cert.log)
2026-02-06 17:20:18,827 - Parsing config file: cert/cfg/ICVSBContent.cfg
2026-02-06 17:20:18,827 - Parsed config items:
cert-keypair:	cert/key/ICVSBContent.pem
cert-keypair-pwd:	cert/key/ICVSBContent.pwd
load-verify-scheme:	0
crypto-type:	0
aes-ce-id:	0
aes-enc-key:	cert/key/KCEICV.txt
images-table:	cert/Images.txt
nvcounter-val:	1
cert-pkg:	cert/ICVSBContent.crt
2026-02-06 17:20:18,827 - **** Creating Content Certificate ****
2026-02-06 17:20:18,841 - **** Certificate file (context) creation has been completed successfully ****
2026-02-06 17:20:22,565 - Content Certificate Generation Utility started (Logging to sb_content_cert.log)
2026-02-06 17:20:22,565 - Parsing config file: cert/cfg/ICVSBContent.cfg
2026-02-06 17:20:22,565 - Parsed config items:
cert-keypair:	cert/key/ICVSBContent.pem
cert-keypair-pwd:	cert/key/ICVSBContent.pwd
load-verify-scheme:	0
crypto-type:	0
aes-ce-id:	0
aes-enc-key:	cert/key/KCEICV.txt
images-table:	cert/Images.txt
nvcounter-val:	1
cert-pkg:	cert/ICVSBContent.crt
2026-02-06 17:20:22,565 - **** Creating Content Certificate ****
2026-02-06 17:20:22,581 - **** Certificate file (context) creation has been completed successfully ****
2026-02-06 17:20:25,777 - Content Certificate Generation Utility started (Logging to sb_content_cert.log)
2026-02-06 17:20:25,777 - Parsing config file: cert/cfg/ICVSBContent.cfg
2026-02-06 17:20:25,777 - Parsed config items:
cert-keypair:	cert/key/ICVSBContent.pem
cert-keypair-pwd:	cert/key/ICVSBContent.pwd
load-verify-scheme:	0
crypto-type:	0
aes-ce-id:	0
aes-enc-key:	cert/key/KCEICV.txt
images-table:	cert/Images.txt
nvcounter-val:	1
cert-pkg:	cert/ICVSBContent.crt
2026-02-06 17:20:25,777 - **** Creating Content Certificate ****
2026-02-06 17:20:25,799 - **** Certificate file (context) creation has been completed successfully ****
2026-02-06 17:20:30,453 - Content Certificate Generation Utility started (Logging to sb_content_cert.log)
2026-02-06 17:20:30,453 - Parsing config file: cert/cfg/ICVSBContent.cfg
2026-02-06 17:20:30,454 - Parsed config items:
cert-keypair:	cert/key/ICVSBContent.pem
cert-keypair-pwd:	cert/key/ICVSBContent.pwd
load-verify-scheme:	0
crypto-type:	0
aes-ce-id:	0
aes-enc-key:	cert/key/KCEICV.txt
images-table:	cert/Images.txt
nvcounter-val:	1
cert-pkg:	cert/ICVSBContent.crt
2026-02-06 17:20:30,454 - **** Creating Content Certificate ****
2026-02-06 17:20:30,475 - **** Certificate file (context) creation has been completed successfully ****
2026-02-06 17:20:33,982 - Content Certificate Generation Utility started (Logging to sb_content_cert.log)
2026-02-06 17:20:33,982 - Parsing config file: cert/cfg/ICVSBContent.cfg
2026-02-06 17:20:33,982 - Parsed config items:
cert-keypair:	cert/key/ICVSBContent.pem
cert-keypair-pwd:	cert/key/ICVSBContent.pwd
load-verify-scheme:	0
crypto-type:	0
aes-ce-id:	0
aes-enc-key:	cert/key/KCEICV.txt
images-table:	cert/Images.txt
nvcounter-val:	1
cert-pkg:	cert/ICVSBContent.crt
2026-02-06 17:20:33,982 - **** Creating Content Certificate ****
2026-02-06 17:20:33,998 - **** Certificate file (context) creation has been completed successfully ****
2026-02-06 17:26:32,993 - Content Certificate Generation Utility started (Logging to sb_content_cert.log)
2026-02-06 17:26:32,993 - Parsing config file: cert/cfg/ICVSBContent.cfg
2026-02-06 17:26:32,994 - Parsed config items:
cert-keypair:	cert/key/ICVSBContent.pem
cert-keypair-pwd:	cert/key/ICVSBContent.pwd
load-verify-scheme:	0
crypto-type:	0
aes-ce-id:	0
aes-enc-key:	cert/key/KCEICV.txt
images-table:	cert/Images.txt
nvcounter-val:	1
cert-pkg:	cert/ICVSBContent.crt
2026-02-06 17:26:32,994 - **** Creating Content Certificate ****
2026-02-06 17:26:33,014 - **** Certificate file (context) creation has been completed successfully ****
2026-02-06 17:26:36,510 - Content Certificate Generation Utility started (Logging to sb_content_cert.log)
2026-02-06 17:26:36,510 - Parsing config file: cert/cfg/ICVSBContent.cfg
2026-02-06 17:26:36,510 - Parsed config items:
cert-keypair:	cert/key/ICVSBContent.pem
cert-keypair-pwd:	cert/key/ICVSBContent.pwd
load-verify-scheme:	0
crypto-type:	0
aes-ce-id:	0
aes-enc-key:	cert/key/KCEICV.txt
images-table:	cert/Images.txt
nvcounter-val:	1
cert-pkg:	cert/ICVSBContent.crt
2026-02-06 17:26:36,510 - **** Creating Content Certificate ****
2026-02-06 17:26:36,528 - **** Certificate file (context) creation has been completed successfully ****
2026-02-06 17:26:39,561 - Content Certificate Generation Utility started (Logging to sb_content_cert.log)
2026-02-06 17:26:39,562 - Parsing config file: cert/cfg/ICVSBContent.cfg
2026-02-06 17:26:39,562 - Parsed config items:
cert-keypair:	cert/key/ICVSBContent.pem
cert-keypair-pwd:	cert/key/ICVSBContent.pwd
load-verify-scheme:	0
crypto-type:	0
aes-ce-id:	0
aes-enc-key:	cert/key/KCEICV.txt
images-table:	cert/Images.txt
nvcounter-val:	1
cert-pkg:	cert/ICVSBContent.crt
2026-02-06 17:26:39,562 - **** Creating Content Certificate ****
2026-02-06 17:26:39,580 - **** Certificate file (context) creation has been completed successfully ****
2026-02-06 17:26:42,599 - Content Certificate Generation Utility started (Logging to sb_content_cert.log)
2026-02-06 17:26:42,599 - Parsing config file: cert/cfg/ICVSBContent.cfg
2026-02-06 17:26:42,599 - Parsed config items:
cert-keypair:	cert/key/ICVSBContent.pem
cert-keypair-pwd:	cert/key/ICVSBContent.pwd
load-verify-scheme:	0
crypto-type:	0
aes-ce-id:	0
aes-enc-key:	cert/key/KCEICV.txt
images-table:	cert/Images.txt
nvcounter-val:	1
cert-pkg:	cert/ICVSBContent.crt
2026-02-06 17:26:42,599 - **** Creating Content Certificate ****
2026-02-06 17:26:42,614 - **** Certificate file (context) creation has been completed successfully ****
2026-02-06 17:26:46,079 - Content Certificate Generation Utility started (Logging to sb_content_cert.log)
2026-02-06 17:26:46,079 - Parsing config file: cert/cfg/ICVSBContent.cfg
2026-02-06 17:26:46,079 - Parsed config items:
cert-keypair:	cert/key/ICVSBContent.pem
cert-keypair-pwd:	cert/key/ICVSBContent.pwd
load-verify-scheme:	0
crypto-type:	0
aes-ce-id:	0
aes-enc-key:	cert/key/KCEICV.txt
images-table:	cert/Images.txt
nvcounter-val:	1
cert-pkg:	cert/ICVSBContent.crt
2026-02-06 17:26:46,079 - **** Creating Content Certificate ****
2026-02-06 17:26:46,100 - **** Certificate file (context) creation has been completed successfully ****
2026-02-06 17:26:49,975 - Content Certificate Generation Utility started (Logging to sb_content_cert.log)
2026-02-06 17:26:49,976 - Parsing config file: cert/cfg/ICVSBContent.cfg
2026-02-06 17:26:49,976 - Parsed config items:
cert-keypair:	cert/key/ICVSBContent.pem
cert-keypair-pwd:	cert/key/ICVSBContent.pwd
load-verify-scheme:	0
crypto-type:	0
aes-ce-id:	0
aes-enc-key:	cert/key/KCEICV.txt
images-table:	cert/Images.txt
nvcounter-val:	1
cert-pkg:	cert/ICVSBContent.crt
2026-02-06 17:26:49,976 - **** Creating Content Certificate ****
2026-02-06 17:26:49,996 - **** Certificate file (context) creation has been completed successfully ****
2026-02-06 17:43:00,491 - Content Certificate Generation Utility started (Logging to sb_content_cert.log)
2026-02-06 17:43:00,491 - Parsing config file: cert/cfg/ICVSBContent.cfg
2026-02-06 17:43:00,491 - Parsed config items:
cert-keypair:	cert/key/ICVSBContent.pem
cert-keypair-pwd:	cert/key/ICVSBContent.pwd
load-verify-scheme:	0
crypto-type:	0
aes-ce-id:	0
aes-enc-key:	cert/key/KCEICV.txt
images-table:	cert/Images.txt
nvcounter-val:	1
cert-pkg:	cert/ICVSBContent.crt
2026-02-06 17:43:00,491 - **** Creating Content Certificate ****
2026-02-06 17:43:00,509 - **** Certificate file (context) creation has been completed successfully ****
2026-02-06 17:43:03,489 - Content Certificate Generation Utility started (Logging to sb_content_cert.log)
2026-02-06 17:43:03,489 - Parsing config file: cert/cfg/ICVSBContent.cfg
2026-02-06 17:43:03,489 - Parsed config items:
cert-keypair:	cert/key/ICVSBContent.pem
cert-keypair-pwd:	cert/key/ICVSBContent.pwd
load-verify-scheme:	0
crypto-type:	0
aes-ce-id:	0
aes-enc-key:	cert/key/KCEICV.txt
images-table:	cert/Images.txt
nvcounter-val:	1
cert-pkg:	cert/ICVSBContent.crt
2026-02-06 17:43:03,489 - **** Creating Content Certificate ****
2026-02-06 17:43:03,508 - **** Certificate file (context) creation has been completed successfully ****
2026-02-06 17:43:06,964 - Content Certificate Generation Utility started (Logging to sb_content_cert.log)
2026-02-06 17:43:06,964 - Parsing config file: cert/cfg/ICVSBContent.cfg
2026-02-06 17:43:06,964 - Parsed config items:
cert-keypair:	cert/key/ICVSBContent.pem
cert-keypair-pwd:	cert/key/ICVSBContent.pwd
load-verify-scheme:	0
crypto-type:	0
aes-ce-id:	0
aes-enc-key:	cert/key/KCEICV.txt
images-table:	cert/Images.txt
nvcounter-val:	1
cert-pkg:	cert/ICVSBContent.crt
2026-02-06 17:43:06,964 - **** Creating Content Certificate ****
2026-02-06 17:43:06,983 - **** Certificate file (context) creation has been completed successfully ****
2026-02-06 17:43:10,120 - Content Certificate Generation Utility started (Logging to sb_content_cert.log)
2026-02-06 17:43:10,120 - Parsing config file: cert/cfg/ICVSBContent.cfg
2026-02-06 17:43:10,120 - Parsed config items:
cert-keypair:	cert/key/ICVSBContent.pem
cert-keypair-pwd:	cert/key/ICVSBContent.pwd
load-verify-scheme:	0
crypto-type:	0
aes-ce-id:	0
aes-enc-key:	cert/key/KCEICV.txt
images-table:	cert/Images.txt
nvcounter-val:	1
cert-pkg:	cert/ICVSBContent.crt
2026-02-06 17:43:10,120 - **** Creating Content Certificate ****
2026-02-06 17:43:10,139 - **** Certificate file (context) creation has been completed successfully ****
2026-02-06 17:43:13,536 - Content Certificate Generation Utility started (Logging to sb_content_cert.log)
2026-02-06 17:43:13,536 - Parsing config file: cert/cfg/ICVSBContent.cfg
2026-02-06 17:43:13,536 - Parsed config items:
cert-keypair:	cert/key/ICVSBContent.pem
cert-keypair-pwd:	cert/key/ICVSBContent.pwd
load-verify-scheme:	0
crypto-type:	0
aes-ce-id:	0
aes-enc-key:	cert/key/KCEICV.txt
images-table:	cert/Images.txt
nvcounter-val:	1
cert-pkg:	cert/ICVSBContent.crt
2026-02-06 17:43:13,536 - **** Creating Content Certificate ****
2026-02-06 17:43:13,553 - **** Certificate file (context) creation has been completed successfully ****
2026-02-06 17:43:16,569 - Content Certificate Generation Utility started (Logging to sb_content_cert.log)
2026-02-06 17:43:16,570 - Parsing config file: cert/cfg/ICVSBContent.cfg
2026-02-06 17:43:16,570 - Parsed config items:
cert-keypair:	cert/key/ICVSBContent.pem
cert-keypair-pwd:	cert/key/ICVSBContent.pwd
load-verify-scheme:	0
crypto-type:	0
aes-ce-id:	0
aes-enc-key:	cert/key/KCEICV.txt
images-table:	cert/Images.txt
nvcounter-val:	1
cert-pkg:	cert/ICVSBContent.crt
2026-02-06 17:43:16,570 - **** Creating Content Certificate ****
2026-02-06 17:43:16,589 - **** Certificate file (context) creation has been completed successfully ****
2026-02-06 17:49:51,843 - Content Certificate Generation Utility started (Logging to sb_content_cert.log)
2026-02-06 17:49:51,844 - Parsing config file: cert/cfg/ICVSBContent.cfg
2026-02-06 17:49:51,844 - Parsed config items:
cert-keypair:	cert/key/ICVSBContent.pem
cert-keypair-pwd:	cert/key/ICVSBContent.pwd
load-verify-scheme:	0
crypto-type:	0
aes-ce-id:	0
aes-enc-key:	cert/key/KCEICV.txt
images-table:	cert/Images.txt
nvcounter-val:	1
cert-pkg:	cert/ICVSBContent.crt
2026-02-06 17:49:51,844 - **** Creating Content Certificate ****
2026-02-06 17:49:51,862 - **** Certificate file (context) creation has been completed successfully ****
2026-02-06 17:49:55,009 - Content Certificate Generation Utility started (Logging to sb_content_cert.log)
2026-02-06 17:49:55,009 - Parsing config file: cert/cfg/ICVSBContent.cfg
2026-02-06 17:49:55,009 - Parsed config items:
cert-keypair:	cert/key/ICVSBContent.pem
cert-keypair-pwd:	cert/key/ICVSBContent.pwd
load-verify-scheme:	0
crypto-type:	0
aes-ce-id:	0
aes-enc-key:	cert/key/KCEICV.txt
images-table:	cert/Images.txt
nvcounter-val:	1
cert-pkg:	cert/ICVSBContent.crt
2026-02-06 17:49:55,009 - **** Creating Content Certificate ****
2026-02-06 17:49:55,029 - **** Certificate file (context) creation has been completed successfully ****
2026-02-06 17:49:58,110 - Content Certificate Generation Utility started (Logging to sb_content_cert.log)
2026-02-06 17:49:58,110 - Parsing config file: cert/cfg/ICVSBContent.cfg
2026-02-06 17:49:58,110 - Parsed config items:
cert-keypair:	cert/key/ICVSBContent.pem
cert-keypair-pwd:	cert/key/ICVSBContent.pwd
load-verify-scheme:	0
crypto-type:	0
aes-ce-id:	0
aes-enc-key:	cert/key/KCEICV.txt
images-table:	cert/Images.txt
nvcounter-val:	1
cert-pkg:	cert/ICVSBContent.crt
2026-02-06 17:49:58,110 - **** Creating Content Certificate ****
2026-02-06 17:49:58,131 - **** Certificate file (context) creation has been completed successfully ****
2026-02-06 17:50:01,240 - Content Certificate Generation Utility started (Logging to sb_content_cert.log)
2026-02-06 17:50:01,240 - Parsing config file: cert/cfg/ICVSBContent.cfg
2026-02-06 17:50:01,241 - Parsed config items:
cert-keypair:	cert/key/ICVSBContent.pem
cert-keypair-pwd:	cert/key/ICVSBContent.pwd
load-verify-scheme:	0
crypto-type:	0
aes-ce-id:	0
aes-enc-key:	cert/key/KCEICV.txt
images-table:	cert/Images.txt
nvcounter-val:	1
cert-pkg:	cert/ICVSBContent.crt
2026-02-06 17:50:01,241 - **** Creating Content Certificate ****
2026-02-06 17:50:01,254 - **** Certificate file (context) creation has been completed successfully ****
2026-02-06 17:50:04,806 - Content Certificate Generation Utility started (Logging to sb_content_cert.log)
2026-02-06 17:50:04,806 - Parsing config file: cert/cfg/ICVSBContent.cfg
2026-02-06 17:50:04,806 - Parsed config items:
cert-keypair:	cert/key/ICVSBContent.pem
cert-keypair-pwd:	cert/key/ICVSBContent.pwd
load-verify-scheme:	0
crypto-type:	0
aes-ce-id:	0
aes-enc-key:	cert/key/KCEICV.txt
images-table:	cert/Images.txt
nvcounter-val:	1
cert-pkg:	cert/ICVSBContent.crt
2026-02-06 17:50:04,806 - **** Creating Content Certificate ****
2026-02-06 17:50:04,819 - **** Certificate file (context) creation has been completed successfully ****
2026-02-06 17:50:08,090 - Content Certificate Generation Utility started (Logging to sb_content_cert.log)
2026-02-06 17:50:08,091 - Parsing config file: cert/cfg/ICVSBContent.cfg
2026-02-06 17:50:08,091 - Parsed config items:
cert-keypair:	cert/key/ICVSBContent.pem
cert-keypair-pwd:	cert/key/ICVSBContent.pwd
load-verify-scheme:	0
crypto-type:	0
aes-ce-id:	0
aes-enc-key:	cert/key/KCEICV.txt
images-table:	cert/Images.txt
nvcounter-val:	1
cert-pkg:	cert/ICVSBContent.crt
2026-02-06 17:50:08,091 - **** Creating Content Certificate ****
2026-02-06 17:50:08,110 - **** Certificate file (context) creation has been completed successfully ****
2026-02-06 18:00:17,313 - Content Certificate Generation Utility started (Logging to sb_content_cert.log)
2026-02-06 18:00:17,313 - Parsing config file: cert/cfg/ICVSBContent.cfg
2026-02-06 18:00:17,313 - Parsed config items:
cert-keypair:	cert/key/ICVSBContent.pem
cert-keypair-pwd:	cert/key/ICVSBContent.pwd
load-verify-scheme:	0
crypto-type:	0
aes-ce-id:	0
aes-enc-key:	cert/key/KCEICV.txt
images-table:	cert/Images.txt
nvcounter-val:	1
cert-pkg:	cert/ICVSBContent.crt
2026-02-06 18:00:17,313 - **** Creating Content Certificate ****
2026-02-06 18:00:17,327 - **** Certificate file (context) creation has been completed successfully ****
2026-02-06 18:00:20,322 - Content Certificate Generation Utility started (Logging to sb_content_cert.log)
2026-02-06 18:00:20,322 - Parsing config file: cert/cfg/ICVSBContent.cfg
2026-02-06 18:00:20,322 - Parsed config items:
cert-keypair:	cert/key/ICVSBContent.pem
cert-keypair-pwd:	cert/key/ICVSBContent.pwd
load-verify-scheme:	0
crypto-type:	0
aes-ce-id:	0
aes-enc-key:	cert/key/KCEICV.txt
images-table:	cert/Images.txt
nvcounter-val:	1
cert-pkg:	cert/ICVSBContent.crt
2026-02-06 18:00:20,322 - **** Creating Content Certificate ****
2026-02-06 18:00:20,339 - **** Certificate file (context) creation has been completed successfully ****
2026-02-06 18:00:23,580 - Content Certificate Generation Utility started (Logging to sb_content_cert.log)
2026-02-06 18:00:23,580 - Parsing config file: cert/cfg/ICVSBContent.cfg
2026-02-06 18:00:23,580 - Parsed config items:
cert-keypair:	cert/key/ICVSBContent.pem
cert-keypair-pwd:	cert/key/ICVSBContent.pwd
load-verify-scheme:	0
crypto-type:	0
aes-ce-id:	0
aes-enc-key:	cert/key/KCEICV.txt
images-table:	cert/Images.txt
nvcounter-val:	1
cert-pkg:	cert/ICVSBContent.crt
2026-02-06 18:00:23,580 - **** Creating Content Certificate ****
2026-02-06 18:00:23,598 - **** Certificate file (context) creation has been completed successfully ****
2026-02-06 18:00:26,813 - Content Certificate Generation Utility started (Logging to sb_content_cert.log)
2026-02-06 18:00:26,814 - Parsing config file: cert/cfg/ICVSBContent.cfg
2026-02-06 18:00:26,814 - Parsed config items:
cert-keypair:	cert/key/ICVSBContent.pem
cert-keypair-pwd:	cert/key/ICVSBContent.pwd
load-verify-scheme:	0
crypto-type:	0
aes-ce-id:	0
aes-enc-key:	cert/key/KCEICV.txt
images-table:	cert/Images.txt
nvcounter-val:	1
cert-pkg:	cert/ICVSBContent.crt
2026-02-06 18:00:26,814 - **** Creating Content Certificate ****
2026-02-06 18:00:26,831 - **** Certificate file (context) creation has been completed successfully ****
2026-02-06 18:00:30,288 - Content Certificate Generation Utility started (Logging to sb_content_cert.log)
2026-02-06 18:00:30,288 - Parsing config file: cert/cfg/ICVSBContent.cfg
2026-02-06 18:00:30,288 - Parsed config items:
cert-keypair:	cert/key/ICVSBContent.pem
cert-keypair-pwd:	cert/key/ICVSBContent.pwd
load-verify-scheme:	0
crypto-type:	0
aes-ce-id:	0
aes-enc-key:	cert/key/KCEICV.txt
images-table:	cert/Images.txt
nvcounter-val:	1
cert-pkg:	cert/ICVSBContent.crt
2026-02-06 18:00:30,288 - **** Creating Content Certificate ****
2026-02-06 18:00:30,307 - **** Certificate file (context) creation has been completed successfully ****
2026-02-06 18:00:33,422 - Content Certificate Generation Utility started (Logging to sb_content_cert.log)
2026-02-06 18:00:33,422 - Parsing config file: cert/cfg/ICVSBContent.cfg
2026-02-06 18:00:33,423 - Parsed config items:
cert-keypair:	cert/key/ICVSBContent.pem
cert-keypair-pwd:	cert/key/ICVSBContent.pwd
load-verify-scheme:	0
crypto-type:	0
aes-ce-id:	0
aes-enc-key:	cert/key/KCEICV.txt
images-table:	cert/Images.txt
nvcounter-val:	1
cert-pkg:	cert/ICVSBContent.crt
2026-02-06 18:00:33,423 - **** Creating Content Certificate ****
2026-02-06 18:00:33,439 - **** Certificate file (context) creation has been completed successfully ****
2026-02-06 18:26:48,542 - Content Certificate Generation Utility started (Logging to sb_content_cert.log)
2026-02-06 18:26:48,542 - Parsing config file: cert/cfg/ICVSBContent.cfg
2026-02-06 18:26:48,542 - Parsed config items:
cert-keypair:	cert/key/ICVSBContent.pem
cert-keypair-pwd:	cert/key/ICVSBContent.pwd
load-verify-scheme:	0
crypto-type:	0
aes-ce-id:	0
aes-enc-key:	cert/key/KCEICV.txt
images-table:	cert/Images.txt
nvcounter-val:	1
cert-pkg:	cert/ICVSBContent.crt
2026-02-06 18:26:48,543 - **** Creating Content Certificate ****
2026-02-06 18:26:48,565 - **** Certificate file (context) creation has been completed successfully ****
2026-02-06 18:26:51,607 - Content Certificate Generation Utility started (Logging to sb_content_cert.log)
2026-02-06 18:26:51,607 - Parsing config file: cert/cfg/ICVSBContent.cfg
2026-02-06 18:26:51,607 - Parsed config items:
cert-keypair:	cert/key/ICVSBContent.pem
cert-keypair-pwd:	cert/key/ICVSBContent.pwd
load-verify-scheme:	0
crypto-type:	0
aes-ce-id:	0
aes-enc-key:	cert/key/KCEICV.txt
images-table:	cert/Images.txt
nvcounter-val:	1
cert-pkg:	cert/ICVSBContent.crt
2026-02-06 18:26:51,607 - **** Creating Content Certificate ****
2026-02-06 18:26:51,625 - **** Certificate file (context) creation has been completed successfully ****
2026-02-06 18:26:54,766 - Content Certificate Generation Utility started (Logging to sb_content_cert.log)
2026-02-06 18:26:54,766 - Parsing config file: cert/cfg/ICVSBContent.cfg
2026-02-06 18:26:54,767 - Parsed config items:
cert-keypair:	cert/key/ICVSBContent.pem
cert-keypair-pwd:	cert/key/ICVSBContent.pwd
load-verify-scheme:	0
crypto-type:	0
aes-ce-id:	0
aes-enc-key:	cert/key/KCEICV.txt
images-table:	cert/Images.txt
nvcounter-val:	1
cert-pkg:	cert/ICVSBContent.crt
2026-02-06 18:26:54,767 - **** Creating Content Certificate ****
2026-02-06 18:26:54,788 - **** Certificate file (context) creation has been completed successfully ****
2026-02-06 18:26:58,277 - Content Certificate Generation Utility started (Logging to sb_content_cert.log)
2026-02-06 18:26:58,277 - Parsing config file: cert/cfg/ICVSBContent.cfg
2026-02-06 18:26:58,277 - Parsed config items:
cert-keypair:	cert/key/ICVSBContent.pem
cert-keypair-pwd:	cert/key/ICVSBContent.pwd
load-verify-scheme:	0
crypto-type:	0
aes-ce-id:	0
aes-enc-key:	cert/key/KCEICV.txt
images-table:	cert/Images.txt
nvcounter-val:	1
cert-pkg:	cert/ICVSBContent.crt
2026-02-06 18:26:58,277 - **** Creating Content Certificate ****
2026-02-06 18:26:58,291 - **** Certificate file (context) creation has been completed successfully ****
2026-02-06 18:27:02,479 - Content Certificate Generation Utility started (Logging to sb_content_cert.log)
2026-02-06 18:27:02,479 - Parsing config file: cert/cfg/ICVSBContent.cfg
2026-02-06 18:27:02,479 - Parsed config items:
cert-keypair:	cert/key/ICVSBContent.pem
cert-keypair-pwd:	cert/key/ICVSBContent.pwd
load-verify-scheme:	0
crypto-type:	0
aes-ce-id:	0
aes-enc-key:	cert/key/KCEICV.txt
images-table:	cert/Images.txt
nvcounter-val:	1
cert-pkg:	cert/ICVSBContent.crt
2026-02-06 18:27:02,480 - **** Creating Content Certificate ****
2026-02-06 18:27:02,495 - **** Certificate file (context) creation has been completed successfully ****
2026-02-06 18:27:05,957 - Content Certificate Generation Utility started (Logging to sb_content_cert.log)
2026-02-06 18:27:05,957 - Parsing config file: cert/cfg/ICVSBContent.cfg
2026-02-06 18:27:05,957 - Parsed config items:
cert-keypair:	cert/key/ICVSBContent.pem
cert-keypair-pwd:	cert/key/ICVSBContent.pwd
load-verify-scheme:	0
crypto-type:	0
aes-ce-id:	0
aes-enc-key:	cert/key/KCEICV.txt
images-table:	cert/Images.txt
nvcounter-val:	1
cert-pkg:	cert/ICVSBContent.crt
2026-02-06 18:27:05,957 - **** Creating Content Certificate ****
2026-02-06 18:27:05,970 - **** Certificate file (context) creation has been completed successfully ****
2026-02-06 18:35:47,736 - Content Certificate Generation Utility started (Logging to sb_content_cert.log)
2026-02-06 18:35:47,736 - Parsing config file: cert/cfg/ICVSBContent.cfg
2026-02-06 18:35:47,737 - Parsed config items:
cert-keypair:	cert/key/ICVSBContent.pem
cert-keypair-pwd:	cert/key/ICVSBContent.pwd
load-verify-scheme:	0
crypto-type:	0
aes-ce-id:	0
aes-enc-key:	cert/key/KCEICV.txt
images-table:	cert/Images.txt
nvcounter-val:	1
cert-pkg:	cert/ICVSBContent.crt
2026-02-06 18:35:47,737 - **** Creating Content Certificate ****
2026-02-06 18:35:47,758 - **** Certificate file (context) creation has been completed successfully ****
2026-02-06 18:35:51,521 - Content Certificate Generation Utility started (Logging to sb_content_cert.log)
2026-02-06 18:35:51,521 - Parsing config file: cert/cfg/ICVSBContent.cfg
2026-02-06 18:35:51,521 - Parsed config items:
cert-keypair:	cert/key/ICVSBContent.pem
cert-keypair-pwd:	cert/key/ICVSBContent.pwd
load-verify-scheme:	0
crypto-type:	0
aes-ce-id:	0
aes-enc-key:	cert/key/KCEICV.txt
images-table:	cert/Images.txt
nvcounter-val:	1
cert-pkg:	cert/ICVSBContent.crt
2026-02-06 18:35:51,521 - **** Creating Content Certificate ****
2026-02-06 18:35:51,544 - **** Certificate file (context) creation has been completed successfully ****
2026-02-06 18:35:55,696 - Content Certificate Generation Utility started (Logging to sb_content_cert.log)
2026-02-06 18:35:55,697 - Parsing config file: cert/cfg/ICVSBContent.cfg
2026-02-06 18:35:55,697 - Parsed config items:
cert-keypair:	cert/key/ICVSBContent.pem
cert-keypair-pwd:	cert/key/ICVSBContent.pwd
load-verify-scheme:	0
crypto-type:	0
aes-ce-id:	0
aes-enc-key:	cert/key/KCEICV.txt
images-table:	cert/Images.txt
nvcounter-val:	1
cert-pkg:	cert/ICVSBContent.crt
2026-02-06 18:35:55,697 - **** Creating Content Certificate ****
2026-02-06 18:35:55,721 - **** Certificate file (context) creation has been completed successfully ****
2026-02-06 18:35:59,545 - Content Certificate Generation Utility started (Logging to sb_content_cert.log)
2026-02-06 18:35:59,545 - Parsing config file: cert/cfg/ICVSBContent.cfg
2026-02-06 18:35:59,545 - Parsed config items:
cert-keypair:	cert/key/ICVSBContent.pem
cert-keypair-pwd:	cert/key/ICVSBContent.pwd
load-verify-scheme:	0
crypto-type:	0
aes-ce-id:	0
aes-enc-key:	cert/key/KCEICV.txt
images-table:	cert/Images.txt
nvcounter-val:	1
cert-pkg:	cert/ICVSBContent.crt
2026-02-06 18:35:59,545 - **** Creating Content Certificate ****
2026-02-06 18:35:59,568 - **** Certificate file (context) creation has been completed successfully ****
2026-02-06 18:36:04,676 - Content Certificate Generation Utility started (Logging to sb_content_cert.log)
2026-02-06 18:36:04,676 - Parsing config file: cert/cfg/ICVSBContent.cfg
2026-02-06 18:36:04,676 - Parsed config items:
cert-keypair:	cert/key/ICVSBContent.pem
cert-keypair-pwd:	cert/key/ICVSBContent.pwd
load-verify-scheme:	0
crypto-type:	0
aes-ce-id:	0
aes-enc-key:	cert/key/KCEICV.txt
images-table:	cert/Images.txt
nvcounter-val:	1
cert-pkg:	cert/ICVSBContent.crt
2026-02-06 18:36:04,676 - **** Creating Content Certificate ****
2026-02-06 18:36:04,699 - **** Certificate file (context) creation has been completed successfully ****
2026-02-06 18:36:08,554 - Content Certificate Generation Utility started (Logging to sb_content_cert.log)
2026-02-06 18:36:08,555 - Parsing config file: cert/cfg/ICVSBContent.cfg
2026-02-06 18:36:08,555 - Parsed config items:
cert-keypair:	cert/key/ICVSBContent.pem
cert-keypair-pwd:	cert/key/ICVSBContent.pwd
load-verify-scheme:	0
crypto-type:	0
aes-ce-id:	0
aes-enc-key:	cert/key/KCEICV.txt
images-table:	cert/Images.txt
nvcounter-val:	1
cert-pkg:	cert/ICVSBContent.crt
2026-02-06 18:36:08,555 - **** Creating Content Certificate ****
2026-02-06 18:36:08,577 - **** Certificate file (context) creation has been completed successfully ****
2026-02-07 08:10:04,045 - Content Certificate Generation Utility started (Logging to sb_content_cert.log)
2026-02-07 08:10:04,046 - Parsing config file: cert/cfg/ICVSBContent.cfg
2026-02-07 08:10:04,046 - Parsed config items:
cert-keypair:	cert/key/ICVSBContent.pem
cert-keypair-pwd:	cert/key/ICVSBContent.pwd
load-verify-scheme:	0
crypto-type:	0
aes-ce-id:	0
aes-enc-key:	cert/key/KCEICV.txt
images-table:	cert/Images.txt
nvcounter-val:	1
cert-pkg:	cert/ICVSBContent.crt
2026-02-07 08:10:04,046 - **** Creating Content Certificate ****
2026-02-07 08:10:04,067 - **** Certificate file (context) creation has been completed successfully ****
2026-02-07 08:10:07,334 - Content Certificate Generation Utility started (Logging to sb_content_cert.log)
2026-02-07 08:10:07,334 - Parsing config file: cert/cfg/ICVSBContent.cfg
2026-02-07 08:10:07,334 - Parsed config items:
cert-keypair:	cert/key/ICVSBContent.pem
cert-keypair-pwd:	cert/key/ICVSBContent.pwd
load-verify-scheme:	0
crypto-type:	0
aes-ce-id:	0
aes-enc-key:	cert/key/KCEICV.txt
images-table:	cert/Images.txt
nvcounter-val:	1
cert-pkg:	cert/ICVSBContent.crt
2026-02-07 08:10:07,335 - **** Creating Content Certificate ****
2026-02-07 08:10:07,348 - **** Certificate file (context) creation has been completed successfully ****
2026-02-07 08:10:10,722 - Content Certificate Generation Utility started (Logging to sb_content_cert.log)
2026-02-07 08:10:10,722 - Parsing config file: cert/cfg/ICVSBContent.cfg
2026-02-07 08:10:10,722 - Parsed config items:
cert-keypair:	cert/key/ICVSBContent.pem
cert-keypair-pwd:	cert/key/ICVSBContent.pwd
load-verify-scheme:	0
crypto-type:	0
aes-ce-id:	0
aes-enc-key:	cert/key/KCEICV.txt
images-table:	cert/Images.txt
nvcounter-val:	1
cert-pkg:	cert/ICVSBContent.crt
2026-02-07 08:10:10,722 - **** Creating Content Certificate ****
2026-02-07 08:10:10,740 - **** Certificate file (context) creation has been completed successfully ****
2026-02-07 08:10:13,988 - Content Certificate Generation Utility started (Logging to sb_content_cert.log)
2026-02-07 08:10:13,988 - Parsing config file: cert/cfg/ICVSBContent.cfg
2026-02-07 08:10:13,989 - Parsed config items:
cert-keypair:	cert/key/ICVSBContent.pem
cert-keypair-pwd:	cert/key/ICVSBContent.pwd
load-verify-scheme:	0
crypto-type:	0
aes-ce-id:	0
aes-enc-key:	cert/key/KCEICV.txt
images-table:	cert/Images.txt
nvcounter-val:	1
cert-pkg:	cert/ICVSBContent.crt
2026-02-07 08:10:13,989 - **** Creating Content Certificate ****
2026-02-07 08:10:14,002 - **** Certificate file (context) creation has been completed successfully ****
2026-02-07 08:10:17,356 - Content Certificate Generation Utility started (Logging to sb_content_cert.log)
2026-02-07 08:10:17,356 - Parsing config file: cert/cfg/ICVSBContent.cfg
2026-02-07 08:10:17,356 - Parsed config items:
cert-keypair:	cert/key/ICVSBContent.pem
cert-keypair-pwd:	cert/key/ICVSBContent.pwd
load-verify-scheme:	0
crypto-type:	0
aes-ce-id:	0
aes-enc-key:	cert/key/KCEICV.txt
images-table:	cert/Images.txt
nvcounter-val:	1
cert-pkg:	cert/ICVSBContent.crt
2026-02-07 08:10:17,356 - **** Creating Content Certificate ****
2026-02-07 08:10:17,375 - **** Certificate file (context) creation has been completed successfully ****
2026-02-07 08:10:20,329 - Content Certificate Generation Utility started (Logging to sb_content_cert.log)
2026-02-07 08:10:20,329 - Parsing config file: cert/cfg/ICVSBContent.cfg
2026-02-07 08:10:20,329 - Parsed config items:
cert-keypair:	cert/key/ICVSBContent.pem
cert-keypair-pwd:	cert/key/ICVSBContent.pwd
load-verify-scheme:	0
crypto-type:	0
aes-ce-id:	0
aes-enc-key:	cert/key/KCEICV.txt
images-table:	cert/Images.txt
nvcounter-val:	1
cert-pkg:	cert/ICVSBContent.crt
2026-02-07 08:10:20,329 - **** Creating Content Certificate ****
2026-02-07 08:10:20,347 - **** Certificate file (context) creation has been completed successfully ****
2026-02-09 06:47:05,747 - Content Certificate Generation Utility started (Logging to sb_content_cert.log)
2026-02-09 06:47:05,747 - Parsing config file: cert/cfg/ICVSBContent.cfg
2026-02-09 06:47:05,747 - Parsed config items:
cert-keypair:	cert/key/ICVSBContent.pem
cert-keypair-pwd:	cert/key/ICVSBContent.pwd
load-verify-scheme:	0
crypto-type:	0
aes-ce-id:	0
aes-enc-key:	cert/key/KCEICV.txt
images-table:	cert/Images.txt
nvcounter-val:	1
cert-pkg:	cert/ICVSBContent.crt
2026-02-09 06:47:05,747 - **** Creating Content Certificate ****
2026-02-09 06:47:05,762 - **** Certificate file (context) creation has been completed successfully ****
2026-02-09 06:47:09,281 - Content Certificate Generation Utility started (Logging to sb_content_cert.log)
2026-02-09 06:47:09,281 - Parsing config file: cert/cfg/ICVSBContent.cfg
2026-02-09 06:47:09,281 - Parsed config items:
cert-keypair:	cert/key/ICVSBContent.pem
cert-keypair-pwd:	cert/key/ICVSBContent.pwd
load-verify-scheme:	0
crypto-type:	0
aes-ce-id:	0
aes-enc-key:	cert/key/KCEICV.txt
images-table:	cert/Images.txt
nvcounter-val:	1
cert-pkg:	cert/ICVSBContent.crt
2026-02-09 06:47:09,281 - **** Creating Content Certificate ****
2026-02-09 06:47:09,302 - **** Certificate file (context) creation has been completed successfully ****
2026-02-09 06:47:12,916 - Content Certificate Generation Utility started (Logging to sb_content_cert.log)
2026-02-09 06:47:12,916 - Parsing config file: cert/cfg/ICVSBContent.cfg
2026-02-09 06:47:12,916 - Parsed config items:
cert-keypair:	cert/key/ICVSBContent.pem
cert-keypair-pwd:	cert/key/ICVSBContent.pwd
load-verify-scheme:	0
crypto-type:	0
aes-ce-id:	0
aes-enc-key:	cert/key/KCEICV.txt
images-table:	cert/Images.txt
nvcounter-val:	1
cert-pkg:	cert/ICVSBContent.crt
2026-02-09 06:47:12,916 - **** Creating Content Certificate ****
2026-02-09 06:47:12,933 - **** Certificate file (context) creation has been completed successfully ****
2026-02-09 06:47:16,463 - Content Certificate Generation Utility started (Logging to sb_content_cert.log)
2026-02-09 06:47:16,463 - Parsing config file: cert/cfg/ICVSBContent.cfg
2026-02-09 06:47:16,463 - Parsed config items:
cert-keypair:	cert/key/ICVSBContent.pem
cert-keypair-pwd:	cert/key/ICVSBContent.pwd
load-verify-scheme:	0
crypto-type:	0
aes-ce-id:	0
aes-enc-key:	cert/key/KCEICV.txt
images-table:	cert/Images.txt
nvcounter-val:	1
cert-pkg:	cert/ICVSBContent.crt
2026-02-09 06:47:16,463 - **** Creating Content Certificate ****
2026-02-09 06:47:16,480 - **** Certificate file (context) creation has been completed successfully ****
2026-02-09 06:47:20,653 - Content Certificate Generation Utility started (Logging to sb_content_cert.log)
2026-02-09 06:47:20,653 - Parsing config file: cert/cfg/ICVSBContent.cfg
2026-02-09 06:47:20,653 - Parsed config items:
cert-keypair:	cert/key/ICVSBContent.pem
cert-keypair-pwd:	cert/key/ICVSBContent.pwd
load-verify-scheme:	0
crypto-type:	0
aes-ce-id:	0
aes-enc-key:	cert/key/KCEICV.txt
images-table:	cert/Images.txt
nvcounter-val:	1
cert-pkg:	cert/ICVSBContent.crt
2026-02-09 06:47:20,653 - **** Creating Content Certificate ****
2026-02-09 06:47:20,667 - **** Certificate file (context) creation has been completed successfully ****
2026-02-09 06:47:24,100 - Content Certificate Generation Utility started (Logging to sb_content_cert.log)
2026-02-09 06:47:24,100 - Parsing config file: cert/cfg/ICVSBContent.cfg
2026-02-09 06:47:24,100 - Parsed config items:
cert-keypair:	cert/key/ICVSBContent.pem
cert-keypair-pwd:	cert/key/ICVSBContent.pwd
load-verify-scheme:	0
crypto-type:	0
aes-ce-id:	0
aes-enc-key:	cert/key/KCEICV.txt
images-table:	cert/Images.txt
nvcounter-val:	1
cert-pkg:	cert/ICVSBContent.crt
2026-02-09 06:47:24,100 - **** Creating Content Certificate ****
2026-02-09 06:47:24,118 - **** Certificate file (context) creation has been completed successfully ****
2026-02-09 06:57:09,007 - Content Certificate Generation Utility started (Logging to sb_content_cert.log)
2026-02-09 06:57:09,007 - Parsing config file: cert/cfg/ICVSBContent.cfg
2026-02-09 06:57:09,007 - Parsed config items:
cert-keypair:	cert/key/ICVSBContent.pem
cert-keypair-pwd:	cert/key/ICVSBContent.pwd
load-verify-scheme:	0
crypto-type:	0
aes-ce-id:	0
aes-enc-key:	cert/key/KCEICV.txt
images-table:	cert/Images.txt
nvcounter-val:	1
cert-pkg:	cert/ICVSBContent.crt
2026-02-09 06:57:09,007 - **** Creating Content Certificate ****
2026-02-09 06:57:09,026 - **** Certificate file (context) creation has been completed successfully ****
2026-02-09 06:57:12,153 - Content Certificate Generation Utility started (Logging to sb_content_cert.log)
2026-02-09 06:57:12,153 - Parsing config file: cert/cfg/ICVSBContent.cfg
2026-02-09 06:57:12,153 - Parsed config items:
cert-keypair:	cert/key/ICVSBContent.pem
cert-keypair-pwd:	cert/key/ICVSBContent.pwd
load-verify-scheme:	0
crypto-type:	0
aes-ce-id:	0
aes-enc-key:	cert/key/KCEICV.txt
images-table:	cert/Images.txt
nvcounter-val:	1
cert-pkg:	cert/ICVSBContent.crt
2026-02-09 06:57:12,153 - **** Creating Content Certificate ****
2026-02-09 06:57:12,174 - **** Certificate file (context) creation has been completed successfully ****
2026-02-09 06:57:15,486 - Content Certificate Generation Utility started (Logging to sb_content_cert.log)
2026-02-09 06:57:15,486 - Parsing config file: cert/cfg/ICVSBContent.cfg
2026-02-09 06:57:15,486 - Parsed config items:
cert-keypair:	cert/key/ICVSBContent.pem
cert-keypair-pwd:	cert/key/ICVSBContent.pwd
load-verify-scheme:	0
crypto-type:	0
aes-ce-id:	0
aes-enc-key:	cert/key/KCEICV.txt
images-table:	cert/Images.txt
nvcounter-val:	1
cert-pkg:	cert/ICVSBContent.crt
2026-02-09 06:57:15,486 - **** Creating Content Certificate ****
2026-02-09 06:57:15,504 - **** Certificate file (context) creation has been completed successfully ****
2026-02-09 06:57:18,745 - Content Certificate Generation Utility started (Logging to sb_content_cert.log)
2026-02-09 06:57:18,745 - Parsing config file: cert/cfg/ICVSBContent.cfg
2026-02-09 06:57:18,745 - Parsed config items:
cert-keypair:	cert/key/ICVSBContent.pem
cert-keypair-pwd:	cert/key/ICVSBContent.pwd
load-verify-scheme:	0
crypto-type:	0
aes-ce-id:	0
aes-enc-key:	cert/key/KCEICV.txt
images-table:	cert/Images.txt
nvcounter-val:	1
cert-pkg:	cert/ICVSBContent.crt
2026-02-09 06:57:18,745 - **** Creating Content Certificate ****
2026-02-09 06:57:18,765 - **** Certificate file (context) creation has been completed successfully ****
2026-02-09 06:57:22,374 - Content Certificate Generation Utility started (Logging to sb_content_cert.log)
2026-02-09 06:57:22,374 - Parsing config file: cert/cfg/ICVSBContent.cfg
2026-02-09 06:57:22,374 - Parsed config items:
cert-keypair:	cert/key/ICVSBContent.pem
cert-keypair-pwd:	cert/key/ICVSBContent.pwd
load-verify-scheme:	0
crypto-type:	0
aes-ce-id:	0
aes-enc-key:	cert/key/KCEICV.txt
images-table:	cert/Images.txt
nvcounter-val:	1
cert-pkg:	cert/ICVSBContent.crt
2026-02-09 06:57:22,374 - **** Creating Content Certificate ****
2026-02-09 06:57:22,390 - **** Certificate file (context) creation has been completed successfully ****
2026-02-09 06:57:25,544 - Content Certificate Generation Utility started (Logging to sb_content_cert.log)
2026-02-09 06:57:25,544 - Parsing config file: cert/cfg/ICVSBContent.cfg
2026-02-09 06:57:25,544 - Parsed config items:
cert-keypair:	cert/key/ICVSBContent.pem
cert-keypair-pwd:	cert/key/ICVSBContent.pwd
load-verify-scheme:	0
crypto-type:	0
aes-ce-id:	0
aes-enc-key:	cert/key/KCEICV.txt
images-table:	cert/Images.txt
nvcounter-val:	1
cert-pkg:	cert/ICVSBContent.crt
2026-02-09 06:57:25,544 - **** Creating Content Certificate ****
2026-02-09 06:57:25,565 - **** Certificate file (context) creation has been completed successfully ****
2026-02-09 07:03:39,388 - Content Certificate Generation Utility started (Logging to sb_content_cert.log)
2026-02-09 07:03:39,389 - Parsing config file: cert/cfg/ICVSBContent.cfg
2026-02-09 07:03:39,389 - Parsed config items:
cert-keypair:	cert/key/ICVSBContent.pem
cert-keypair-pwd:	cert/key/ICVSBContent.pwd
load-verify-scheme:	0
crypto-type:	0
aes-ce-id:	0
aes-enc-key:	cert/key/KCEICV.txt
images-table:	cert/Images.txt
nvcounter-val:	1
cert-pkg:	cert/ICVSBContent.crt
2026-02-09 07:03:39,389 - **** Creating Content Certificate ****
2026-02-09 07:03:39,405 - **** Certificate file (context) creation has been completed successfully ****
2026-02-09 07:03:42,768 - Content Certificate Generation Utility started (Logging to sb_content_cert.log)
2026-02-09 07:03:42,769 - Parsing config file: cert/cfg/ICVSBContent.cfg
2026-02-09 07:03:42,769 - Parsed config items:
cert-keypair:	cert/key/ICVSBContent.pem
cert-keypair-pwd:	cert/key/ICVSBContent.pwd
load-verify-scheme:	0
crypto-type:	0
aes-ce-id:	0
aes-enc-key:	cert/key/KCEICV.txt
images-table:	cert/Images.txt
nvcounter-val:	1
cert-pkg:	cert/ICVSBContent.crt
2026-02-09 07:03:42,769 - **** Creating Content Certificate ****
2026-02-09 07:03:42,782 - **** Certificate file (context) creation has been completed successfully ****
2026-02-09 07:03:46,192 - Content Certificate Generation Utility started (Logging to sb_content_cert.log)
2026-02-09 07:03:46,192 - Parsing config file: cert/cfg/ICVSBContent.cfg
2026-02-09 07:03:46,192 - Parsed config items:
cert-keypair:	cert/key/ICVSBContent.pem
cert-keypair-pwd:	cert/key/ICVSBContent.pwd
load-verify-scheme:	0
crypto-type:	0
aes-ce-id:	0
aes-enc-key:	cert/key/KCEICV.txt
images-table:	cert/Images.txt
nvcounter-val:	1
cert-pkg:	cert/ICVSBContent.crt
2026-02-09 07:03:46,192 - **** Creating Content Certificate ****
2026-02-09 07:03:46,206 - **** Certificate file (context) creation has been completed successfully ****
2026-02-09 07:03:49,853 - Content Certificate Generation Utility started (Logging to sb_content_cert.log)
2026-02-09 07:03:49,853 - Parsing config file: cert/cfg/ICVSBContent.cfg
2026-02-09 07:03:49,854 - Parsed config items:
cert-keypair:	cert/key/ICVSBContent.pem
cert-keypair-pwd:	cert/key/ICVSBContent.pwd
load-verify-scheme:	0
crypto-type:	0
aes-ce-id:	0
aes-enc-key:	cert/key/KCEICV.txt
images-table:	cert/Images.txt
nvcounter-val:	1
cert-pkg:	cert/ICVSBContent.crt
2026-02-09 07:03:49,854 - **** Creating Content Certificate ****
2026-02-09 07:03:49,872 - **** Certificate file (context) creation has been completed successfully ****
2026-02-09 07:03:53,750 - Content Certificate Generation Utility started (Logging to sb_content_cert.log)
2026-02-09 07:03:53,751 - Parsing config file: cert/cfg/ICVSBContent.cfg
2026-02-09 07:03:53,751 - Parsed config items:
cert-keypair:	cert/key/ICVSBContent.pem
cert-keypair-pwd:	cert/key/ICVSBContent.pwd
load-verify-scheme:	0
crypto-type:	0
aes-ce-id:	0
aes-enc-key:	cert/key/KCEICV.txt
images-table:	cert/Images.txt
nvcounter-val:	1
cert-pkg:	cert/ICVSBContent.crt
2026-02-09 07:03:53,751 - **** Creating Content Certificate ****
2026-02-09 07:03:53,764 - **** Certificate file (context) creation has been completed successfully ****
2026-02-09 07:03:57,190 - Content Certificate Generation Utility started (Logging to sb_content_cert.log)
2026-02-09 07:03:57,190 - Parsing config file: cert/cfg/ICVSBContent.cfg
2026-02-09 07:03:57,190 - Parsed config items:
cert-keypair:	cert/key/ICVSBContent.pem
cert-keypair-pwd:	cert/key/ICVSBContent.pwd
load-verify-scheme:	0
crypto-type:	0
aes-ce-id:	0
aes-enc-key:	cert/key/KCEICV.txt
images-table:	cert/Images.txt
nvcounter-val:	1
cert-pkg:	cert/ICVSBContent.crt
2026-02-09 07:03:57,190 - **** Creating Content Certificate ****
2026-02-09 07:03:57,209 - **** Certificate file (context) creation has been completed successfully ****
2026-02-09 07:14:07,484 - Content Certificate Generation Utility started (Logging to sb_content_cert.log)
2026-02-09 07:14:07,485 - Parsing config file: cert/cfg/ICVSBContent.cfg
2026-02-09 07:14:07,485 - Parsed config items:
cert-keypair:	cert/key/ICVSBContent.pem
cert-keypair-pwd:	cert/key/ICVSBContent.pwd
load-verify-scheme:	0
crypto-type:	0
aes-ce-id:	0
aes-enc-key:	cert/key/KCEICV.txt
images-table:	cert/Images.txt
nvcounter-val:	1
cert-pkg:	cert/ICVSBContent.crt
2026-02-09 07:14:07,485 - **** Creating Content Certificate ****
2026-02-09 07:14:07,504 - **** Certificate file (context) creation has been completed successfully ****
2026-02-09 07:14:10,745 - Content Certificate Generation Utility started (Logging to sb_content_cert.log)
2026-02-09 07:14:10,745 - Parsing config file: cert/cfg/ICVSBContent.cfg
2026-02-09 07:14:10,745 - Parsed config items:
cert-keypair:	cert/key/ICVSBContent.pem
cert-keypair-pwd:	cert/key/ICVSBContent.pwd
load-verify-scheme:	0
crypto-type:	0
aes-ce-id:	0
aes-enc-key:	cert/key/KCEICV.txt
images-table:	cert/Images.txt
nvcounter-val:	1
cert-pkg:	cert/ICVSBContent.crt
2026-02-09 07:14:10,745 - **** Creating Content Certificate ****
2026-02-09 07:14:10,766 - **** Certificate file (context) creation has been completed successfully ****
2026-02-09 07:14:13,982 - Content Certificate Generation Utility started (Logging to sb_content_cert.log)
2026-02-09 07:14:13,982 - Parsing config file: cert/cfg/ICVSBContent.cfg
2026-02-09 07:14:13,982 - Parsed config items:
cert-keypair:	cert/key/ICVSBContent.pem
cert-keypair-pwd:	cert/key/ICVSBContent.pwd
load-verify-scheme:	0
crypto-type:	0
aes-ce-id:	0
aes-enc-key:	cert/key/KCEICV.txt
images-table:	cert/Images.txt
nvcounter-val:	1
cert-pkg:	cert/ICVSBContent.crt
2026-02-09 07:14:13,982 - **** Creating Content Certificate ****
2026-02-09 07:14:13,997 - **** Certificate file (context) creation has been completed successfully ****
2026-02-09 07:14:17,115 - Content Certificate Generation Utility started (Logging to sb_content_cert.log)
2026-02-09 07:14:17,115 - Parsing config file: cert/cfg/ICVSBContent.cfg
2026-02-09 07:14:17,115 - Parsed config items:
cert-keypair:	cert/key/ICVSBContent.pem
cert-keypair-pwd:	cert/key/ICVSBContent.pwd
load-verify-scheme:	0
crypto-type:	0
aes-ce-id:	0
aes-enc-key:	cert/key/KCEICV.txt
images-table:	cert/Images.txt
nvcounter-val:	1
cert-pkg:	cert/ICVSBContent.crt
2026-02-09 07:14:17,115 - **** Creating Content Certificate ****
2026-02-09 07:14:17,129 - **** Certificate file (context) creation has been completed successfully ****
2026-02-09 07:14:20,687 - Content Certificate Generation Utility started (Logging to sb_content_cert.log)
2026-02-09 07:14:20,687 - Parsing config file: cert/cfg/ICVSBContent.cfg
2026-02-09 07:14:20,687 - Parsed config items:
cert-keypair:	cert/key/ICVSBContent.pem
cert-keypair-pwd:	cert/key/ICVSBContent.pwd
load-verify-scheme:	0
crypto-type:	0
aes-ce-id:	0
aes-enc-key:	cert/key/KCEICV.txt
images-table:	cert/Images.txt
nvcounter-val:	1
cert-pkg:	cert/ICVSBContent.crt
2026-02-09 07:14:20,687 - **** Creating Content Certificate ****
2026-02-09 07:14:20,701 - **** Certificate file (context) creation has been completed successfully ****
2026-02-09 07:14:23,943 - Content Certificate Generation Utility started (Logging to sb_content_cert.log)
2026-02-09 07:14:23,943 - Parsing config file: cert/cfg/ICVSBContent.cfg
2026-02-09 07:14:23,943 - Parsed config items:
cert-keypair:	cert/key/ICVSBContent.pem
cert-keypair-pwd:	cert/key/ICVSBContent.pwd
load-verify-scheme:	0
crypto-type:	0
aes-ce-id:	0
aes-enc-key:	cert/key/KCEICV.txt
images-table:	cert/Images.txt
nvcounter-val:	1
cert-pkg:	cert/ICVSBContent.crt
2026-02-09 07:14:23,943 - **** Creating Content Certificate ****
2026-02-09 07:14:23,958 - **** Certificate file (context) creation has been completed successfully ****
2026-02-09 07:16:05,406 - Content Certificate Generation Utility started (Logging to sb_content_cert.log)
2026-02-09 07:16:05,406 - Parsing config file: cert/cfg/ICVSBContent.cfg
2026-02-09 07:16:05,406 - Parsed config items:
cert-keypair:	cert/key/ICVSBContent.pem
cert-keypair-pwd:	cert/key/ICVSBContent.pwd
load-verify-scheme:	0
crypto-type:	0
aes-ce-id:	0
aes-enc-key:	cert/key/KCEICV.txt
images-table:	cert/Images.txt
nvcounter-val:	1
cert-pkg:	cert/ICVSBContent.crt
2026-02-09 07:16:05,406 - **** Creating Content Certificate ****
2026-02-09 07:16:05,420 - **** Certificate file (context) creation has been completed successfully ****
2026-02-09 07:16:09,001 - Content Certificate Generation Utility started (Logging to sb_content_cert.log)
2026-02-09 07:16:09,001 - Parsing config file: cert/cfg/ICVSBContent.cfg
2026-02-09 07:16:09,001 - Parsed config items:
cert-keypair:	cert/key/ICVSBContent.pem
cert-keypair-pwd:	cert/key/ICVSBContent.pwd
load-verify-scheme:	0
crypto-type:	0
aes-ce-id:	0
aes-enc-key:	cert/key/KCEICV.txt
images-table:	cert/Images.txt
nvcounter-val:	1
cert-pkg:	cert/ICVSBContent.crt
2026-02-09 07:16:09,001 - **** Creating Content Certificate ****
2026-02-09 07:16:09,015 - **** Certificate file (context) creation has been completed successfully ****
2026-02-09 07:16:12,381 - Content Certificate Generation Utility started (Logging to sb_content_cert.log)
2026-02-09 07:16:12,381 - Parsing config file: cert/cfg/ICVSBContent.cfg
2026-02-09 07:16:12,381 - Parsed config items:
cert-keypair:	cert/key/ICVSBContent.pem
cert-keypair-pwd:	cert/key/ICVSBContent.pwd
load-verify-scheme:	0
crypto-type:	0
aes-ce-id:	0
aes-enc-key:	cert/key/KCEICV.txt
images-table:	cert/Images.txt
nvcounter-val:	1
cert-pkg:	cert/ICVSBContent.crt
2026-02-09 07:16:12,381 - **** Creating Content Certificate ****
2026-02-09 07:16:12,395 - **** Certificate file (context) creation has been completed successfully ****
2026-02-09 07:16:15,930 - Content Certificate Generation Utility started (Logging to sb_content_cert.log)
2026-02-09 07:16:15,930 - Parsing config file: cert/cfg/ICVSBContent.cfg
2026-02-09 07:16:15,931 - Parsed config items:
cert-keypair:	cert/key/ICVSBContent.pem
cert-keypair-pwd:	cert/key/ICVSBContent.pwd
load-verify-scheme:	0
crypto-type:	0
aes-ce-id:	0
aes-enc-key:	cert/key/KCEICV.txt
images-table:	cert/Images.txt
nvcounter-val:	1
cert-pkg:	cert/ICVSBContent.crt
2026-02-09 07:16:15,931 - **** Creating Content Certificate ****
2026-02-09 07:16:15,948 - **** Certificate file (context) creation has been completed successfully ****
2026-02-09 07:16:20,013 - Content Certificate Generation Utility started (Logging to sb_content_cert.log)
2026-02-09 07:16:20,013 - Parsing config file: cert/cfg/ICVSBContent.cfg
2026-02-09 07:16:20,013 - Parsed config items:
cert-keypair:	cert/key/ICVSBContent.pem
cert-keypair-pwd:	cert/key/ICVSBContent.pwd
load-verify-scheme:	0
crypto-type:	0
aes-ce-id:	0
aes-enc-key:	cert/key/KCEICV.txt
images-table:	cert/Images.txt
nvcounter-val:	1
cert-pkg:	cert/ICVSBContent.crt
2026-02-09 07:16:20,013 - **** Creating Content Certificate ****
2026-02-09 07:16:20,026 - **** Certificate file (context) creation has been completed successfully ****
2026-02-09 07:16:23,508 - Content Certificate Generation Utility started (Logging to sb_content_cert.log)
2026-02-09 07:16:23,508 - Parsing config file: cert/cfg/ICVSBContent.cfg
2026-02-09 07:16:23,508 - Parsed config items:
cert-keypair:	cert/key/ICVSBContent.pem
cert-keypair-pwd:	cert/key/ICVSBContent.pwd
load-verify-scheme:	0
crypto-type:	0
aes-ce-id:	0
aes-enc-key:	cert/key/KCEICV.txt
images-table:	cert/Images.txt
nvcounter-val:	1
cert-pkg:	cert/ICVSBContent.crt
2026-02-09 07:16:23,509 - **** Creating Content Certificate ****
2026-02-09 07:16:23,524 - **** Certificate file (context) creation has been completed successfully ****
2026-02-09 09:01:45,405 - Content Certificate Generation Utility started (Logging to sb_content_cert.log)
2026-02-09 09:01:45,405 - Parsing config file: cert/cfg/ICVSBContent.cfg
2026-02-09 09:01:45,405 - Parsed config items:
cert-keypair:	cert/key/ICVSBContent.pem
cert-keypair-pwd:	cert/key/ICVSBContent.pwd
load-verify-scheme:	0
crypto-type:	0
aes-ce-id:	0
aes-enc-key:	cert/key/KCEICV.txt
images-table:	cert/Images.txt
nvcounter-val:	1
cert-pkg:	cert/ICVSBContent.crt
2026-02-09 09:01:45,406 - **** Creating Content Certificate ****
2026-02-09 09:01:45,419 - **** Certificate file (context) creation has been completed successfully ****
2026-02-09 09:01:51,985 - Content Certificate Generation Utility started (Logging to sb_content_cert.log)
2026-02-09 09:01:51,985 - Parsing config file: cert/cfg/ICVSBContent.cfg
2026-02-09 09:01:51,985 - Parsed config items:
cert-keypair:	cert/key/ICVSBContent.pem
cert-keypair-pwd:	cert/key/ICVSBContent.pwd
load-verify-scheme:	0
crypto-type:	0
aes-ce-id:	0
aes-enc-key:	cert/key/KCEICV.txt
images-table:	cert/Images.txt
nvcounter-val:	1
cert-pkg:	cert/ICVSBContent.crt
2026-02-09 09:01:51,985 - **** Creating Content Certificate ****
2026-02-09 09:01:52,003 - **** Certificate file (context) creation has been completed successfully ****
2026-02-09 09:01:56,832 - Content Certificate Generation Utility started (Logging to sb_content_cert.log)
2026-02-09 09:01:56,832 - Parsing config file: cert/cfg/ICVSBContent.cfg
2026-02-09 09:01:56,833 - Parsed config items:
cert-keypair:	cert/key/ICVSBContent.pem
cert-keypair-pwd:	cert/key/ICVSBContent.pwd
load-verify-scheme:	0
crypto-type:	0
aes-ce-id:	0
aes-enc-key:	cert/key/KCEICV.txt
images-table:	cert/Images.txt
nvcounter-val:	1
cert-pkg:	cert/ICVSBContent.crt
2026-02-09 09:01:56,833 - **** Creating Content Certificate ****
2026-02-09 09:01:56,850 - **** Certificate file (context) creation has been completed successfully ****
2026-02-09 09:02:01,544 - Content Certificate Generation Utility started (Logging to sb_content_cert.log)
2026-02-09 09:02:01,544 - Parsing config file: cert/cfg/ICVSBContent.cfg
2026-02-09 09:02:01,544 - Parsed config items:
cert-keypair:	cert/key/ICVSBContent.pem
cert-keypair-pwd:	cert/key/ICVSBContent.pwd
load-verify-scheme:	0
crypto-type:	0
aes-ce-id:	0
aes-enc-key:	cert/key/KCEICV.txt
images-table:	cert/Images.txt
nvcounter-val:	1
cert-pkg:	cert/ICVSBContent.crt
2026-02-09 09:02:01,544 - **** Creating Content Certificate ****
2026-02-09 09:02:01,559 - **** Certificate file (context) creation has been completed successfully ****
2026-02-09 09:02:06,911 - Content Certificate Generation Utility started (Logging to sb_content_cert.log)
2026-02-09 09:02:06,911 - Parsing config file: cert/cfg/ICVSBContent.cfg
2026-02-09 09:02:06,911 - Parsed config items:
cert-keypair:	cert/key/ICVSBContent.pem
cert-keypair-pwd:	cert/key/ICVSBContent.pwd
load-verify-scheme:	0
crypto-type:	0
aes-ce-id:	0
aes-enc-key:	cert/key/KCEICV.txt
images-table:	cert/Images.txt
nvcounter-val:	1
cert-pkg:	cert/ICVSBContent.crt
2026-02-09 09:02:06,911 - **** Creating Content Certificate ****
2026-02-09 09:02:06,925 - **** Certificate file (context) creation has been completed successfully ****
2026-02-09 09:02:11,455 - Content Certificate Generation Utility started (Logging to sb_content_cert.log)
2026-02-09 09:02:11,455 - Parsing config file: cert/cfg/ICVSBContent.cfg
2026-02-09 09:02:11,456 - Parsed config items:
cert-keypair:	cert/key/ICVSBContent.pem
cert-keypair-pwd:	cert/key/ICVSBContent.pwd
load-verify-scheme:	0
crypto-type:	0
aes-ce-id:	0
aes-enc-key:	cert/key/KCEICV.txt
images-table:	cert/Images.txt
nvcounter-val:	1
cert-pkg:	cert/ICVSBContent.crt
2026-02-09 09:02:11,456 - **** Creating Content Certificate ****
2026-02-09 09:02:11,472 - **** Certificate file (context) creation has been completed successfully ****
2026-02-09 09:16:19,325 - Content Certificate Generation Utility started (Logging to sb_content_cert.log)
2026-02-09 09:16:19,325 - Parsing config file: cert/cfg/ICVSBContent.cfg
2026-02-09 09:16:19,326 - Parsed config items:
cert-keypair:	cert/key/ICVSBContent.pem
cert-keypair-pwd:	cert/key/ICVSBContent.pwd
load-verify-scheme:	0
crypto-type:	0
aes-ce-id:	0
aes-enc-key:	cert/key/KCEICV.txt
images-table:	cert/Images.txt
nvcounter-val:	1
cert-pkg:	cert/ICVSBContent.crt
2026-02-09 09:16:19,326 - **** Creating Content Certificate ****
2026-02-09 09:16:19,340 - **** Certificate file (context) creation has been completed successfully ****
2026-02-09 09:16:30,671 - Content Certificate Generation Utility started (Logging to sb_content_cert.log)
2026-02-09 09:16:30,672 - Parsing config file: cert/cfg/ICVSBContent.cfg
2026-02-09 09:16:30,672 - Parsed config items:
cert-keypair:	cert/key/ICVSBContent.pem
cert-keypair-pwd:	cert/key/ICVSBContent.pwd
load-verify-scheme:	0
crypto-type:	0
aes-ce-id:	0
aes-enc-key:	cert/key/KCEICV.txt
images-table:	cert/Images.txt
nvcounter-val:	1
cert-pkg:	cert/ICVSBContent.crt
2026-02-09 09:16:30,672 - **** Creating Content Certificate ****
2026-02-09 09:16:30,687 - **** Certificate file (context) creation has been completed successfully ****
2026-02-09 09:16:46,956 - Content Certificate Generation Utility started (Logging to sb_content_cert.log)
2026-02-09 09:16:46,956 - Parsing config file: cert/cfg/ICVSBContent.cfg
2026-02-09 09:16:46,956 - Parsed config items:
cert-keypair:	cert/key/ICVSBContent.pem
cert-keypair-pwd:	cert/key/ICVSBContent.pwd
load-verify-scheme:	0
crypto-type:	0
aes-ce-id:	0
aes-enc-key:	cert/key/KCEICV.txt
images-table:	cert/Images.txt
nvcounter-val:	1
cert-pkg:	cert/ICVSBContent.crt
2026-02-09 09:16:46,956 - **** Creating Content Certificate ****
2026-02-09 09:16:46,973 - **** Certificate file (context) creation has been completed successfully ****
2026-02-09 09:17:08,823 - Content Certificate Generation Utility started (Logging to sb_content_cert.log)
2026-02-09 09:17:08,823 - Parsing config file: cert/cfg/ICVSBContent.cfg
2026-02-09 09:17:08,823 - Parsed config items:
cert-keypair:	cert/key/ICVSBContent.pem
cert-keypair-pwd:	cert/key/ICVSBContent.pwd
load-verify-scheme:	0
crypto-type:	0
aes-ce-id:	0
aes-enc-key:	cert/key/KCEICV.txt
images-table:	cert/Images.txt
nvcounter-val:	1
cert-pkg:	cert/ICVSBContent.crt
2026-02-09 09:17:08,823 - **** Creating Content Certificate ****
2026-02-09 09:17:08,841 - **** Certificate file (context) creation has been completed successfully ****
2026-02-09 09:17:31,827 - Content Certificate Generation Utility started (Logging to sb_content_cert.log)
2026-02-09 09:17:31,827 - Parsing config file: cert/cfg/ICVSBContent.cfg
2026-02-09 09:17:31,827 - Parsed config items:
cert-keypair:	cert/key/ICVSBContent.pem
cert-keypair-pwd:	cert/key/ICVSBContent.pwd
load-verify-scheme:	0
crypto-type:	0
aes-ce-id:	0
aes-enc-key:	cert/key/KCEICV.txt
images-table:	cert/Images.txt
nvcounter-val:	1
cert-pkg:	cert/ICVSBContent.crt
2026-02-09 09:17:31,827 - **** Creating Content Certificate ****
2026-02-09 09:17:31,841 - **** Certificate file (context) creation has been completed successfully ****
2026-02-09 09:17:32,023 - Content Certificate Generation Utility started (Logging to sb_content_cert.log)
2026-02-09 09:17:32,023 - Parsing config file: cert/cfg/ICVSBContent.cfg
2026-02-09 09:17:32,024 - Parsed config items:
cert-keypair:	cert/key/ICVSBContent.pem
cert-keypair-pwd:	cert/key/ICVSBContent.pwd
load-verify-scheme:	0
crypto-type:	0
aes-ce-id:	0
aes-enc-key:	cert/key/KCEICV.txt
images-table:	cert/Images.txt
nvcounter-val:	1
cert-pkg:	cert/ICVSBContent.crt
2026-02-09 09:17:32,024 - **** Creating Content Certificate ****
2026-02-09 09:17:32,037 - **** Certificate file (context) creation has been completed successfully ****
2026-02-09 09:17:48,159 - Content Certificate Generation Utility started (Logging to sb_content_cert.log)
2026-02-09 09:17:48,159 - Parsing config file: cert/cfg/ICVSBContent.cfg
2026-02-09 09:17:48,163 - Parsed config items:
cert-keypair:	cert/key/ICVSBContent.pem
cert-keypair-pwd:	cert/key/ICVSBContent.pwd
load-verify-scheme:	0
crypto-type:	0
aes-ce-id:	0
aes-enc-key:	cert/key/KCEICV.txt
images-table:	cert/Images.txt
nvcounter-val:	1
cert-pkg:	cert/ICVSBContent.crt
2026-02-09 09:17:48,164 - **** Creating Content Certificate ****
2026-02-09 09:17:48,178 - **** Certificate file (context) creation has been completed successfully ****
2026-02-09 09:17:48,326 - Content Certificate Generation Utility started (Logging to sb_content_cert.log)
2026-02-09 09:17:48,327 - Parsing config file: cert/cfg/ICVSBContent.cfg
2026-02-09 09:17:48,327 - Parsed config items:
cert-keypair:	cert/key/ICVSBContent.pem
cert-keypair-pwd:	cert/key/ICVSBContent.pwd
load-verify-scheme:	0
crypto-type:	0
aes-ce-id:	0
aes-enc-key:	cert/key/KCEICV.txt
images-table:	cert/Images.txt
nvcounter-val:	1
cert-pkg:	cert/ICVSBContent.crt
2026-02-09 09:17:48,327 - **** Creating Content Certificate ****
2026-02-09 09:17:48,340 - **** Certificate file (context) creation has been completed successfully ****
2026-02-09 09:18:03,381 - Content Certificate Generation Utility started (Logging to sb_content_cert.log)
2026-02-09 09:18:03,381 - Parsing config file: cert/cfg/ICVSBContent.cfg
2026-02-09 09:18:03,381 - Parsed config items:
cert-keypair:	cert/key/ICVSBContent.pem
cert-keypair-pwd:	cert/key/ICVSBContent.pwd
load-verify-scheme:	0
crypto-type:	0
aes-ce-id:	0
aes-enc-key:	cert/key/KCEICV.txt
images-table:	cert/Images.txt
nvcounter-val:	1
cert-pkg:	cert/ICVSBContent.crt
2026-02-09 09:18:03,382 - **** Creating Content Certificate ****
2026-02-09 09:18:03,399 - **** Certificate file (context) creation has been completed successfully ****
2026-02-09 09:18:15,042 - Content Certificate Generation Utility started (Logging to sb_content_cert.log)
2026-02-09 09:18:15,042 - Parsing config file: cert/cfg/ICVSBContent.cfg
2026-02-09 09:18:15,042 - Parsed config items:
cert-keypair:	cert/key/ICVSBContent.pem
cert-keypair-pwd:	cert/key/ICVSBContent.pwd
load-verify-scheme:	0
crypto-type:	0
aes-ce-id:	0
aes-enc-key:	cert/key/KCEICV.txt
images-table:	cert/Images.txt
nvcounter-val:	1
cert-pkg:	cert/ICVSBContent.crt
2026-02-09 09:18:15,042 - **** Creating Content Certificate ****
2026-02-09 09:18:15,059 - **** Certificate file (context) creation has been completed successfully ****
2026-02-09 09:18:30,638 - Content Certificate Generation Utility started (Logging to sb_content_cert.log)
2026-02-09 09:18:30,638 - Parsing config file: cert/cfg/ICVSBContent.cfg
2026-02-09 09:18:30,638 - Parsed config items:
cert-keypair:	cert/key/ICVSBContent.pem
cert-keypair-pwd:	cert/key/ICVSBContent.pwd
load-verify-scheme:	0
crypto-type:	0
aes-ce-id:	0
aes-enc-key:	cert/key/KCEICV.txt
images-table:	cert/Images.txt
nvcounter-val:	1
cert-pkg:	cert/ICVSBContent.crt
2026-02-09 09:18:30,638 - **** Creating Content Certificate ****
2026-02-09 09:18:30,651 - **** Certificate file (context) creation has been completed successfully ****
2026-02-09 09:18:39,500 - Content Certificate Generation Utility started (Logging to sb_content_cert.log)
2026-02-09 09:18:39,500 - Parsing config file: cert/cfg/ICVSBContent.cfg
2026-02-09 09:18:39,500 - Parsed config items:
cert-keypair:	cert/key/ICVSBContent.pem
cert-keypair-pwd:	cert/key/ICVSBContent.pwd
load-verify-scheme:	0
crypto-type:	0
aes-ce-id:	0
aes-enc-key:	cert/key/KCEICV.txt
images-table:	cert/Images.txt
nvcounter-val:	1
cert-pkg:	cert/ICVSBContent.crt
2026-02-09 09:18:39,500 - **** Creating Content Certificate ****
2026-02-09 09:18:39,517 - **** Certificate file (context) creation has been completed successfully ****
2026-02-09 09:54:05,459 - Content Certificate Generation Utility started (Logging to sb_content_cert.log)
2026-02-09 09:54:05,460 - Parsing config file: cert/cfg/ICVSBContent.cfg
2026-02-09 09:54:05,460 - Parsed config items:
cert-keypair:	cert/key/ICVSBContent.pem
cert-keypair-pwd:	cert/key/ICVSBContent.pwd
load-verify-scheme:	0
crypto-type:	0
aes-ce-id:	0
aes-enc-key:	cert/key/KCEICV.txt
images-table:	cert/Images.txt
nvcounter-val:	1
cert-pkg:	cert/ICVSBContent.crt
2026-02-09 09:54:05,460 - **** Creating Content Certificate ****
2026-02-09 09:54:05,476 - **** Certificate file (context) creation has been completed successfully ****
2026-02-09 09:54:12,493 - Content Certificate Generation Utility started (Logging to sb_content_cert.log)
2026-02-09 09:54:12,493 - Parsing config file: cert/cfg/ICVSBContent.cfg
2026-02-09 09:54:12,493 - Parsed config items:
cert-keypair:	cert/key/ICVSBContent.pem
cert-keypair-pwd:	cert/key/ICVSBContent.pwd
load-verify-scheme:	0
crypto-type:	0
aes-ce-id:	0
aes-enc-key:	cert/key/KCEICV.txt
images-table:	cert/Images.txt
nvcounter-val:	1
cert-pkg:	cert/ICVSBContent.crt
2026-02-09 09:54:12,493 - **** Creating Content Certificate ****
2026-02-09 09:54:12,507 - **** Certificate file (context) creation has been completed successfully ****
2026-02-09 09:54:20,694 - Content Certificate Generation Utility started (Logging to sb_content_cert.log)
2026-02-09 09:54:20,694 - Parsing config file: cert/cfg/ICVSBContent.cfg
2026-02-09 09:54:20,694 - Parsed config items:
cert-keypair:	cert/key/ICVSBContent.pem
cert-keypair-pwd:	cert/key/ICVSBContent.pwd
load-verify-scheme:	0
crypto-type:	0
aes-ce-id:	0
aes-enc-key:	cert/key/KCEICV.txt
images-table:	cert/Images.txt
nvcounter-val:	1
cert-pkg:	cert/ICVSBContent.crt
2026-02-09 09:54:20,694 - **** Creating Content Certificate ****
2026-02-09 09:54:20,714 - **** Certificate file (context) creation has been completed successfully ****
2026-02-09 09:54:25,288 - Content Certificate Generation Utility started (Logging to sb_content_cert.log)
2026-02-09 09:54:25,288 - Parsing config file: cert/cfg/ICVSBContent.cfg
2026-02-09 09:54:25,288 - Parsed config items:
cert-keypair:	cert/key/ICVSBContent.pem
cert-keypair-pwd:	cert/key/ICVSBContent.pwd
load-verify-scheme:	0
crypto-type:	0
aes-ce-id:	0
aes-enc-key:	cert/key/KCEICV.txt
images-table:	cert/Images.txt
nvcounter-val:	1
cert-pkg:	cert/ICVSBContent.crt
2026-02-09 09:54:25,289 - **** Creating Content Certificate ****
2026-02-09 09:54:25,302 - **** Certificate file (context) creation has been completed successfully ****
2026-02-09 09:54:30,855 - Content Certificate Generation Utility started (Logging to sb_content_cert.log)
2026-02-09 09:54:30,855 - Parsing config file: cert/cfg/ICVSBContent.cfg
2026-02-09 09:54:30,855 - Parsed config items:
cert-keypair:	cert/key/ICVSBContent.pem
cert-keypair-pwd:	cert/key/ICVSBContent.pwd
load-verify-scheme:	0
crypto-type:	0
aes-ce-id:	0
aes-enc-key:	cert/key/KCEICV.txt
images-table:	cert/Images.txt
nvcounter-val:	1
cert-pkg:	cert/ICVSBContent.crt
2026-02-09 09:54:30,855 - **** Creating Content Certificate ****
2026-02-09 09:54:30,874 - **** Certificate file (context) creation has been completed successfully ****
2026-02-09 09:54:35,044 - Content Certificate Generation Utility started (Logging to sb_content_cert.log)
2026-02-09 09:54:35,044 - Parsing config file: cert/cfg/ICVSBContent.cfg
2026-02-09 09:54:35,045 - Parsed config items:
cert-keypair:	cert/key/ICVSBContent.pem
cert-keypair-pwd:	cert/key/ICVSBContent.pwd
load-verify-scheme:	0
crypto-type:	0
aes-ce-id:	0
aes-enc-key:	cert/key/KCEICV.txt
images-table:	cert/Images.txt
nvcounter-val:	1
cert-pkg:	cert/ICVSBContent.crt
2026-02-09 09:54:35,045 - **** Creating Content Certificate ****
2026-02-09 09:54:35,065 - **** Certificate file (context) creation has been completed successfully ****
2026-02-09 10:36:13,901 - Content Certificate Generation Utility started (Logging to sb_content_cert.log)
2026-02-09 10:36:13,902 - Parsing config file: cert/cfg/ICVSBContent.cfg
2026-02-09 10:36:13,902 - Parsed config items:
cert-keypair:	cert/key/ICVSBContent.pem
cert-keypair-pwd:	cert/key/ICVSBContent.pwd
load-verify-scheme:	0
crypto-type:	0
aes-ce-id:	0
aes-enc-key:	cert/key/KCEICV.txt
images-table:	cert/Images.txt
nvcounter-val:	1
cert-pkg:	cert/ICVSBContent.crt
2026-02-09 10:36:13,902 - **** Creating Content Certificate ****
2026-02-09 10:36:13,916 - **** Certificate file (context) creation has been completed successfully ****
2026-02-09 10:36:18,965 - Content Certificate Generation Utility started (Logging to sb_content_cert.log)
2026-02-09 10:36:18,965 - Parsing config file: cert/cfg/ICVSBContent.cfg
2026-02-09 10:36:18,965 - Parsed config items:
cert-keypair:	cert/key/ICVSBContent.pem
cert-keypair-pwd:	cert/key/ICVSBContent.pwd
load-verify-scheme:	0
crypto-type:	0
aes-ce-id:	0
aes-enc-key:	cert/key/KCEICV.txt
images-table:	cert/Images.txt
nvcounter-val:	1
cert-pkg:	cert/ICVSBContent.crt
2026-02-09 10:36:18,965 - **** Creating Content Certificate ****
2026-02-09 10:36:18,979 - **** Certificate file (context) creation has been completed successfully ****
2026-02-09 10:36:23,408 - Content Certificate Generation Utility started (Logging to sb_content_cert.log)
2026-02-09 10:36:23,409 - Parsing config file: cert/cfg/ICVSBContent.cfg
2026-02-09 10:36:23,409 - Parsed config items:
cert-keypair:	cert/key/ICVSBContent.pem
cert-keypair-pwd:	cert/key/ICVSBContent.pwd
load-verify-scheme:	0
crypto-type:	0
aes-ce-id:	0
aes-enc-key:	cert/key/KCEICV.txt
images-table:	cert/Images.txt
nvcounter-val:	1
cert-pkg:	cert/ICVSBContent.crt
2026-02-09 10:36:23,409 - **** Creating Content Certificate ****
2026-02-09 10:36:23,425 - **** Certificate file (context) creation has been completed successfully ****
2026-02-09 10:36:27,780 - Content Certificate Generation Utility started (Logging to sb_content_cert.log)
2026-02-09 10:36:27,780 - Parsing config file: cert/cfg/ICVSBContent.cfg
2026-02-09 10:36:27,780 - Parsed config items:
cert-keypair:	cert/key/ICVSBContent.pem
cert-keypair-pwd:	cert/key/ICVSBContent.pwd
load-verify-scheme:	0
crypto-type:	0
aes-ce-id:	0
aes-enc-key:	cert/key/KCEICV.txt
images-table:	cert/Images.txt
nvcounter-val:	1
cert-pkg:	cert/ICVSBContent.crt
2026-02-09 10:36:27,780 - **** Creating Content Certificate ****
2026-02-09 10:36:27,794 - **** Certificate file (context) creation has been completed successfully ****
2026-02-09 10:36:32,051 - Content Certificate Generation Utility started (Logging to sb_content_cert.log)
2026-02-09 10:36:32,051 - Parsing config file: cert/cfg/ICVSBContent.cfg
2026-02-09 10:36:32,052 - Parsed config items:
cert-keypair:	cert/key/ICVSBContent.pem
cert-keypair-pwd:	cert/key/ICVSBContent.pwd
load-verify-scheme:	0
crypto-type:	0
aes-ce-id:	0
aes-enc-key:	cert/key/KCEICV.txt
images-table:	cert/Images.txt
nvcounter-val:	1
cert-pkg:	cert/ICVSBContent.crt
2026-02-09 10:36:32,052 - **** Creating Content Certificate ****
2026-02-09 10:36:32,066 - **** Certificate file (context) creation has been completed successfully ****
2026-02-09 10:36:35,973 - Content Certificate Generation Utility started (Logging to sb_content_cert.log)
2026-02-09 10:36:35,973 - Parsing config file: cert/cfg/ICVSBContent.cfg
2026-02-09 10:36:35,973 - Parsed config items:
cert-keypair:	cert/key/ICVSBContent.pem
cert-keypair-pwd:	cert/key/ICVSBContent.pwd
load-verify-scheme:	0
crypto-type:	0
aes-ce-id:	0
aes-enc-key:	cert/key/KCEICV.txt
images-table:	cert/Images.txt
nvcounter-val:	1
cert-pkg:	cert/ICVSBContent.crt
2026-02-09 10:36:35,973 - **** Creating Content Certificate ****
2026-02-09 10:36:35,990 - **** Certificate file (context) creation has been completed successfully ****
2026-02-10 10:27:42,299 - Content Certificate Generation Utility started (Logging to sb_content_cert.log)
2026-02-10 10:27:42,299 - Parsing config file: cert/cfg/ICVSBContent.cfg
2026-02-10 10:27:42,299 - Parsed config items:
cert-keypair:	cert/key/ICVSBContent.pem
cert-keypair-pwd:	cert/key/ICVSBContent.pwd
load-verify-scheme:	0
crypto-type:	0
aes-ce-id:	0
aes-enc-key:	cert/key/KCEICV.txt
images-table:	cert/Images.txt
nvcounter-val:	1
cert-pkg:	cert/ICVSBContent.crt
2026-02-10 10:27:42,299 - **** Creating Content Certificate ****
2026-02-10 10:27:42,315 - **** Certificate file (context) creation has been completed successfully ****
2026-02-10 10:27:45,517 - Content Certificate Generation Utility started (Logging to sb_content_cert.log)
2026-02-10 10:27:45,517 - Parsing config file: cert/cfg/ICVSBContent.cfg
2026-02-10 10:27:45,517 - Parsed config items:
cert-keypair:	cert/key/ICVSBContent.pem
cert-keypair-pwd:	cert/key/ICVSBContent.pwd
load-verify-scheme:	0
crypto-type:	0
aes-ce-id:	0
aes-enc-key:	cert/key/KCEICV.txt
images-table:	cert/Images.txt
nvcounter-val:	1
cert-pkg:	cert/ICVSBContent.crt
2026-02-10 10:27:45,517 - **** Creating Content Certificate ****
2026-02-10 10:27:45,535 - **** Certificate file (context) creation has been completed successfully ****
2026-02-10 10:27:49,087 - Content Certificate Generation Utility started (Logging to sb_content_cert.log)
2026-02-10 10:27:49,087 - Parsing config file: cert/cfg/ICVSBContent.cfg
2026-02-10 10:27:49,087 - Parsed config items:
cert-keypair:	cert/key/ICVSBContent.pem
cert-keypair-pwd:	cert/key/ICVSBContent.pwd
load-verify-scheme:	0
crypto-type:	0
aes-ce-id:	0
aes-enc-key:	cert/key/KCEICV.txt
images-table:	cert/Images.txt
nvcounter-val:	1
cert-pkg:	cert/ICVSBContent.crt
2026-02-10 10:27:49,087 - **** Creating Content Certificate ****
2026-02-10 10:27:49,102 - **** Certificate file (context) creation has been completed successfully ****
2026-02-10 10:27:52,322 - Content Certificate Generation Utility started (Logging to sb_content_cert.log)
2026-02-10 10:27:52,323 - Parsing config file: cert/cfg/ICVSBContent.cfg
2026-02-10 10:27:52,323 - Parsed config items:
cert-keypair:	cert/key/ICVSBContent.pem
cert-keypair-pwd:	cert/key/ICVSBContent.pwd
load-verify-scheme:	0
crypto-type:	0
aes-ce-id:	0
aes-enc-key:	cert/key/KCEICV.txt
images-table:	cert/Images.txt
nvcounter-val:	1
cert-pkg:	cert/ICVSBContent.crt
2026-02-10 10:27:52,323 - **** Creating Content Certificate ****
2026-02-10 10:27:52,337 - **** Certificate file (context) creation has been completed successfully ****
2026-02-10 10:27:56,147 - Content Certificate Generation Utility started (Logging to sb_content_cert.log)
2026-02-10 10:27:56,147 - Parsing config file: cert/cfg/ICVSBContent.cfg
2026-02-10 10:27:56,150 - Parsed config items:
cert-keypair:	cert/key/ICVSBContent.pem
cert-keypair-pwd:	cert/key/ICVSBContent.pwd
load-verify-scheme:	0
crypto-type:	0
aes-ce-id:	0
aes-enc-key:	cert/key/KCEICV.txt
images-table:	cert/Images.txt
nvcounter-val:	1
cert-pkg:	cert/ICVSBContent.crt
2026-02-10 10:27:56,150 - **** Creating Content Certificate ****
2026-02-10 10:27:56,205 - **** Certificate file (context) creation has been completed successfully ****
2026-02-10 10:28:00,204 - Content Certificate Generation Utility started (Logging to sb_content_cert.log)
2026-02-10 10:28:00,204 - Parsing config file: cert/cfg/ICVSBContent.cfg
2026-02-10 10:28:00,204 - Parsed config items:
cert-keypair:	cert/key/ICVSBContent.pem
cert-keypair-pwd:	cert/key/ICVSBContent.pwd
load-verify-scheme:	0
crypto-type:	0
aes-ce-id:	0
aes-enc-key:	cert/key/KCEICV.txt
images-table:	cert/Images.txt
nvcounter-val:	1
cert-pkg:	cert/ICVSBContent.crt
2026-02-10 10:28:00,204 - **** Creating Content Certificate ****
2026-02-10 10:28:00,217 - **** Certificate file (context) creation has been completed successfully ****
2026-02-10 10:59:17,951 - Content Certificate Generation Utility started (Logging to sb_content_cert.log)
2026-02-10 10:59:17,952 - Parsing config file: cert/cfg/ICVSBContent.cfg
2026-02-10 10:59:17,952 - Parsed config items:
cert-keypair:	cert/key/ICVSBContent.pem
cert-keypair-pwd:	cert/key/ICVSBContent.pwd
load-verify-scheme:	0
crypto-type:	0
aes-ce-id:	0
aes-enc-key:	cert/key/KCEICV.txt
images-table:	cert/Images.txt
nvcounter-val:	1
cert-pkg:	cert/ICVSBContent.crt
2026-02-10 10:59:17,952 - **** Creating Content Certificate ****
2026-02-10 10:59:17,970 - **** Certificate file (context) creation has been completed successfully ****
2026-02-10 10:59:22,098 - Content Certificate Generation Utility started (Logging to sb_content_cert.log)
2026-02-10 10:59:22,098 - Parsing config file: cert/cfg/ICVSBContent.cfg
2026-02-10 10:59:22,098 - Parsed config items:
cert-keypair:	cert/key/ICVSBContent.pem
cert-keypair-pwd:	cert/key/ICVSBContent.pwd
load-verify-scheme:	0
crypto-type:	0
aes-ce-id:	0
aes-enc-key:	cert/key/KCEICV.txt
images-table:	cert/Images.txt
nvcounter-val:	1
cert-pkg:	cert/ICVSBContent.crt
2026-02-10 10:59:22,098 - **** Creating Content Certificate ****
2026-02-10 10:59:22,119 - **** Certificate file (context) creation has been completed successfully ****
2026-02-10 10:59:26,214 - Content Certificate Generation Utility started (Logging to sb_content_cert.log)
2026-02-10 10:59:26,215 - Parsing config file: cert/cfg/ICVSBContent.cfg
2026-02-10 10:59:26,215 - Parsed config items:
cert-keypair:	cert/key/ICVSBContent.pem
cert-keypair-pwd:	cert/key/ICVSBContent.pwd
load-verify-scheme:	0
crypto-type:	0
aes-ce-id:	0
aes-enc-key:	cert/key/KCEICV.txt
images-table:	cert/Images.txt
nvcounter-val:	1
cert-pkg:	cert/ICVSBContent.crt
2026-02-10 10:59:26,215 - **** Creating Content Certificate ****
2026-02-10 10:59:26,232 - **** Certificate file (context) creation has been completed successfully ****
2026-02-10 10:59:30,193 - Content Certificate Generation Utility started (Logging to sb_content_cert.log)
2026-02-10 10:59:30,193 - Parsing config file: cert/cfg/ICVSBContent.cfg
2026-02-10 10:59:30,193 - Parsed config items:
cert-keypair:	cert/key/ICVSBContent.pem
cert-keypair-pwd:	cert/key/ICVSBContent.pwd
load-verify-scheme:	0
crypto-type:	0
aes-ce-id:	0
aes-enc-key:	cert/key/KCEICV.txt
images-table:	cert/Images.txt
nvcounter-val:	1
cert-pkg:	cert/ICVSBContent.crt
2026-02-10 10:59:30,193 - **** Creating Content Certificate ****
2026-02-10 10:59:30,211 - **** Certificate file (context) creation has been completed successfully ****
2026-02-10 10:59:35,153 - Content Certificate Generation Utility started (Logging to sb_content_cert.log)
2026-02-10 10:59:35,153 - Parsing config file: cert/cfg/ICVSBContent.cfg
2026-02-10 10:59:35,153 - Parsed config items:
cert-keypair:	cert/key/ICVSBContent.pem
cert-keypair-pwd:	cert/key/ICVSBContent.pwd
load-verify-scheme:	0
crypto-type:	0
aes-ce-id:	0
aes-enc-key:	cert/key/KCEICV.txt
images-table:	cert/Images.txt
nvcounter-val:	1
cert-pkg:	cert/ICVSBContent.crt
2026-02-10 10:59:35,153 - **** Creating Content Certificate ****
2026-02-10 10:59:35,172 - **** Certificate file (context) creation has been completed successfully ****
2026-02-10 10:59:40,454 - Content Certificate Generation Utility started (Logging to sb_content_cert.log)
2026-02-10 10:59:40,454 - Parsing config file: cert/cfg/ICVSBContent.cfg
2026-02-10 10:59:40,455 - Parsed config items:
cert-keypair:	cert/key/ICVSBContent.pem
cert-keypair-pwd:	cert/key/ICVSBContent.pwd
load-verify-scheme:	0
crypto-type:	0
aes-ce-id:	0
aes-enc-key:	cert/key/KCEICV.txt
images-table:	cert/Images.txt
nvcounter-val:	1
cert-pkg:	cert/ICVSBContent.crt
2026-02-10 10:59:40,455 - **** Creating Content Certificate ****
2026-02-10 10:59:40,476 - **** Certificate file (context) creation has been completed successfully ****
